source_system,code_set_name,code_value,normalized_value,description,first_seen_test_id,seen_count,observed_test_count,source_endpoint_name,source_field_path,entity_type,derived_field_name,code_set_source
nhtsa_crash,asset_kind,data_package,DATA_PACKAGE,Derived dictionary value; rebuildable from canonical tables.,1,19222,3856,media_assets,media_assets.asset_kind,media_assets,asset_kind,derived_rebuildable_code_values
nhtsa_crash,asset_kind,other,OTHER,Derived dictionary value; rebuildable from canonical tables.,5,1010,523,media_assets,media_assets.asset_kind,media_assets,asset_kind,derived_rebuildable_code_values
nhtsa_crash,asset_kind,photo,PHOTO,Derived dictionary value; rebuildable from canonical tables.,1,228448,3038,media_assets,media_assets.asset_kind,media_assets,asset_kind,derived_rebuildable_code_values
nhtsa_crash,asset_kind,report,REPORT,Derived dictionary value; rebuildable from canonical tables.,1,3835,3052,media_assets,media_assets.asset_kind,media_assets,asset_kind,derived_rebuildable_code_values
nhtsa_crash,asset_kind,video,VIDEO,Derived dictionary value; rebuildable from canonical tables.,1,37306,3249,media_assets,media_assets.asset_kind,media_assets,asset_kind,derived_rebuildable_code_values
nhtsa_crash,asset_subtype,ABF,ABF,Derived dictionary value; rebuildable from canonical tables.,1,3854,3854,media_assets,media_assets.asset_subtype,media_assets,asset_subtype,derived_rebuildable_code_values
nhtsa_crash,asset_subtype,EV,EV,Derived dictionary value; rebuildable from canonical tables.,1,3861,3854,media_assets,media_assets.asset_subtype,media_assets,asset_subtype,derived_rebuildable_code_values
nhtsa_crash,asset_subtype,ISO,ISO,Derived dictionary value; rebuildable from canonical tables.,1,3856,3854,media_assets,media_assets.asset_subtype,media_assets,asset_subtype,derived_rebuildable_code_values
nhtsa_crash,asset_subtype,PDF,PDF,Derived dictionary value; rebuildable from canonical tables.,1,3835,3052,media_assets,media_assets.asset_subtype,media_assets,asset_subtype,derived_rebuildable_code_values
nhtsa_crash,asset_subtype,TDMS,TDMS,Derived dictionary value; rebuildable from canonical tables.,1,3802,3802,media_assets,media_assets.asset_subtype,media_assets,asset_subtype,derived_rebuildable_code_values
nhtsa_crash,asset_subtype,UDS,UDS,Derived dictionary value; rebuildable from canonical tables.,1,3854,3854,media_assets,media_assets.asset_subtype,media_assets,asset_subtype,derived_rebuildable_code_values
nhtsa_crash,asset_subtype,UNKNOWN,UNKNOWN,Derived dictionary value; rebuildable from canonical tables.,1,266755,3286,media_assets,media_assets.asset_subtype,media_assets,asset_subtype,derived_rebuildable_code_values
nhtsa_crash,asset_subtype,ZIP,ZIP,Derived dictionary value; rebuildable from canonical tables.,3565,4,4,media_assets,media_assets.asset_subtype,media_assets,asset_subtype,derived_rebuildable_code_values
nhtsa_crash,barrier_rigidity,DEFORMABLE,DEFORMABLE,Derived dictionary value; rebuildable from canonical tables.,212,4,4,barrier_info,$.results[*].rigidOrDeformableBarrier,barriers,rigidity,derived_rebuildable_code_values
nhtsa_crash,barrier_rigidity,RIGID,RIGID,Derived dictionary value; rebuildable from canonical tables.,1,1405,1405,barrier_info,$.results[*].rigidOrDeformableBarrier,barriers,rigidity,derived_rebuildable_code_values
nhtsa_crash,barrier_shape,8 X 16 + 6 LOAD CELL BARRIER,8_X_16_+_6_LOAD_CELL_BARRIER,Derived dictionary value; rebuildable from canonical tables.,1,47,47,barrier_info,$.results[*].barrierShape,barriers,shape,derived_rebuildable_code_values
nhtsa_crash,barrier_shape,8 X 16 LOAD CELL BARRIER,8_X_16_LOAD_CELL_BARRIER,Derived dictionary value; rebuildable from canonical tables.,730,7,7,barrier_info,$.results[*].barrierShape,barriers,shape,derived_rebuildable_code_values
nhtsa_crash,barrier_shape,9X16 LOAD CELL BARRIER WITH MOMENTS,9X16_LOAD_CELL_BARRIER_WITH_MOMENTS,Derived dictionary value; rebuildable from canonical tables.,2317,1,1,barrier_info,$.results[*].barrierShape,barriers,shape,derived_rebuildable_code_values
nhtsa_crash,barrier_shape,EEVC OFFSET BARRIER,EEVC_OFFSET_BARRIER,Derived dictionary value; rebuildable from canonical tables.,212,1,1,barrier_info,$.results[*].barrierShape,barriers,shape,derived_rebuildable_code_values
nhtsa_crash,barrier_shape,FLAT ANGLED BARRIER,FLAT_ANGLED_BARRIER,Derived dictionary value; rebuildable from canonical tables.,60,25,25,barrier_info,$.results[*].barrierShape,barriers,shape,derived_rebuildable_code_values
nhtsa_crash,barrier_shape,FLAT BARRIER,FLAT_BARRIER,Derived dictionary value; rebuildable from canonical tables.,55,121,121,barrier_info,$.results[*].barrierShape,barriers,shape,derived_rebuildable_code_values
nhtsa_crash,barrier_shape,LOAD CELL BARRIER,LOAD_CELL_BARRIER,Derived dictionary value; rebuildable from canonical tables.,10,494,494,barrier_info,$.results[*].barrierShape,barriers,shape,derived_rebuildable_code_values
nhtsa_crash,barrier_shape,OTHER,OTHER,Derived dictionary value; rebuildable from canonical tables.,124,12,12,barrier_info,$.results[*].barrierShape,barriers,shape,derived_rebuildable_code_values
nhtsa_crash,barrier_shape,POLE,POLE,Derived dictionary value; rebuildable from canonical tables.,2,622,622,barrier_info,$.results[*].barrierShape,barriers,shape,derived_rebuildable_code_values
nhtsa_crash,barrier_shape,UNKNOWN,UNKNOWN,Derived dictionary value; rebuildable from canonical tables.,62,79,79,barrier_info,$.results[*].barrierShape,barriers,shape,derived_rebuildable_code_values
nhtsa_crash,channel_status,PRIMARY,PRIMARY,Derived dictionary value; rebuildable from canonical tables.,1,452066,3856,instrumentation_info,$.results[*].channelStatus,instrumentation_channels,channel_status,derived_rebuildable_code_values
nhtsa_crash,channel_status,REDUNDANT,REDUNDANT,Derived dictionary value; rebuildable from canonical tables.,1,17956,2303,instrumentation_info,$.results[*].channelStatus,instrumentation_channels,channel_status,derived_rebuildable_code_values
nhtsa_crash,channel_status,SUBSTITUTE,SUBSTITUTE,Derived dictionary value; rebuildable from canonical tables.,721,1,1,instrumentation_info,$.results[*].channelStatus,instrumentation_channels,channel_status,derived_rebuildable_code_values
nhtsa_crash,channel_status,SUBSTITUTE R,SUBSTITUTE_R,Derived dictionary value; rebuildable from canonical tables.,418,19,18,instrumentation_info,$.results[*].channelStatus,instrumentation_channels,channel_status,derived_rebuildable_code_values
nhtsa_crash,classification_status,classified,CLASSIFIED,Derived dictionary value; rebuildable from canonical tables.,1,3882,3882,test_classification,test_classification.classification_status,test_classification,classification_status,derived_rebuildable_code_values
nhtsa_crash,classification_status,needs_review,NEEDS_REVIEW,Derived dictionary value; rebuildable from canonical tables.,2190,9,9,test_classification,test_classification.classification_status,test_classification,classification_status,derived_rebuildable_code_values
nhtsa_crash,data_measurement_unit,AMPERES,AMPERES,Derived dictionary value; rebuildable from canonical tables.,43,2418,546,instrumentation_info,$.results[*].dataMeasurementUnits,instrumentation_channels,unit_raw,derived_rebuildable_code_values
nhtsa_crash,data_measurement_unit,DECIBELS,DECIBELS,Derived dictionary value; rebuildable from canonical tables.,551,42,1,instrumentation_info,$.results[*].dataMeasurementUnits,instrumentation_channels,unit_raw,derived_rebuildable_code_values
nhtsa_crash,data_measurement_unit,DEGREES,DEGREES,Derived dictionary value; rebuildable from canonical tables.,34,7484,344,instrumentation_info,$.results[*].dataMeasurementUnits,instrumentation_channels,unit_raw,derived_rebuildable_code_values
nhtsa_crash,data_measurement_unit,DEGREES/SEC,DEGREES_SEC,Derived dictionary value; rebuildable from canonical tables.,2,11828,1718,instrumentation_info,$.results[*].dataMeasurementUnits,instrumentation_channels,unit_raw,derived_rebuildable_code_values
nhtsa_crash,data_measurement_unit,DEGREES/SEC**2,DEGREES_SEC**2,Derived dictionary value; rebuildable from canonical tables.,803,18,3,instrumentation_info,$.results[*].dataMeasurementUnits,instrumentation_channels,unit_raw,derived_rebuildable_code_values
nhtsa_crash,data_measurement_unit,DIMENSIONLESS,DIMENSIONLESS,Derived dictionary value; rebuildable from canonical tables.,2036,45,19,instrumentation_info,$.results[*].dataMeasurementUnits,instrumentation_channels,unit_raw,derived_rebuildable_code_values
nhtsa_crash,data_measurement_unit,FEET,FEET,Derived dictionary value; rebuildable from canonical tables.,513,42,1,instrumentation_info,$.results[*].dataMeasurementUnits,instrumentation_channels,unit_raw,derived_rebuildable_code_values
nhtsa_crash,data_measurement_unit,G'S,G'S,Derived dictionary value; rebuildable from canonical tables.,1,113638,3788,instrumentation_info,$.results[*].dataMeasurementUnits,instrumentation_channels,unit_raw,derived_rebuildable_code_values
nhtsa_crash,data_measurement_unit,KILOMETERS/HOUR,KILOMETERS_HOUR,Derived dictionary value; rebuildable from canonical tables.,124,3,1,instrumentation_info,$.results[*].dataMeasurementUnits,instrumentation_channels,unit_raw,derived_rebuildable_code_values
nhtsa_crash,data_measurement_unit,METERS,METERS,Derived dictionary value; rebuildable from canonical tables.,21,3160,77,instrumentation_info,$.results[*].dataMeasurementUnits,instrumentation_channels,unit_raw,derived_rebuildable_code_values
nhtsa_crash,data_measurement_unit,METERS/SEC**2,METERS_SEC**2,Derived dictionary value; rebuildable from canonical tables.,21,1908,52,instrumentation_info,$.results[*].dataMeasurementUnits,instrumentation_channels,unit_raw,derived_rebuildable_code_values
nhtsa_crash,data_measurement_unit,METERS/SECOND,METERS_SECOND,Derived dictionary value; rebuildable from canonical tables.,21,4642,265,instrumentation_info,$.results[*].dataMeasurementUnits,instrumentation_channels,unit_raw,derived_rebuildable_code_values
nhtsa_crash,data_measurement_unit,MILES/HOUR,MILES_HOUR,Derived dictionary value; rebuildable from canonical tables.,513,96,13,instrumentation_info,$.results[*].dataMeasurementUnits,instrumentation_channels,unit_raw,derived_rebuildable_code_values
nhtsa_crash,data_measurement_unit,MILLIMETERS,MILLIMETERS,Derived dictionary value; rebuildable from canonical tables.,1,28534,3171,instrumentation_info,$.results[*].dataMeasurementUnits,instrumentation_channels,unit_raw,derived_rebuildable_code_values
nhtsa_crash,data_measurement_unit,NEWTON,NEWTON,Derived dictionary value; rebuildable from canonical tables.,2036,38,19,instrumentation_info,$.results[*].dataMeasurementUnits,instrumentation_channels,unit_raw,derived_rebuildable_code_values
nhtsa_crash,data_measurement_unit,NEWTONS,NEWTONS,Derived dictionary value; rebuildable from canonical tables.,1,136568,3536,instrumentation_info,$.results[*].dataMeasurementUnits,instrumentation_channels,unit_raw,derived_rebuildable_code_values
nhtsa_crash,data_measurement_unit,NEWTON-METERS,NEWTON_METERS,Derived dictionary value; rebuildable from canonical tables.,1,142235,2329,instrumentation_info,$.results[*].dataMeasurementUnits,instrumentation_channels,unit_raw,derived_rebuildable_code_values
nhtsa_crash,data_measurement_unit,Normalized to MAX,NORMALIZED_TO_MAX,Derived dictionary value; rebuildable from canonical tables.,1112,2754,29,instrumentation_info,$.results[*].dataMeasurementUnits,instrumentation_channels,unit_raw,derived_rebuildable_code_values
nhtsa_crash,data_measurement_unit,OTHER,OTHER,Derived dictionary value; rebuildable from canonical tables.,21,4348,172,instrumentation_info,$.results[*].dataMeasurementUnits,instrumentation_channels,unit_raw,derived_rebuildable_code_values
nhtsa_crash,data_measurement_unit,PERCENT STRAIN,PERCENT_STRAIN,Derived dictionary value; rebuildable from canonical tables.,34,168,29,instrumentation_info,$.results[*].dataMeasurementUnits,instrumentation_channels,unit_raw,derived_rebuildable_code_values
nhtsa_crash,data_measurement_unit,POUNDS,POUNDS,Derived dictionary value; rebuildable from canonical tables.,124,168,7,instrumentation_info,$.results[*].dataMeasurementUnits,instrumentation_channels,unit_raw,derived_rebuildable_code_values
nhtsa_crash,data_measurement_unit,POUNDS/IN**2,POUNDS_IN**2,Derived dictionary value; rebuildable from canonical tables.,823,407,142,instrumentation_info,$.results[*].dataMeasurementUnits,instrumentation_channels,unit_raw,derived_rebuildable_code_values
nhtsa_crash,data_measurement_unit,RADIANS/SEC,RADIANS_SEC,Derived dictionary value; rebuildable from canonical tables.,34,288,68,instrumentation_info,$.results[*].dataMeasurementUnits,instrumentation_channels,unit_raw,derived_rebuildable_code_values
nhtsa_crash,data_measurement_unit,RADIANS/SEC**2,RADIANS_SEC**2,Derived dictionary value; rebuildable from canonical tables.,34,402,96,instrumentation_info,$.results[*].dataMeasurementUnits,instrumentation_channels,unit_raw,derived_rebuildable_code_values
nhtsa_crash,data_measurement_unit,RECIPROCAL MM,RECIPROCAL_MM,Derived dictionary value; rebuildable from canonical tables.,137,1736,32,instrumentation_info,$.results[*].dataMeasurementUnits,instrumentation_channels,unit_raw,derived_rebuildable_code_values
nhtsa_crash,data_measurement_unit,SECONDS,SECONDS,Derived dictionary value; rebuildable from canonical tables.,5,613,603,instrumentation_info,$.results[*].dataMeasurementUnits,instrumentation_channels,unit_raw,derived_rebuildable_code_values
nhtsa_crash,data_measurement_unit,UNKNOWN,UNKNOWN,Derived dictionary value; rebuildable from canonical tables.,127,7,2,instrumentation_info,$.results[*].dataMeasurementUnits,instrumentation_channels,unit_raw,derived_rebuildable_code_values
nhtsa_crash,data_measurement_unit,VOLTS,VOLTS,Derived dictionary value; rebuildable from canonical tables.,2,6845,1953,instrumentation_info,$.results[*].dataMeasurementUnits,instrumentation_channels,unit_raw,derived_rebuildable_code_values
nhtsa_crash,data_status,AS MEASURED,AS_MEASURED,Derived dictionary value; rebuildable from canonical tables.,1,440769,3865,instrumentation_info,$.results[*].dataStatus,instrumentation_channels,data_status,derived_rebuildable_code_values
nhtsa_crash,data_status,CHANNEL FAILED,CHANNEL_FAILED,Derived dictionary value; rebuildable from canonical tables.,2,4541,1305,instrumentation_info,$.results[*].dataStatus,instrumentation_channels,data_status,derived_rebuildable_code_values
nhtsa_crash,data_status,COMPUTED,COMPUTED,Derived dictionary value; rebuildable from canonical tables.,2,16042,839,instrumentation_info,$.results[*].dataStatus,instrumentation_channels,data_status,derived_rebuildable_code_values
nhtsa_crash,data_status,COMPUTED WITH QUESTIONABLE DATA,COMPUTED_WITH_QUESTIONABLE_DATA,Derived dictionary value; rebuildable from canonical tables.,1744,630,44,instrumentation_info,$.results[*].dataStatus,instrumentation_channels,data_status,derived_rebuildable_code_values
nhtsa_crash,data_status,MEANINGLESS,MEANINGLESS,Derived dictionary value; rebuildable from canonical tables.,16,64,24,instrumentation_info,$.results[*].dataStatus,instrumentation_channels,data_status,derived_rebuildable_code_values
nhtsa_crash,data_status,NO DATA,NO_DATA,Derived dictionary value; rebuildable from canonical tables.,1,2499,637,instrumentation_info,$.results[*].dataStatus,instrumentation_channels,data_status,derived_rebuildable_code_values
nhtsa_crash,data_status,QUESTIONABLE DATA,QUESTIONABLE_DATA,Derived dictionary value; rebuildable from canonical tables.,1,5796,1259,instrumentation_info,$.results[*].dataStatus,instrumentation_channels,data_status,derived_rebuildable_code_values
nhtsa_crash,data_status,SYSTEM FAILED,SYSTEM_FAILED,Derived dictionary value; rebuildable from canonical tables.,3151,48,2,instrumentation_info,$.results[*].dataStatus,instrumentation_channels,data_status,derived_rebuildable_code_values
nhtsa_crash,occupant_location,LEFT_FRONT,LEFT_FRONT,Derived dictionary value; rebuildable from canonical tables.,1,2404,2402,occupant_info,$.results[*].occupantLocation,occupants,occupant_location_normalized,derived_rebuildable_code_values
nhtsa_crash,occupant_location,LEFT_REAR,LEFT_REAR,Derived dictionary value; rebuildable from canonical tables.,4,1226,1225,occupant_info,$.results[*].occupantLocation,occupants,occupant_location_normalized,derived_rebuildable_code_values
nhtsa_crash,occupant_location,NA,NA,Derived dictionary value; rebuildable from canonical tables.,1793,257,257,occupant_info,$.results[*].occupantLocation,occupants,occupant_location_normalized,derived_rebuildable_code_values
nhtsa_crash,occupant_location,NOT_APPLICABLE,NOT_APPLICABLE,Derived dictionary value; rebuildable from canonical tables.,1793,257,257,occupant_info,$.results[*].occupantLocation,occupants,occupant_location_normalized,derived_rebuildable_code_values
nhtsa_crash,occupant_location,RIGHT_FRONT,RIGHT_FRONT,Derived dictionary value; rebuildable from canonical tables.,1,1370,1370,occupant_info,$.results[*].occupantLocation,occupants,occupant_location_normalized,derived_rebuildable_code_values
nhtsa_crash,occupant_location,RIGHT_REAR,RIGHT_REAR,Derived dictionary value; rebuildable from canonical tables.,66,361,361,occupant_info,$.results[*].occupantLocation,occupants,occupant_location_normalized,derived_rebuildable_code_values
nhtsa_crash,occupant_type,BIORID DUMMY,BIORID_DUMMY,Derived dictionary value; rebuildable from canonical tables.,2594,2,2,occupant_info,$.results[*].occupantType,occupants,occupant_type,derived_rebuildable_code_values
nhtsa_crash,occupant_type,CHILD DUMMY,CHILD_DUMMY,Derived dictionary value; rebuildable from canonical tables.,64,182,178,occupant_info,$.results[*].occupantType,occupants,occupant_type,derived_rebuildable_code_values
nhtsa_crash,occupant_type,CRABI,CRABI,Derived dictionary value; rebuildable from canonical tables.,135,58,58,occupant_info,$.results[*].occupantType,occupants,occupant_type,derived_rebuildable_code_values
nhtsa_crash,occupant_type,CRABI - Child Restraint Air Bag Interaction,CRABI___CHILD_RESTRAINT_AIR_BAG_INTERACTION,Derived dictionary value; rebuildable from canonical tables.,148,79,79,occupant_info,$.results[*].occupantType,occupants,occupant_type,derived_rebuildable_code_values
nhtsa_crash,occupant_type,EUROSID 2 (ES-2RE) SIDE IMPACT DUMMY,EUROSID_2_(ES_2RE)_SIDE_IMPACT_DUMMY,Derived dictionary value; rebuildable from canonical tables.,4,649,648,occupant_info,$.results[*].occupantType,occupants,occupant_type,derived_rebuildable_code_values
nhtsa_crash,occupant_type,HUMANOID PEDESTRIAN DUMMY,HUMANOID_PEDESTRIAN_DUMMY,Derived dictionary value; rebuildable from canonical tables.,823,31,31,occupant_info,$.results[*].occupantType,occupants,occupant_type,derived_rebuildable_code_values
nhtsa_crash,occupant_type,HYBRID III DUMMY,HYBRID_III_DUMMY,Derived dictionary value; rebuildable from canonical tables.,1,2437,1529,occupant_info,$.results[*].occupantType,occupants,occupant_type,derived_rebuildable_code_values
nhtsa_crash,occupant_type,HYBRID III DUMMY WITH THOR LX LEGS,HYBRID_III_DUMMY_WITH_THOR_LX_LEGS,Derived dictionary value; rebuildable from canonical tables.,42,2,1,occupant_info,$.results[*].occupantType,occupants,occupant_type,derived_rebuildable_code_values
nhtsa_crash,occupant_type,NOT APPLICABLE,NOT_APPLICABLE,Derived dictionary value; rebuildable from canonical tables.,1793,424,212,occupant_info,$.results[*].occupantType,occupants,occupant_type,derived_rebuildable_code_values
nhtsa_crash,occupant_type,OTHER,OTHER,Derived dictionary value; rebuildable from canonical tables.,954,22,22,occupant_info,$.results[*].occupantType,occupants,occupant_type,derived_rebuildable_code_values
nhtsa_crash,occupant_type,POLAR II PEDESTRIAN DUMMY,POLAR_II_PEDESTRIAN_DUMMY,Derived dictionary value; rebuildable from canonical tables.,977,49,49,occupant_info,$.results[*].occupantType,occupants,occupant_type,derived_rebuildable_code_values
nhtsa_crash,occupant_type,Q CHILD DUMMY,Q_CHILD_DUMMY,Derived dictionary value; rebuildable from canonical tables.,1577,68,68,occupant_info,$.results[*].occupantType,occupants,occupant_type,derived_rebuildable_code_values
nhtsa_crash,occupant_type,Q Side impact child dummy,Q_SIDE_IMPACT_CHILD_DUMMY,Derived dictionary value; rebuildable from canonical tables.,2036,12,12,occupant_info,$.results[*].occupantType,occupants,occupant_type,derived_rebuildable_code_values
nhtsa_crash,occupant_type,SID-IIS SIDE IMPACT DUMMY,SID_IIS_SIDE_IMPACT_DUMMY,Derived dictionary value; rebuildable from canonical tables.,2,1264,1263,occupant_info,$.results[*].occupantType,occupants,occupant_type,derived_rebuildable_code_values
nhtsa_crash,occupant_type,THOR 5th Female,THOR_5TH_FEMALE,Derived dictionary value; rebuildable from canonical tables.,2976,15,9,occupant_info,$.results[*].occupantType,occupants,occupant_type,derived_rebuildable_code_values
nhtsa_crash,occupant_type,THOR DUMMY,THOR_DUMMY,Derived dictionary value; rebuildable from canonical tables.,34,17,17,occupant_info,$.results[*].occupantType,occupants,occupant_type,derived_rebuildable_code_values
nhtsa_crash,occupant_type,THOR METRIC,THOR_METRIC,Derived dictionary value; rebuildable from canonical tables.,1041,220,171,occupant_info,$.results[*].occupantType,occupants,occupant_type,derived_rebuildable_code_values
nhtsa_crash,occupant_type,THOR-NT WITH MOD KIT,THOR_NT_WITH_MOD_KIT,Derived dictionary value; rebuildable from canonical tables.,134,205,118,occupant_info,$.results[*].occupantType,occupants,occupant_type,derived_rebuildable_code_values
nhtsa_crash,occupant_type,WORLDSID SIDE IMPACT DUMMY,WORLDSID_SIDE_IMPACT_DUMMY,Derived dictionary value; rebuildable from canonical tables.,137,139,118,occupant_info,$.results[*].occupantType,occupants,occupant_type,derived_rebuildable_code_values
nhtsa_crash,participant_kind,barrier,BARRIER,Derived dictionary value; rebuildable from canonical tables.,1,1627,1627,test_participants,test_participants.participant_kind,test_participants,participant_kind,derived_rebuildable_code_values
nhtsa_crash,participant_kind,impactor_vehicle,IMPACTOR_VEHICLE,Derived dictionary value; rebuildable from canonical tables.,4,645,645,test_participants,test_participants.participant_kind,test_participants,participant_kind,derived_rebuildable_code_values
nhtsa_crash,participant_kind,subject_vehicle,SUBJECT_VEHICLE,Derived dictionary value; rebuildable from canonical tables.,1,4048,3889,test_participants,test_participants.participant_kind,test_participants,participant_kind,derived_rebuildable_code_values
nhtsa_crash,restraint_deployment,DEPLOYED PROPERLY,DEPLOYED_PROPERLY,Derived dictionary value; rebuildable from canonical tables.,1,7689,2659,restraint_info,$.results[*].inflationer/BeltPretensionerDeployment,restraints,deployment_status,derived_rebuildable_code_values
nhtsa_crash,restraint_deployment,NOT APPLICABLE,NOT_APPLICABLE,Derived dictionary value; rebuildable from canonical tables.,5,4698,2775,restraint_info,$.results[*].inflationer/BeltPretensionerDeployment,restraints,deployment_status,derived_rebuildable_code_values
nhtsa_crash,restraint_deployment,NOT DEPLOYED,NOT_DEPLOYED,Derived dictionary value; rebuildable from canonical tables.,6,75,56,restraint_info,$.results[*].inflationer/BeltPretensionerDeployment,restraints,deployment_status,derived_rebuildable_code_values
nhtsa_crash,restraint_deployment,NOT DEPLOYED PROPERLY,NOT_DEPLOYED_PROPERLY,Derived dictionary value; rebuildable from canonical tables.,588,2,2,restraint_info,$.results[*].inflationer/BeltPretensionerDeployment,restraints,deployment_status,derived_rebuildable_code_values
nhtsa_crash,restraint_deployment,UNKNOWN,UNKNOWN,Derived dictionary value; rebuildable from canonical tables.,42,4,1,restraint_info,$.results[*].inflationer/BeltPretensionerDeployment,restraints,deployment_status,derived_rebuildable_code_values
nhtsa_crash,restraint_type,3PT,3PT,Derived dictionary value; rebuildable from canonical tables.,3282,2,1,restraint_info,$.results[*].restraintType,restraints,restraint_type,derived_rebuildable_code_values
nhtsa_crash,restraint_type,3 POINT BELT,3_POINT_BELT,Derived dictionary value; rebuildable from canonical tables.,1,3817,2256,restraint_info,$.results[*].restraintType,restraints,restraint_type,derived_rebuildable_code_values
nhtsa_crash,restraint_type,ACTIVE GLOVE BOX,ACTIVE_GLOVE_BOX,Derived dictionary value; rebuildable from canonical tables.,1612,3,3,restraint_info,$.results[*].restraintType,restraints,restraint_type,derived_rebuildable_code_values
nhtsa_crash,restraint_type,ACTIVE HEAD RESTRAINT,ACTIVE_HEAD_RESTRAINT,Derived dictionary value; rebuildable from canonical tables.,2796,1,1,restraint_info,$.results[*].restraintType,restraints,restraint_type,derived_rebuildable_code_values
nhtsa_crash,restraint_type,AIR BAG,AIR_BAG,Derived dictionary value; rebuildable from canonical tables.,34,916,454,restraint_info,$.results[*].restraintType,restraints,restraint_type,derived_rebuildable_code_values
nhtsa_crash,restraint_type,AIR BELT,AIR_BELT,Derived dictionary value; rebuildable from canonical tables.,158,9,6,restraint_info,$.results[*].restraintType,restraints,restraint_type,derived_rebuildable_code_values
nhtsa_crash,restraint_type,BOOSTER SEAT,BOOSTER_SEAT,Derived dictionary value; rebuildable from canonical tables.,454,251,198,restraint_info,$.results[*].restraintType,restraints,restraint_type,derived_rebuildable_code_values
nhtsa_crash,restraint_type,"BOOSTER SEAT, COMBINATION FRONT FACING","BOOSTER_SEAT,_COMBINATION_FRONT_FACING",Derived dictionary value; rebuildable from canonical tables.,130,11,11,restraint_info,$.results[*].restraintType,restraints,restraint_type,derived_rebuildable_code_values
nhtsa_crash,restraint_type,CHILD RESTRAINT,CHILD_RESTRAINT,Derived dictionary value; rebuildable from canonical tables.,66,46,46,restraint_info,$.results[*].restraintType,restraints,restraint_type,derived_rebuildable_code_values
nhtsa_crash,restraint_type,"CONVERTIBLE CHILD SAFETY SEAT, FRONT FACING","CONVERTIBLE_CHILD_SAFETY_SEAT,_FRONT_FACING",Derived dictionary value; rebuildable from canonical tables.,129,297,257,restraint_info,$.results[*].restraintType,restraints,restraint_type,derived_rebuildable_code_values
nhtsa_crash,restraint_type,"CONVERTIBLE CHILD SAFETY SEAT, REAR FACING","CONVERTIBLE_CHILD_SAFETY_SEAT,_REAR_FACING",Derived dictionary value; rebuildable from canonical tables.,135,106,106,restraint_info,$.results[*].restraintType,restraints,restraint_type,derived_rebuildable_code_values
nhtsa_crash,restraint_type,CUR,CUR,Derived dictionary value; rebuildable from canonical tables.,3282,2,1,restraint_info,$.results[*].restraintType,restraints,restraint_type,derived_rebuildable_code_values
nhtsa_crash,restraint_type,CURTAIN AIRBAG,CURTAIN_AIRBAG,Derived dictionary value; rebuildable from canonical tables.,2,2575,1767,restraint_info,$.results[*].restraintType,restraints,restraint_type,derived_rebuildable_code_values
nhtsa_crash,restraint_type,FRONTAL AIRBAG,FRONTAL_AIRBAG,Derived dictionary value; rebuildable from canonical tables.,1,1603,850,restraint_info,$.results[*].restraintType,restraints,restraint_type,derived_rebuildable_code_values
nhtsa_crash,restraint_type,FRONT CENTER AIRBAG,FRONT_CENTER_AIRBAG,Derived dictionary value; rebuildable from canonical tables.,835,48,48,restraint_info,$.results[*].restraintType,restraints,restraint_type,derived_rebuildable_code_values
nhtsa_crash,restraint_type,HEAD/TORSO AIRBAG,HEAD_TORSO_AIRBAG,Derived dictionary value; rebuildable from canonical tables.,8,18,18,restraint_info,$.results[*].restraintType,restraints,restraint_type,derived_rebuildable_code_values
nhtsa_crash,restraint_type,INFANT SAFETY SEAT,INFANT_SAFETY_SEAT,Derived dictionary value; rebuildable from canonical tables.,136,97,97,restraint_info,$.results[*].restraintType,restraints,restraint_type,derived_rebuildable_code_values
nhtsa_crash,restraint_type,KNEE AIR BAG,KNEE_AIR_BAG,Derived dictionary value; rebuildable from canonical tables.,7,696,476,restraint_info,$.results[*].restraintType,restraints,restraint_type,derived_rebuildable_code_values
nhtsa_crash,restraint_type,NONE,NONE,Derived dictionary value; rebuildable from canonical tables.,60,132,66,restraint_info,$.results[*].restraintType,restraints,restraint_type,derived_rebuildable_code_values
nhtsa_crash,restraint_type,OTHER,OTHER,Derived dictionary value; rebuildable from canonical tables.,2171,7,7,restraint_info,$.results[*].restraintType,restraints,restraint_type,derived_rebuildable_code_values
nhtsa_crash,restraint_type,PELVIS AIRBAG,PELVIS_AIRBAG,Derived dictionary value; rebuildable from canonical tables.,642,7,7,restraint_info,$.results[*].restraintType,restraints,restraint_type,derived_rebuildable_code_values
nhtsa_crash,restraint_type,SEAT PAN AIRBAG,SEAT_PAN_AIRBAG,Derived dictionary value; rebuildable from canonical tables.,352,44,35,restraint_info,$.results[*].restraintType,restraints,restraint_type,derived_rebuildable_code_values
nhtsa_crash,restraint_type,TAP,TAP,Derived dictionary value; rebuildable from canonical tables.,3282,2,1,restraint_info,$.results[*].restraintType,restraints,restraint_type,derived_rebuildable_code_values
nhtsa_crash,restraint_type,TORSO AIRBAG,TORSO_AIRBAG,Derived dictionary value; rebuildable from canonical tables.,6,222,207,restraint_info,$.results[*].restraintType,restraints,restraint_type,derived_rebuildable_code_values
nhtsa_crash,restraint_type,TORSO/PELVIS AIRBAG,TORSO_PELVIS_AIRBAG,Derived dictionary value; rebuildable from canonical tables.,2,1580,1441,restraint_info,$.results[*].restraintType,restraints,restraint_type,derived_rebuildable_code_values
nhtsa_crash,sensor_attachment,8 STRING POT - CROSS LL,8_STRING_POT___CROSS_LL,Derived dictionary value; rebuildable from canonical tables.,134,47,47,instrumentation_info,$.results[*].sensorAttachment,instrumentation_channels,sensor_attachment,derived_rebuildable_code_values
nhtsa_crash,sensor_attachment,8 STRING POT - CROSS LR,8_STRING_POT___CROSS_LR,Derived dictionary value; rebuildable from canonical tables.,134,47,47,instrumentation_info,$.results[*].sensorAttachment,instrumentation_channels,sensor_attachment,derived_rebuildable_code_values
nhtsa_crash,sensor_attachment,8 STRING POT - CROSS UL,8_STRING_POT___CROSS_UL,Derived dictionary value; rebuildable from canonical tables.,134,47,47,instrumentation_info,$.results[*].sensorAttachment,instrumentation_channels,sensor_attachment,derived_rebuildable_code_values
nhtsa_crash,sensor_attachment,8 STRING POT - CROSS UR,8_STRING_POT___CROSS_UR,Derived dictionary value; rebuildable from canonical tables.,134,47,47,instrumentation_info,$.results[*].sensorAttachment,instrumentation_channels,sensor_attachment,derived_rebuildable_code_values
nhtsa_crash,sensor_attachment,8 STRING POT - STRAIGHT LL,8_STRING_POT___STRAIGHT_LL,Derived dictionary value; rebuildable from canonical tables.,134,47,47,instrumentation_info,$.results[*].sensorAttachment,instrumentation_channels,sensor_attachment,derived_rebuildable_code_values
nhtsa_crash,sensor_attachment,8 STRING POT - STRAIGHT LR,8_STRING_POT___STRAIGHT_LR,Derived dictionary value; rebuildable from canonical tables.,134,47,47,instrumentation_info,$.results[*].sensorAttachment,instrumentation_channels,sensor_attachment,derived_rebuildable_code_values
nhtsa_crash,sensor_attachment,8 STRING POT - STRAIGHT UL,8_STRING_POT___STRAIGHT_UL,Derived dictionary value; rebuildable from canonical tables.,134,47,47,instrumentation_info,$.results[*].sensorAttachment,instrumentation_channels,sensor_attachment,derived_rebuildable_code_values
nhtsa_crash,sensor_attachment,8 STRING POT - STRAIGHT UR,8_STRING_POT___STRAIGHT_UR,Derived dictionary value; rebuildable from canonical tables.,134,47,47,instrumentation_info,$.results[*].sensorAttachment,instrumentation_channels,sensor_attachment,derived_rebuildable_code_values
nhtsa_crash,sensor_attachment,ABDOMEN,ABDOMEN,Derived dictionary value; rebuildable from canonical tables.,145,12,7,instrumentation_info,$.results[*].sensorAttachment,instrumentation_channels,sensor_attachment,derived_rebuildable_code_values
nhtsa_crash,sensor_attachment,ABDOMEN LEFT,ABDOMEN_LEFT,Derived dictionary value; rebuildable from canonical tables.,34,2630,318,instrumentation_info,$.results[*].sensorAttachment,instrumentation_channels,sensor_attachment,derived_rebuildable_code_values
nhtsa_crash,sensor_attachment,ABDOMEN RIGHT,ABDOMEN_RIGHT,Derived dictionary value; rebuildable from canonical tables.,34,2591,270,instrumentation_info,$.results[*].sensorAttachment,instrumentation_channels,sensor_attachment,derived_rebuildable_code_values
nhtsa_crash,sensor_attachment,ABDOMEN UPPER,ABDOMEN_UPPER,Derived dictionary value; rebuildable from canonical tables.,34,52,52,instrumentation_info,$.results[*].sensorAttachment,instrumentation_channels,sensor_attachment,derived_rebuildable_code_values
nhtsa_crash,sensor_attachment,AIR BAG SQUIB CIRCUIT,AIR_BAG_SQUIB_CIRCUIT,Derived dictionary value; rebuildable from canonical tables.,4,1558,348,instrumentation_info,$.results[*].sensorAttachment,instrumentation_channels,sensor_attachment,derived_rebuildable_code_values
nhtsa_crash,sensor_attachment,AIR BAG SQUIB CIRCUIT 1,AIR_BAG_SQUIB_CIRCUIT_1,Derived dictionary value; rebuildable from canonical tables.,2,88,44,instrumentation_info,$.results[*].sensorAttachment,instrumentation_channels,sensor_attachment,derived_rebuildable_code_values
nhtsa_crash,sensor_attachment,AIR BAG SQUIB CIRCUIT 2,AIR_BAG_SQUIB_CIRCUIT_2,Derived dictionary value; rebuildable from canonical tables.,2,52,28,instrumentation_info,$.results[*].sensorAttachment,instrumentation_channels,sensor_attachment,derived_rebuildable_code_values
nhtsa_crash,sensor_attachment,AIR BAG TRIP-SWITCH - LEFT,AIR_BAG_TRIP_SWITCH___LEFT,Derived dictionary value; rebuildable from canonical tables.,486,768,211,instrumentation_info,$.results[*].sensorAttachment,instrumentation_channels,sensor_attachment,derived_rebuildable_code_values
nhtsa_crash,sensor_attachment,AIR BAG TRIP-SWITCH - RIGHT,AIR_BAG_TRIP_SWITCH___RIGHT,Derived dictionary value; rebuildable from canonical tables.,735,894,187,instrumentation_info,$.results[*].sensorAttachment,instrumentation_channels,sensor_attachment,derived_rebuildable_code_values
nhtsa_crash,sensor_attachment,AIR BAG TRIP-SWITCH - ST. COL.,AIR_BAG_TRIP_SWITCH___ST._COL.,Derived dictionary value; rebuildable from canonical tables.,486,437,163,instrumentation_info,$.results[*].sensorAttachment,instrumentation_channels,sensor_attachment,derived_rebuildable_code_values
nhtsa_crash,sensor_attachment,ANKLE - LEFT,ANKLE___LEFT,Derived dictionary value; rebuildable from canonical tables.,34,897,198,instrumentation_info,$.results[*].sensorAttachment,instrumentation_channels,sensor_attachment,derived_rebuildable_code_values
nhtsa_crash,sensor_attachment,ANKLE - RIGHT,ANKLE___RIGHT,Derived dictionary value; rebuildable from canonical tables.,34,885,198,instrumentation_info,$.results[*].sensorAttachment,instrumentation_channels,sensor_attachment,derived_rebuildable_code_values
nhtsa_crash,sensor_attachment,ANTERIOR SUPERIOR ILIAC SPINE LL,ANTERIOR_SUPERIOR_ILIAC_SPINE_LL,Derived dictionary value; rebuildable from canonical tables.,606,63,39,instrumentation_info,$.results[*].sensorAttachment,instrumentation_channels,sensor_attachment,derived_rebuildable_code_values
nhtsa_crash,sensor_attachment,ANTERIOR SUPERIOR ILIAC SPINE LU,ANTERIOR_SUPERIOR_ILIAC_SPINE_LU,Derived dictionary value; rebuildable from canonical tables.,2597,55,35,instrumentation_info,$.results[*].sensorAttachment,instrumentation_channels,sensor_attachment,derived_rebuildable_code_values
nhtsa_crash,sensor_attachment,ANTERIOR SUPERIOR ILIAC SPINE RL,ANTERIOR_SUPERIOR_ILIAC_SPINE_RL,Derived dictionary value; rebuildable from canonical tables.,606,63,39,instrumentation_info,$.results[*].sensorAttachment,instrumentation_channels,sensor_attachment,derived_rebuildable_code_values
nhtsa_crash,sensor_attachment,ANTERIOR SUPERIOR ILIAC SPINE RU,ANTERIOR_SUPERIOR_ILIAC_SPINE_RU,Derived dictionary value; rebuildable from canonical tables.,2597,55,35,instrumentation_info,$.results[*].sensorAttachment,instrumentation_channels,sensor_attachment,derived_rebuildable_code_values
nhtsa_crash,sensor_attachment,A PILLAR - LEFT,A_PILLAR___LEFT,Derived dictionary value; rebuildable from canonical tables.,63,30,13,instrumentation_info,$.results[*].sensorAttachment,instrumentation_channels,sensor_attachment,derived_rebuildable_code_values
nhtsa_crash,sensor_attachment,A PILLAR - RIGHT,A_PILLAR___RIGHT,Derived dictionary value; rebuildable from canonical tables.,2790,38,13,instrumentation_info,$.results[*].sensorAttachment,instrumentation_channels,sensor_attachment,derived_rebuildable_code_values
nhtsa_crash,sensor_attachment,BARRIER FRONT FACING,BARRIER_FRONT_FACING,Derived dictionary value; rebuildable from canonical tables.,2460,136,8,instrumentation_info,$.results[*].sensorAttachment,instrumentation_channels,sensor_attachment,derived_rebuildable_code_values
nhtsa_crash,sensor_attachment,BEHIND BRAKE PEDAL,BEHIND_BRAKE_PEDAL,Derived dictionary value; rebuildable from canonical tables.,954,12,12,instrumentation_info,$.results[*].sensorAttachment,instrumentation_channels,sensor_attachment,derived_rebuildable_code_values
nhtsa_crash,sensor_attachment,BRAKE CALIPER - LEFT,BRAKE_CALIPER___LEFT,Derived dictionary value; rebuildable from canonical tables.,1,185,185,instrumentation_info,$.results[*].sensorAttachment,instrumentation_channels,sensor_attachment,derived_rebuildable_code_values
nhtsa_crash,sensor_attachment,BRAKE CALIPER - RIGHT,BRAKE_CALIPER___RIGHT,Derived dictionary value; rebuildable from canonical tables.,1,185,185,instrumentation_info,$.results[*].sensorAttachment,instrumentation_channels,sensor_attachment,derived_rebuildable_code_values
nhtsa_crash,sensor_attachment,BUMPER - FRONT,BUMPER___FRONT,Derived dictionary value; rebuildable from canonical tables.,4,1224,612,instrumentation_info,$.results[*].sensorAttachment,instrumentation_channels,sensor_attachment,derived_rebuildable_code_values
nhtsa_crash,sensor_attachment,B PILLAR - LEFT,B_PILLAR___LEFT,Derived dictionary value; rebuildable from canonical tables.,63,115,49,instrumentation_info,$.results[*].sensorAttachment,instrumentation_channels,sensor_attachment,derived_rebuildable_code_values
nhtsa_crash,sensor_attachment,B PILLAR - RIGHT,B_PILLAR___RIGHT,Derived dictionary value; rebuildable from canonical tables.,1333,134,45,instrumentation_info,$.results[*].sensorAttachment,instrumentation_channels,sensor_attachment,derived_rebuildable_code_values
nhtsa_crash,sensor_attachment,CHEST,CHEST,Derived dictionary value; rebuildable from canonical tables.,1,14576,1750,instrumentation_info,$.results[*].sensorAttachment,instrumentation_channels,sensor_attachment,derived_rebuildable_code_values
nhtsa_crash,sensor_attachment,CHEST - LEFT LOWER,CHEST___LEFT_LOWER,Derived dictionary value; rebuildable from canonical tables.,34,3103,325,instrumentation_info,$.results[*].sensorAttachment,instrumentation_channels,sensor_attachment,derived_rebuildable_code_values
nhtsa_crash,sensor_attachment,CHEST - LEFT UPPER,CHEST___LEFT_UPPER,Derived dictionary value; rebuildable from canonical tables.,2,3154,337,instrumentation_info,$.results[*].sensorAttachment,instrumentation_channels,sensor_attachment,derived_rebuildable_code_values
nhtsa_crash,sensor_attachment,CHEST - RIGHT LOWER,CHEST___RIGHT_LOWER,Derived dictionary value; rebuildable from canonical tables.,34,3061,283,instrumentation_info,$.results[*].sensorAttachment,instrumentation_channels,sensor_attachment,derived_rebuildable_code_values
nhtsa_crash,sensor_attachment,CHEST - RIGHT UPPER,CHEST___RIGHT_UPPER,Derived dictionary value; rebuildable from canonical tables.,34,3178,322,instrumentation_info,$.results[*].sensorAttachment,instrumentation_channels,sensor_attachment,derived_rebuildable_code_values
nhtsa_crash,sensor_attachment,CHSTBAND TAPED ON UPPER THX RIB,CHSTBAND_TAPED_ON_UPPER_THX_RIB,Derived dictionary value; rebuildable from canonical tables.,1995,1207,22,instrumentation_info,$.results[*].sensorAttachment,instrumentation_channels,sensor_attachment,derived_rebuildable_code_values
nhtsa_crash,sensor_attachment,CLAVICLE - LEFT INNER,CLAVICLE___LEFT_INNER,Derived dictionary value; rebuildable from canonical tables.,134,70,35,instrumentation_info,$.results[*].sensorAttachment,instrumentation_channels,sensor_attachment,derived_rebuildable_code_values
nhtsa_crash,sensor_attachment,CLAVICLE - LEFT OUTER,CLAVICLE___LEFT_OUTER,Derived dictionary value; rebuildable from canonical tables.,134,70,35,instrumentation_info,$.results[*].sensorAttachment,instrumentation_channels,sensor_attachment,derived_rebuildable_code_values
nhtsa_crash,sensor_attachment,CLAVICLE - RIGHT INNER,CLAVICLE___RIGHT_INNER,Derived dictionary value; rebuildable from canonical tables.,134,76,38,instrumentation_info,$.results[*].sensorAttachment,instrumentation_channels,sensor_attachment,derived_rebuildable_code_values
nhtsa_crash,sensor_attachment,CLAVICLE - RIGHT OUTER,CLAVICLE___RIGHT_OUTER,Derived dictionary value; rebuildable from canonical tables.,134,76,38,instrumentation_info,$.results[*].sensorAttachment,instrumentation_channels,sensor_attachment,derived_rebuildable_code_values
nhtsa_crash,sensor_attachment,C PILLAR - LEFT,C_PILLAR___LEFT,Derived dictionary value; rebuildable from canonical tables.,1682,18,3,instrumentation_info,$.results[*].sensorAttachment,instrumentation_channels,sensor_attachment,derived_rebuildable_code_values
nhtsa_crash,sensor_attachment,C PILLAR - RIGHT,C_PILLAR___RIGHT,Derived dictionary value; rebuildable from canonical tables.,1682,18,3,instrumentation_info,$.results[*].sensorAttachment,instrumentation_channels,sensor_attachment,derived_rebuildable_code_values
nhtsa_crash,sensor_attachment,DASHPANEL - CENTER,DASHPANEL___CENTER,Derived dictionary value; rebuildable from canonical tables.,34,179,178,instrumentation_info,$.results[*].sensorAttachment,instrumentation_channels,sensor_attachment,derived_rebuildable_code_values
nhtsa_crash,sensor_attachment,DOOR - LEFT FRONT,DOOR___LEFT_FRONT,Derived dictionary value; rebuildable from canonical tables.,1995,151,49,instrumentation_info,$.results[*].sensorAttachment,instrumentation_channels,sensor_attachment,derived_rebuildable_code_values
nhtsa_crash,sensor_attachment,DOOR - LEFT FRONT CENTER,DOOR___LEFT_FRONT_CENTER,Derived dictionary value; rebuildable from canonical tables.,137,33,33,instrumentation_info,$.results[*].sensorAttachment,instrumentation_channels,sensor_attachment,derived_rebuildable_code_values
nhtsa_crash,sensor_attachment,DOOR - LEFT FRONT MID-REAR,DOOR___LEFT_FRONT_MID_REAR,Derived dictionary value; rebuildable from canonical tables.,137,33,33,instrumentation_info,$.results[*].sensorAttachment,instrumentation_channels,sensor_attachment,derived_rebuildable_code_values
nhtsa_crash,sensor_attachment,DOOR - LEFT FRONT UPPER,DOOR___LEFT_FRONT_UPPER,Derived dictionary value; rebuildable from canonical tables.,137,33,33,instrumentation_info,$.results[*].sensorAttachment,instrumentation_channels,sensor_attachment,derived_rebuildable_code_values
nhtsa_crash,sensor_attachment,DOOR - LEFT REAR,DOOR___LEFT_REAR,Derived dictionary value; rebuildable from canonical tables.,1995,88,44,instrumentation_info,$.results[*].sensorAttachment,instrumentation_channels,sensor_attachment,derived_rebuildable_code_values
nhtsa_crash,sensor_attachment,DOOR - LEFT REAR MID-REAR,DOOR___LEFT_REAR_MID_REAR,Derived dictionary value; rebuildable from canonical tables.,137,32,32,instrumentation_info,$.results[*].sensorAttachment,instrumentation_channels,sensor_attachment,derived_rebuildable_code_values
nhtsa_crash,sensor_attachment,DOOR - LEFT REAR UPPER,DOOR___LEFT_REAR_UPPER,Derived dictionary value; rebuildable from canonical tables.,137,68,50,instrumentation_info,$.results[*].sensorAttachment,instrumentation_channels,sensor_attachment,derived_rebuildable_code_values
nhtsa_crash,sensor_attachment,DOOR - RIGHT FRONT,DOOR___RIGHT_FRONT,Derived dictionary value; rebuildable from canonical tables.,3195,8,3,instrumentation_info,$.results[*].sensorAttachment,instrumentation_channels,sensor_attachment,derived_rebuildable_code_values
nhtsa_crash,sensor_attachment,DOOR - RIGHT FRONT MID-REAR,DOOR___RIGHT_FRONT_MID_REAR,Derived dictionary value; rebuildable from canonical tables.,3195,1,1,instrumentation_info,$.results[*].sensorAttachment,instrumentation_channels,sensor_attachment,derived_rebuildable_code_values
nhtsa_crash,sensor_attachment,DOOR - RIGHT REAR MID-REAR,DOOR___RIGHT_REAR_MID_REAR,Derived dictionary value; rebuildable from canonical tables.,3195,1,1,instrumentation_info,$.results[*].sensorAttachment,instrumentation_channels,sensor_attachment,derived_rebuildable_code_values
nhtsa_crash,sensor_attachment,DOOR - RIGHT REAR UPPER,DOOR___RIGHT_REAR_UPPER,Derived dictionary value; rebuildable from canonical tables.,3195,1,1,instrumentation_info,$.results[*].sensorAttachment,instrumentation_channels,sensor_attachment,derived_rebuildable_code_values
nhtsa_crash,sensor_attachment,DRIVER SEAT TRACK,DRIVER_SEAT_TRACK,Derived dictionary value; rebuildable from canonical tables.,2,1232,1220,instrumentation_info,$.results[*].sensorAttachment,instrumentation_channels,sensor_attachment,derived_rebuildable_code_values
nhtsa_crash,sensor_attachment,ENGINE,ENGINE,Derived dictionary value; rebuildable from canonical tables.,1,3838,1923,instrumentation_info,$.results[*].sensorAttachment,instrumentation_channels,sensor_attachment,derived_rebuildable_code_values
nhtsa_crash,sensor_attachment,EUROSID FRONT ABDOMEN LOAD CELL,EUROSID_FRONT_ABDOMEN_LOAD_CELL,Derived dictionary value; rebuildable from canonical tables.,4,648,648,instrumentation_info,$.results[*].sensorAttachment,instrumentation_channels,sensor_attachment,derived_rebuildable_code_values
nhtsa_crash,sensor_attachment,EUROSID MIDDLE ABDOMEN LOAD CELL,EUROSID_MIDDLE_ABDOMEN_LOAD_CELL,Derived dictionary value; rebuildable from canonical tables.,4,648,648,instrumentation_info,$.results[*].sensorAttachment,instrumentation_channels,sensor_attachment,derived_rebuildable_code_values
nhtsa_crash,sensor_attachment,EUROSID REAR ABDOMEN LOAD CELL,EUROSID_REAR_ABDOMEN_LOAD_CELL,Derived dictionary value; rebuildable from canonical tables.,4,648,648,instrumentation_info,$.results[*].sensorAttachment,instrumentation_channels,sensor_attachment,derived_rebuildable_code_values
nhtsa_crash,sensor_attachment,EVENT TIME CHANNEL,EVENT_TIME_CHANNEL,Derived dictionary value; rebuildable from canonical tables.,1822,185,185,instrumentation_info,$.results[*].sensorAttachment,instrumentation_channels,sensor_attachment,derived_rebuildable_code_values
nhtsa_crash,sensor_attachment,FACE LOAD CELL CENTER LOWER,FACE_LOAD_CELL_CENTER_LOWER,Derived dictionary value; rebuildable from canonical tables.,2976,3,3,instrumentation_info,$.results[*].sensorAttachment,instrumentation_channels,sensor_attachment,derived_rebuildable_code_values
nhtsa_crash,sensor_attachment,FACE LOAD CELL LEFT MIDDLE,FACE_LOAD_CELL_LEFT_MIDDLE,Derived dictionary value; rebuildable from canonical tables.,2976,3,3,instrumentation_info,$.results[*].sensorAttachment,instrumentation_channels,sensor_attachment,derived_rebuildable_code_values
nhtsa_crash,sensor_attachment,FACE LOAD CELL LEFT UPPER,FACE_LOAD_CELL_LEFT_UPPER,Derived dictionary value; rebuildable from canonical tables.,2976,3,3,instrumentation_info,$.results[*].sensorAttachment,instrumentation_channels,sensor_attachment,derived_rebuildable_code_values
nhtsa_crash,sensor_attachment,FACE LOAD CELL RIGHT MIDDLE,FACE_LOAD_CELL_RIGHT_MIDDLE,Derived dictionary value; rebuildable from canonical tables.,2976,3,3,instrumentation_info,$.results[*].sensorAttachment,instrumentation_channels,sensor_attachment,derived_rebuildable_code_values
nhtsa_crash,sensor_attachment,FACE LOAD CELL RIGHT UPPER,FACE_LOAD_CELL_RIGHT_UPPER,Derived dictionary value; rebuildable from canonical tables.,2976,3,3,instrumentation_info,$.results[*].sensorAttachment,instrumentation_channels,sensor_attachment,derived_rebuildable_code_values
nhtsa_crash,sensor_attachment,FCW TRIAL 01,FCW_TRIAL_01,Derived dictionary value; rebuildable from canonical tables.,511,213,21,instrumentation_info,$.results[*].sensorAttachment,instrumentation_channels,sensor_attachment,derived_rebuildable_code_values
nhtsa_crash,sensor_attachment,FCW TRIAL 02,FCW_TRIAL_02,Derived dictionary value; rebuildable from canonical tables.,241,324,32,instrumentation_info,$.results[*].sensorAttachment,instrumentation_channels,sensor_attachment,derived_rebuildable_code_values
nhtsa_crash,sensor_attachment,FCW TRIAL 03,FCW_TRIAL_03,Derived dictionary value; rebuildable from canonical tables.,21,365,36,instrumentation_info,$.results[*].sensorAttachment,instrumentation_channels,sensor_attachment,derived_rebuildable_code_values
nhtsa_crash,sensor_attachment,FCW TRIAL 04,FCW_TRIAL_04,Derived dictionary value; rebuildable from canonical tables.,485,373,37,instrumentation_info,$.results[*].sensorAttachment,instrumentation_channels,sensor_attachment,derived_rebuildable_code_values
nhtsa_crash,sensor_attachment,FCW TRIAL 05,FCW_TRIAL_05,Derived dictionary value; rebuildable from canonical tables.,21,365,36,instrumentation_info,$.results[*].sensorAttachment,instrumentation_channels,sensor_attachment,derived_rebuildable_code_values
nhtsa_crash,sensor_attachment,FCW TRIAL 06,FCW_TRIAL_06,Derived dictionary value; rebuildable from canonical tables.,21,394,39,instrumentation_info,$.results[*].sensorAttachment,instrumentation_channels,sensor_attachment,derived_rebuildable_code_values
nhtsa_crash,sensor_attachment,FCW TRIAL 07,FCW_TRIAL_07,Derived dictionary value; rebuildable from canonical tables.,21,395,39,instrumentation_info,$.results[*].sensorAttachment,instrumentation_channels,sensor_attachment,derived_rebuildable_code_values
nhtsa_crash,sensor_attachment,FCW TRIAL 08,FCW_TRIAL_08,Derived dictionary value; rebuildable from canonical tables.,21,366,36,instrumentation_info,$.results[*].sensorAttachment,instrumentation_channels,sensor_attachment,derived_rebuildable_code_values
nhtsa_crash,sensor_attachment,FCW TRIAL 09,FCW_TRIAL_09,Derived dictionary value; rebuildable from canonical tables.,21,385,38,instrumentation_info,$.results[*].sensorAttachment,instrumentation_channels,sensor_attachment,derived_rebuildable_code_values
nhtsa_crash,sensor_attachment,FCW TRIAL 10,FCW_TRIAL_10,Derived dictionary value; rebuildable from canonical tables.,293,348,34,instrumentation_info,$.results[*].sensorAttachment,instrumentation_channels,sensor_attachment,derived_rebuildable_code_values
nhtsa_crash,sensor_attachment,FCW TRIAL 11,FCW_TRIAL_11,Derived dictionary value; rebuildable from canonical tables.,21,320,32,instrumentation_info,$.results[*].sensorAttachment,instrumentation_channels,sensor_attachment,derived_rebuildable_code_values
nhtsa_crash,sensor_attachment,FCW TRIAL 12,FCW_TRIAL_12,Derived dictionary value; rebuildable from canonical tables.,542,268,27,instrumentation_info,$.results[*].sensorAttachment,instrumentation_channels,sensor_attachment,derived_rebuildable_code_values
nhtsa_crash,sensor_attachment,FCW TRIAL 13,FCW_TRIAL_13,Derived dictionary value; rebuildable from canonical tables.,21,373,37,instrumentation_info,$.results[*].sensorAttachment,instrumentation_channels,sensor_attachment,derived_rebuildable_code_values
nhtsa_crash,sensor_attachment,FCW TRIAL 14,FCW_TRIAL_14,Derived dictionary value; rebuildable from canonical tables.,21,341,34,instrumentation_info,$.results[*].sensorAttachment,instrumentation_channels,sensor_attachment,derived_rebuildable_code_values
nhtsa_crash,sensor_attachment,FCW TRIAL 15,FCW_TRIAL_15,Derived dictionary value; rebuildable from canonical tables.,21,324,32,instrumentation_info,$.results[*].sensorAttachment,instrumentation_channels,sensor_attachment,derived_rebuildable_code_values
nhtsa_crash,sensor_attachment,FCW TRIAL 16,FCW_TRIAL_16,Derived dictionary value; rebuildable from canonical tables.,21,344,34,instrumentation_info,$.results[*].sensorAttachment,instrumentation_channels,sensor_attachment,derived_rebuildable_code_values
nhtsa_crash,sensor_attachment,FCW TRIAL 17,FCW_TRIAL_17,Derived dictionary value; rebuildable from canonical tables.,21,346,34,instrumentation_info,$.results[*].sensorAttachment,instrumentation_channels,sensor_attachment,derived_rebuildable_code_values
nhtsa_crash,sensor_attachment,FCW TRIAL 18,FCW_TRIAL_18,Derived dictionary value; rebuildable from canonical tables.,241,347,34,instrumentation_info,$.results[*].sensorAttachment,instrumentation_channels,sensor_attachment,derived_rebuildable_code_values
nhtsa_crash,sensor_attachment,FCW TRIAL 19,FCW_TRIAL_19,Derived dictionary value; rebuildable from canonical tables.,498,311,31,instrumentation_info,$.results[*].sensorAttachment,instrumentation_channels,sensor_attachment,derived_rebuildable_code_values
nhtsa_crash,sensor_attachment,FCW TRIAL 20,FCW_TRIAL_20,Derived dictionary value; rebuildable from canonical tables.,241,324,32,instrumentation_info,$.results[*].sensorAttachment,instrumentation_channels,sensor_attachment,derived_rebuildable_code_values
nhtsa_crash,sensor_attachment,FCW TRIAL 21,FCW_TRIAL_21,Derived dictionary value; rebuildable from canonical tables.,241,250,25,instrumentation_info,$.results[*].sensorAttachment,instrumentation_channels,sensor_attachment,derived_rebuildable_code_values
nhtsa_crash,sensor_attachment,FCW TRIAL 22,FCW_TRIAL_22,Derived dictionary value; rebuildable from canonical tables.,485,255,25,instrumentation_info,$.results[*].sensorAttachment,instrumentation_channels,sensor_attachment,derived_rebuildable_code_values
nhtsa_crash,sensor_attachment,FCW TRIAL 23,FCW_TRIAL_23,Derived dictionary value; rebuildable from canonical tables.,241,255,25,instrumentation_info,$.results[*].sensorAttachment,instrumentation_channels,sensor_attachment,derived_rebuildable_code_values
nhtsa_crash,sensor_attachment,FCW TRIAL 24,FCW_TRIAL_24,Derived dictionary value; rebuildable from canonical tables.,21,232,23,instrumentation_info,$.results[*].sensorAttachment,instrumentation_channels,sensor_attachment,derived_rebuildable_code_values
nhtsa_crash,sensor_attachment,FCW TRIAL 25,FCW_TRIAL_25,Derived dictionary value; rebuildable from canonical tables.,241,204,20,instrumentation_info,$.results[*].sensorAttachment,instrumentation_channels,sensor_attachment,derived_rebuildable_code_values
nhtsa_crash,sensor_attachment,FCW TRIAL 26,FCW_TRIAL_26,Derived dictionary value; rebuildable from canonical tables.,241,133,13,instrumentation_info,$.results[*].sensorAttachment,instrumentation_channels,sensor_attachment,derived_rebuildable_code_values
nhtsa_crash,sensor_attachment,FCW TRIAL 27,FCW_TRIAL_27,Derived dictionary value; rebuildable from canonical tables.,21,184,18,instrumentation_info,$.results[*].sensorAttachment,instrumentation_channels,sensor_attachment,derived_rebuildable_code_values
nhtsa_crash,sensor_attachment,FCW TRIAL 28,FCW_TRIAL_28,Derived dictionary value; rebuildable from canonical tables.,293,145,14,instrumentation_info,$.results[*].sensorAttachment,instrumentation_channels,sensor_attachment,derived_rebuildable_code_values
nhtsa_crash,sensor_attachment,FCW TRIAL 29,FCW_TRIAL_29,Derived dictionary value; rebuildable from canonical tables.,241,92,9,instrumentation_info,$.results[*].sensorAttachment,instrumentation_channels,sensor_attachment,derived_rebuildable_code_values
nhtsa_crash,sensor_attachment,FCW TRIAL 30,FCW_TRIAL_30,Derived dictionary value; rebuildable from canonical tables.,21,115,11,instrumentation_info,$.results[*].sensorAttachment,instrumentation_channels,sensor_attachment,derived_rebuildable_code_values
nhtsa_crash,sensor_attachment,FCW TRIAL 31,FCW_TRIAL_31,Derived dictionary value; rebuildable from canonical tables.,21,81,8,instrumentation_info,$.results[*].sensorAttachment,instrumentation_channels,sensor_attachment,derived_rebuildable_code_values
nhtsa_crash,sensor_attachment,FCW TRIAL 32,FCW_TRIAL_32,Derived dictionary value; rebuildable from canonical tables.,523,63,6,instrumentation_info,$.results[*].sensorAttachment,instrumentation_channels,sensor_attachment,derived_rebuildable_code_values
nhtsa_crash,sensor_attachment,FCW TRIAL 33,FCW_TRIAL_33,Derived dictionary value; rebuildable from canonical tables.,511,75,7,instrumentation_info,$.results[*].sensorAttachment,instrumentation_channels,sensor_attachment,derived_rebuildable_code_values
nhtsa_crash,sensor_attachment,FCW TRIAL 34,FCW_TRIAL_34,Derived dictionary value; rebuildable from canonical tables.,523,64,6,instrumentation_info,$.results[*].sensorAttachment,instrumentation_channels,sensor_attachment,derived_rebuildable_code_values
nhtsa_crash,sensor_attachment,FCW TRIAL 35,FCW_TRIAL_35,Derived dictionary value; rebuildable from canonical tables.,526,33,3,instrumentation_info,$.results[*].sensorAttachment,instrumentation_channels,sensor_attachment,derived_rebuildable_code_values
nhtsa_crash,sensor_attachment,FCW TRIAL 36,FCW_TRIAL_36,Derived dictionary value; rebuildable from canonical tables.,526,60,6,instrumentation_info,$.results[*].sensorAttachment,instrumentation_channels,sensor_attachment,derived_rebuildable_code_values
nhtsa_crash,sensor_attachment,FCW TRIAL 37,FCW_TRIAL_37,Derived dictionary value; rebuildable from canonical tables.,241,49,5,instrumentation_info,$.results[*].sensorAttachment,instrumentation_channels,sensor_attachment,derived_rebuildable_code_values
nhtsa_crash,sensor_attachment,FCW TRIAL 38,FCW_TRIAL_38,Derived dictionary value; rebuildable from canonical tables.,241,39,4,instrumentation_info,$.results[*].sensorAttachment,instrumentation_channels,sensor_attachment,derived_rebuildable_code_values
nhtsa_crash,sensor_attachment,FCW TRIAL 39,FCW_TRIAL_39,Derived dictionary value; rebuildable from canonical tables.,542,40,4,instrumentation_info,$.results[*].sensorAttachment,instrumentation_channels,sensor_attachment,derived_rebuildable_code_values
nhtsa_crash,sensor_attachment,FCW TRIAL 40,FCW_TRIAL_40,Derived dictionary value; rebuildable from canonical tables.,526,32,3,instrumentation_info,$.results[*].sensorAttachment,instrumentation_channels,sensor_attachment,derived_rebuildable_code_values
nhtsa_crash,sensor_attachment,FCW TRIAL 41,FCW_TRIAL_41,Derived dictionary value; rebuildable from canonical tables.,526,59,6,instrumentation_info,$.results[*].sensorAttachment,instrumentation_channels,sensor_attachment,derived_rebuildable_code_values
nhtsa_crash,sensor_attachment,FCW TRIAL 42,FCW_TRIAL_42,Derived dictionary value; rebuildable from canonical tables.,740,19,2,instrumentation_info,$.results[*].sensorAttachment,instrumentation_channels,sensor_attachment,derived_rebuildable_code_values
nhtsa_crash,sensor_attachment,FCW TRIAL 43,FCW_TRIAL_43,Derived dictionary value; rebuildable from canonical tables.,740,29,3,instrumentation_info,$.results[*].sensorAttachment,instrumentation_channels,sensor_attachment,derived_rebuildable_code_values
nhtsa_crash,sensor_attachment,FCW TRIAL 44,FCW_TRIAL_44,Derived dictionary value; rebuildable from canonical tables.,750,9,1,instrumentation_info,$.results[*].sensorAttachment,instrumentation_channels,sensor_attachment,derived_rebuildable_code_values
nhtsa_crash,sensor_attachment,FCW TRIAL 46,FCW_TRIAL_46,Derived dictionary value; rebuildable from canonical tables.,740,9,1,instrumentation_info,$.results[*].sensorAttachment,instrumentation_channels,sensor_attachment,derived_rebuildable_code_values
nhtsa_crash,sensor_attachment,FCW TRIAL 47,FCW_TRIAL_47,Derived dictionary value; rebuildable from canonical tables.,511,10,1,instrumentation_info,$.results[*].sensorAttachment,instrumentation_channels,sensor_attachment,derived_rebuildable_code_values
nhtsa_crash,sensor_attachment,FCW TRIAL 48,FCW_TRIAL_48,Derived dictionary value; rebuildable from canonical tables.,740,9,1,instrumentation_info,$.results[*].sensorAttachment,instrumentation_channels,sensor_attachment,derived_rebuildable_code_values
nhtsa_crash,sensor_attachment,FCW TRIAL 50,FCW_TRIAL_50,Derived dictionary value; rebuildable from canonical tables.,750,9,1,instrumentation_info,$.results[*].sensorAttachment,instrumentation_channels,sensor_attachment,derived_rebuildable_code_values
nhtsa_crash,sensor_attachment,FCW TRIAL 51,FCW_TRIAL_51,Derived dictionary value; rebuildable from canonical tables.,511,10,1,instrumentation_info,$.results[*].sensorAttachment,instrumentation_channels,sensor_attachment,derived_rebuildable_code_values
nhtsa_crash,sensor_attachment,FCW TRIAL 52,FCW_TRIAL_52,Derived dictionary value; rebuildable from canonical tables.,750,9,1,instrumentation_info,$.results[*].sensorAttachment,instrumentation_channels,sensor_attachment,derived_rebuildable_code_values
nhtsa_crash,sensor_attachment,FCW TRIAL 56,FCW_TRIAL_56,Derived dictionary value; rebuildable from canonical tables.,511,19,2,instrumentation_info,$.results[*].sensorAttachment,instrumentation_channels,sensor_attachment,derived_rebuildable_code_values
nhtsa_crash,sensor_attachment,FCW TRIAL 66,FCW_TRIAL_66,Derived dictionary value; rebuildable from canonical tables.,511,10,1,instrumentation_info,$.results[*].sensorAttachment,instrumentation_channels,sensor_attachment,derived_rebuildable_code_values
nhtsa_crash,sensor_attachment,FCW TRIAL 68,FCW_TRIAL_68,Derived dictionary value; rebuildable from canonical tables.,511,10,1,instrumentation_info,$.results[*].sensorAttachment,instrumentation_channels,sensor_attachment,derived_rebuildable_code_values
nhtsa_crash,sensor_attachment,FCW TRIAL 71,FCW_TRIAL_71,Derived dictionary value; rebuildable from canonical tables.,511,10,1,instrumentation_info,$.results[*].sensorAttachment,instrumentation_channels,sensor_attachment,derived_rebuildable_code_values
nhtsa_crash,sensor_attachment,FEMUR - LEFT,FEMUR___LEFT,Derived dictionary value; rebuildable from canonical tables.,1,6252,1309,instrumentation_info,$.results[*].sensorAttachment,instrumentation_channels,sensor_attachment,derived_rebuildable_code_values
nhtsa_crash,sensor_attachment,FEMUR - RIGHT,FEMUR___RIGHT,Derived dictionary value; rebuildable from canonical tables.,1,6192,1367,instrumentation_info,$.results[*].sensorAttachment,instrumentation_channels,sensor_attachment,derived_rebuildable_code_values
nhtsa_crash,sensor_attachment,FIREWALL,FIREWALL,Derived dictionary value; rebuildable from canonical tables.,2,624,624,instrumentation_info,$.results[*].sensorAttachment,instrumentation_channels,sensor_attachment,derived_rebuildable_code_values
nhtsa_crash,sensor_attachment,FLOORPAN TUNNEL,FLOORPAN_TUNNEL,Derived dictionary value; rebuildable from canonical tables.,593,36,12,instrumentation_info,$.results[*].sensorAttachment,instrumentation_channels,sensor_attachment,derived_rebuildable_code_values
nhtsa_crash,sensor_attachment,FLOORPAN - LEFT FRONT,FLOORPAN___LEFT_FRONT,Derived dictionary value; rebuildable from canonical tables.,34,647,171,instrumentation_info,$.results[*].sensorAttachment,instrumentation_channels,sensor_attachment,derived_rebuildable_code_values
nhtsa_crash,sensor_attachment,FLOORPAN - LEFT REAR,FLOORPAN___LEFT_REAR,Derived dictionary value; rebuildable from canonical tables.,1,825,351,instrumentation_info,$.results[*].sensorAttachment,instrumentation_channels,sensor_attachment,derived_rebuildable_code_values
nhtsa_crash,sensor_attachment,FLOORPAN - RIGHT FRONT,FLOORPAN___RIGHT_FRONT,Derived dictionary value; rebuildable from canonical tables.,211,220,63,instrumentation_info,$.results[*].sensorAttachment,instrumentation_channels,sensor_attachment,derived_rebuildable_code_values
nhtsa_crash,sensor_attachment,FLOORPAN - RIGHT REAR,FLOORPAN___RIGHT_REAR,Derived dictionary value; rebuildable from canonical tables.,1,1450,976,instrumentation_info,$.results[*].sensorAttachment,instrumentation_channels,sensor_attachment,derived_rebuildable_code_values
nhtsa_crash,sensor_attachment,FOOT LEFT FRONT,FOOT_LEFT_FRONT,Derived dictionary value; rebuildable from canonical tables.,1,1175,596,instrumentation_info,$.results[*].sensorAttachment,instrumentation_channels,sensor_attachment,derived_rebuildable_code_values
nhtsa_crash,sensor_attachment,FOOT LEFT REAR,FOOT_LEFT_REAR,Derived dictionary value; rebuildable from canonical tables.,1,2350,596,instrumentation_info,$.results[*].sensorAttachment,instrumentation_channels,sensor_attachment,derived_rebuildable_code_values
nhtsa_crash,sensor_attachment,FOOT RIGHT FRONT,FOOT_RIGHT_FRONT,Derived dictionary value; rebuildable from canonical tables.,1,1175,596,instrumentation_info,$.results[*].sensorAttachment,instrumentation_channels,sensor_attachment,derived_rebuildable_code_values
nhtsa_crash,sensor_attachment,FOOT RIGHT REAR,FOOT_RIGHT_REAR,Derived dictionary value; rebuildable from canonical tables.,1,2350,596,instrumentation_info,$.results[*].sensorAttachment,instrumentation_channels,sensor_attachment,derived_rebuildable_code_values
nhtsa_crash,sensor_attachment,FOOT - LEFT,FOOT___LEFT,Derived dictionary value; rebuildable from canonical tables.,34,547,189,instrumentation_info,$.results[*].sensorAttachment,instrumentation_channels,sensor_attachment,derived_rebuildable_code_values
nhtsa_crash,sensor_attachment,FOOT - RIGHT,FOOT___RIGHT,Derived dictionary value; rebuildable from canonical tables.,34,546,189,instrumentation_info,$.results[*].sensorAttachment,instrumentation_channels,sensor_attachment,derived_rebuildable_code_values
nhtsa_crash,sensor_attachment,FRAME CROSSMEMBER - REAR,FRAME_CROSSMEMBER___REAR,Derived dictionary value; rebuildable from canonical tables.,34,453,145,instrumentation_info,$.results[*].sensorAttachment,instrumentation_channels,sensor_attachment,derived_rebuildable_code_values
nhtsa_crash,sensor_attachment,FRAME RAIL - REAR,FRAME_RAIL___REAR,Derived dictionary value; rebuildable from canonical tables.,2190,2,1,instrumentation_info,$.results[*].sensorAttachment,instrumentation_channels,sensor_attachment,derived_rebuildable_code_values
nhtsa_crash,sensor_attachment,FRAME SIDE RAIL - LEFT,FRAME_SIDE_RAIL___LEFT,Derived dictionary value; rebuildable from canonical tables.,4,1290,634,instrumentation_info,$.results[*].sensorAttachment,instrumentation_channels,sensor_attachment,derived_rebuildable_code_values
nhtsa_crash,sensor_attachment,FRAME SIDE RAIL - RIGHT,FRAME_SIDE_RAIL___RIGHT,Derived dictionary value; rebuildable from canonical tables.,1477,2,2,instrumentation_info,$.results[*].sensorAttachment,instrumentation_channels,sensor_attachment,derived_rebuildable_code_values
nhtsa_crash,sensor_attachment,HEAD 9 ARRAY - CENTER,HEAD_9_ARRAY___CENTER,Derived dictionary value; rebuildable from canonical tables.,34,414,95,instrumentation_info,$.results[*].sensorAttachment,instrumentation_channels,sensor_attachment,derived_rebuildable_code_values
nhtsa_crash,sensor_attachment,HEAD 9 ARRAY - X ARM,HEAD_9_ARRAY___X_ARM,Derived dictionary value; rebuildable from canonical tables.,34,340,129,instrumentation_info,$.results[*].sensorAttachment,instrumentation_channels,sensor_attachment,derived_rebuildable_code_values
nhtsa_crash,sensor_attachment,HEAD 9 ARRAY - Y ARM,HEAD_9_ARRAY___Y_ARM,Derived dictionary value; rebuildable from canonical tables.,34,340,129,instrumentation_info,$.results[*].sensorAttachment,instrumentation_channels,sensor_attachment,derived_rebuildable_code_values
nhtsa_crash,sensor_attachment,HEAD 9 ARRAY - Z ARM,HEAD_9_ARRAY___Z_ARM,Derived dictionary value; rebuildable from canonical tables.,34,340,129,instrumentation_info,$.results[*].sensorAttachment,instrumentation_channels,sensor_attachment,derived_rebuildable_code_values
nhtsa_crash,sensor_attachment,HEAD CG,HEAD_CG,Derived dictionary value; rebuildable from canonical tables.,1,33541,3519,instrumentation_info,$.results[*].sensorAttachment,instrumentation_channels,sensor_attachment,derived_rebuildable_code_values
nhtsa_crash,sensor_attachment,HEAD OTHER,HEAD_OTHER,Derived dictionary value; rebuildable from canonical tables.,662,152,92,instrumentation_info,$.results[*].sensorAttachment,instrumentation_channels,sensor_attachment,derived_rebuildable_code_values
nhtsa_crash,sensor_attachment,IMPACTOR CG,IMPACTOR_CG,Derived dictionary value; rebuildable from canonical tables.,563,468,155,instrumentation_info,$.results[*].sensorAttachment,instrumentation_channels,sensor_attachment,derived_rebuildable_code_values
nhtsa_crash,sensor_attachment,KNEE CONTACT,KNEE_CONTACT,Derived dictionary value; rebuildable from canonical tables.,34,157,27,instrumentation_info,$.results[*].sensorAttachment,instrumentation_channels,sensor_attachment,derived_rebuildable_code_values
nhtsa_crash,sensor_attachment,KNEE - LEFT,KNEE___LEFT,Derived dictionary value; rebuildable from canonical tables.,34,473,290,instrumentation_info,$.results[*].sensorAttachment,instrumentation_channels,sensor_attachment,derived_rebuildable_code_values
nhtsa_crash,sensor_attachment,KNEE - RIGHT,KNEE___RIGHT,Derived dictionary value; rebuildable from canonical tables.,34,654,312,instrumentation_info,$.results[*].sensorAttachment,instrumentation_channels,sensor_attachment,derived_rebuildable_code_values
nhtsa_crash,sensor_attachment,LAP BELT - INBOARD,LAP_BELT___INBOARD,Derived dictionary value; rebuildable from canonical tables.,66,90,86,instrumentation_info,$.results[*].sensorAttachment,instrumentation_channels,sensor_attachment,derived_rebuildable_code_values
nhtsa_crash,sensor_attachment,LAP BELT - OUTBOARD,LAP_BELT___OUTBOARD,Derived dictionary value; rebuildable from canonical tables.,1,2372,1295,instrumentation_info,$.results[*].sensorAttachment,instrumentation_channels,sensor_attachment,derived_rebuildable_code_values
nhtsa_crash,sensor_attachment,LDW TRIAL 01,LDW_TRIAL_01,Derived dictionary value; rebuildable from canonical tables.,36,101,15,instrumentation_info,$.results[*].sensorAttachment,instrumentation_channels,sensor_attachment,derived_rebuildable_code_values
nhtsa_crash,sensor_attachment,LDW TRIAL 02,LDW_TRIAL_02,Derived dictionary value; rebuildable from canonical tables.,36,140,20,instrumentation_info,$.results[*].sensorAttachment,instrumentation_channels,sensor_attachment,derived_rebuildable_code_values
nhtsa_crash,sensor_attachment,LDW TRIAL 03,LDW_TRIAL_03,Derived dictionary value; rebuildable from canonical tables.,36,180,26,instrumentation_info,$.results[*].sensorAttachment,instrumentation_channels,sensor_attachment,derived_rebuildable_code_values
nhtsa_crash,sensor_attachment,LDW TRIAL 04,LDW_TRIAL_04,Derived dictionary value; rebuildable from canonical tables.,36,179,26,instrumentation_info,$.results[*].sensorAttachment,instrumentation_channels,sensor_attachment,derived_rebuildable_code_values
nhtsa_crash,sensor_attachment,LDW TRIAL 05,LDW_TRIAL_05,Derived dictionary value; rebuildable from canonical tables.,524,179,26,instrumentation_info,$.results[*].sensorAttachment,instrumentation_channels,sensor_attachment,derived_rebuildable_code_values
nhtsa_crash,sensor_attachment,LDW TRIAL 06,LDW_TRIAL_06,Derived dictionary value; rebuildable from canonical tables.,36,177,26,instrumentation_info,$.results[*].sensorAttachment,instrumentation_channels,sensor_attachment,derived_rebuildable_code_values
nhtsa_crash,sensor_attachment,LDW TRIAL 07,LDW_TRIAL_07,Derived dictionary value; rebuildable from canonical tables.,513,186,27,instrumentation_info,$.results[*].sensorAttachment,instrumentation_channels,sensor_attachment,derived_rebuildable_code_values
nhtsa_crash,sensor_attachment,LDW TRIAL 08,LDW_TRIAL_08,Derived dictionary value; rebuildable from canonical tables.,513,163,24,instrumentation_info,$.results[*].sensorAttachment,instrumentation_channels,sensor_attachment,derived_rebuildable_code_values
nhtsa_crash,sensor_attachment,LDW TRIAL 09,LDW_TRIAL_09,Derived dictionary value; rebuildable from canonical tables.,36,186,27,instrumentation_info,$.results[*].sensorAttachment,instrumentation_channels,sensor_attachment,derived_rebuildable_code_values
nhtsa_crash,sensor_attachment,LDW TRIAL 10,LDW_TRIAL_10,Derived dictionary value; rebuildable from canonical tables.,36,213,31,instrumentation_info,$.results[*].sensorAttachment,instrumentation_channels,sensor_attachment,derived_rebuildable_code_values
nhtsa_crash,sensor_attachment,LDW TRIAL 11,LDW_TRIAL_11,Derived dictionary value; rebuildable from canonical tables.,500,166,24,instrumentation_info,$.results[*].sensorAttachment,instrumentation_channels,sensor_attachment,derived_rebuildable_code_values
nhtsa_crash,sensor_attachment,LDW TRIAL 12,LDW_TRIAL_12,Derived dictionary value; rebuildable from canonical tables.,36,199,29,instrumentation_info,$.results[*].sensorAttachment,instrumentation_channels,sensor_attachment,derived_rebuildable_code_values
nhtsa_crash,sensor_attachment,LDW TRIAL 13,LDW_TRIAL_13,Derived dictionary value; rebuildable from canonical tables.,513,198,29,instrumentation_info,$.results[*].sensorAttachment,instrumentation_channels,sensor_attachment,derived_rebuildable_code_values
nhtsa_crash,sensor_attachment,LDW TRIAL 14,LDW_TRIAL_14,Derived dictionary value; rebuildable from canonical tables.,36,194,28,instrumentation_info,$.results[*].sensorAttachment,instrumentation_channels,sensor_attachment,derived_rebuildable_code_values
nhtsa_crash,sensor_attachment,LDW TRIAL 15,LDW_TRIAL_15,Derived dictionary value; rebuildable from canonical tables.,500,141,21,instrumentation_info,$.results[*].sensorAttachment,instrumentation_channels,sensor_attachment,derived_rebuildable_code_values
nhtsa_crash,sensor_attachment,LDW TRIAL 16,LDW_TRIAL_16,Derived dictionary value; rebuildable from canonical tables.,36,199,29,instrumentation_info,$.results[*].sensorAttachment,instrumentation_channels,sensor_attachment,derived_rebuildable_code_values
nhtsa_crash,sensor_attachment,LDW TRIAL 17,LDW_TRIAL_17,Derived dictionary value; rebuildable from canonical tables.,500,192,28,instrumentation_info,$.results[*].sensorAttachment,instrumentation_channels,sensor_attachment,derived_rebuildable_code_values
nhtsa_crash,sensor_attachment,LDW TRIAL 18,LDW_TRIAL_18,Derived dictionary value; rebuildable from canonical tables.,500,193,28,instrumentation_info,$.results[*].sensorAttachment,instrumentation_channels,sensor_attachment,derived_rebuildable_code_values
nhtsa_crash,sensor_attachment,LDW TRIAL 19,LDW_TRIAL_19,Derived dictionary value; rebuildable from canonical tables.,36,193,28,instrumentation_info,$.results[*].sensorAttachment,instrumentation_channels,sensor_attachment,derived_rebuildable_code_values
nhtsa_crash,sensor_attachment,LDW TRIAL 20,LDW_TRIAL_20,Derived dictionary value; rebuildable from canonical tables.,500,192,28,instrumentation_info,$.results[*].sensorAttachment,instrumentation_channels,sensor_attachment,derived_rebuildable_code_values
nhtsa_crash,sensor_attachment,LDW TRIAL 21,LDW_TRIAL_21,Derived dictionary value; rebuildable from canonical tables.,36,199,29,instrumentation_info,$.results[*].sensorAttachment,instrumentation_channels,sensor_attachment,derived_rebuildable_code_values
nhtsa_crash,sensor_attachment,LDW TRIAL 22,LDW_TRIAL_22,Derived dictionary value; rebuildable from canonical tables.,500,191,28,instrumentation_info,$.results[*].sensorAttachment,instrumentation_channels,sensor_attachment,derived_rebuildable_code_values
nhtsa_crash,sensor_attachment,LDW TRIAL 23,LDW_TRIAL_23,Derived dictionary value; rebuildable from canonical tables.,36,193,28,instrumentation_info,$.results[*].sensorAttachment,instrumentation_channels,sensor_attachment,derived_rebuildable_code_values
nhtsa_crash,sensor_attachment,LDW TRIAL 24,LDW_TRIAL_24,Derived dictionary value; rebuildable from canonical tables.,36,192,28,instrumentation_info,$.results[*].sensorAttachment,instrumentation_channels,sensor_attachment,derived_rebuildable_code_values
nhtsa_crash,sensor_attachment,LDW TRIAL 25,LDW_TRIAL_25,Derived dictionary value; rebuildable from canonical tables.,36,186,27,instrumentation_info,$.results[*].sensorAttachment,instrumentation_channels,sensor_attachment,derived_rebuildable_code_values
nhtsa_crash,sensor_attachment,LDW TRIAL 26,LDW_TRIAL_26,Derived dictionary value; rebuildable from canonical tables.,500,192,28,instrumentation_info,$.results[*].sensorAttachment,instrumentation_channels,sensor_attachment,derived_rebuildable_code_values
nhtsa_crash,sensor_attachment,LDW TRIAL 27,LDW_TRIAL_27,Derived dictionary value; rebuildable from canonical tables.,500,186,27,instrumentation_info,$.results[*].sensorAttachment,instrumentation_channels,sensor_attachment,derived_rebuildable_code_values
nhtsa_crash,sensor_attachment,LDW TRIAL 28,LDW_TRIAL_28,Derived dictionary value; rebuildable from canonical tables.,36,186,27,instrumentation_info,$.results[*].sensorAttachment,instrumentation_channels,sensor_attachment,derived_rebuildable_code_values
nhtsa_crash,sensor_attachment,LDW TRIAL 29,LDW_TRIAL_29,Derived dictionary value; rebuildable from canonical tables.,36,202,29,instrumentation_info,$.results[*].sensorAttachment,instrumentation_channels,sensor_attachment,derived_rebuildable_code_values
nhtsa_crash,sensor_attachment,LDW TRIAL 30,LDW_TRIAL_30,Derived dictionary value; rebuildable from canonical tables.,36,214,31,instrumentation_info,$.results[*].sensorAttachment,instrumentation_channels,sensor_attachment,derived_rebuildable_code_values
nhtsa_crash,sensor_attachment,LDW TRIAL 31,LDW_TRIAL_31,Derived dictionary value; rebuildable from canonical tables.,36,206,30,instrumentation_info,$.results[*].sensorAttachment,instrumentation_channels,sensor_attachment,derived_rebuildable_code_values
nhtsa_crash,sensor_attachment,LDW TRIAL 32,LDW_TRIAL_32,Derived dictionary value; rebuildable from canonical tables.,36,194,28,instrumentation_info,$.results[*].sensorAttachment,instrumentation_channels,sensor_attachment,derived_rebuildable_code_values
nhtsa_crash,sensor_attachment,LDW TRIAL 33,LDW_TRIAL_33,Derived dictionary value; rebuildable from canonical tables.,500,198,29,instrumentation_info,$.results[*].sensorAttachment,instrumentation_channels,sensor_attachment,derived_rebuildable_code_values
nhtsa_crash,sensor_attachment,LDW TRIAL 34,LDW_TRIAL_34,Derived dictionary value; rebuildable from canonical tables.,513,178,26,instrumentation_info,$.results[*].sensorAttachment,instrumentation_channels,sensor_attachment,derived_rebuildable_code_values
nhtsa_crash,sensor_attachment,LDW TRIAL 35,LDW_TRIAL_35,Derived dictionary value; rebuildable from canonical tables.,513,163,24,instrumentation_info,$.results[*].sensorAttachment,instrumentation_channels,sensor_attachment,derived_rebuildable_code_values
nhtsa_crash,sensor_attachment,LDW TRIAL 36,LDW_TRIAL_36,Derived dictionary value; rebuildable from canonical tables.,36,165,24,instrumentation_info,$.results[*].sensorAttachment,instrumentation_channels,sensor_attachment,derived_rebuildable_code_values
nhtsa_crash,sensor_attachment,LDW TRIAL 37,LDW_TRIAL_37,Derived dictionary value; rebuildable from canonical tables.,36,180,26,instrumentation_info,$.results[*].sensorAttachment,instrumentation_channels,sensor_attachment,derived_rebuildable_code_values
nhtsa_crash,sensor_attachment,LDW TRIAL 38,LDW_TRIAL_38,Derived dictionary value; rebuildable from canonical tables.,513,178,26,instrumentation_info,$.results[*].sensorAttachment,instrumentation_channels,sensor_attachment,derived_rebuildable_code_values
nhtsa_crash,sensor_attachment,LDW TRIAL 39,LDW_TRIAL_39,Derived dictionary value; rebuildable from canonical tables.,500,163,24,instrumentation_info,$.results[*].sensorAttachment,instrumentation_channels,sensor_attachment,derived_rebuildable_code_values
nhtsa_crash,sensor_attachment,LDW TRIAL 40,LDW_TRIAL_40,Derived dictionary value; rebuildable from canonical tables.,36,190,28,instrumentation_info,$.results[*].sensorAttachment,instrumentation_channels,sensor_attachment,derived_rebuildable_code_values
nhtsa_crash,sensor_attachment,LDW TRIAL 41,LDW_TRIAL_41,Derived dictionary value; rebuildable from canonical tables.,36,165,24,instrumentation_info,$.results[*].sensorAttachment,instrumentation_channels,sensor_attachment,derived_rebuildable_code_values
nhtsa_crash,sensor_attachment,LDW TRIAL 42,LDW_TRIAL_42,Derived dictionary value; rebuildable from canonical tables.,36,186,27,instrumentation_info,$.results[*].sensorAttachment,instrumentation_channels,sensor_attachment,derived_rebuildable_code_values
nhtsa_crash,sensor_attachment,LDW TRIAL 43,LDW_TRIAL_43,Derived dictionary value; rebuildable from canonical tables.,500,170,25,instrumentation_info,$.results[*].sensorAttachment,instrumentation_channels,sensor_attachment,derived_rebuildable_code_values
nhtsa_crash,sensor_attachment,LDW TRIAL 44,LDW_TRIAL_44,Derived dictionary value; rebuildable from canonical tables.,500,164,24,instrumentation_info,$.results[*].sensorAttachment,instrumentation_channels,sensor_attachment,derived_rebuildable_code_values
nhtsa_crash,sensor_attachment,LDW TRIAL 45,LDW_TRIAL_45,Derived dictionary value; rebuildable from canonical tables.,500,158,23,instrumentation_info,$.results[*].sensorAttachment,instrumentation_channels,sensor_attachment,derived_rebuildable_code_values
nhtsa_crash,sensor_attachment,LDW TRIAL 46,LDW_TRIAL_46,Derived dictionary value; rebuildable from canonical tables.,36,139,20,instrumentation_info,$.results[*].sensorAttachment,instrumentation_channels,sensor_attachment,derived_rebuildable_code_values
nhtsa_crash,sensor_attachment,LDW TRIAL 47,LDW_TRIAL_47,Derived dictionary value; rebuildable from canonical tables.,513,105,15,instrumentation_info,$.results[*].sensorAttachment,instrumentation_channels,sensor_attachment,derived_rebuildable_code_values
nhtsa_crash,sensor_attachment,LDW TRIAL 48,LDW_TRIAL_48,Derived dictionary value; rebuildable from canonical tables.,36,126,18,instrumentation_info,$.results[*].sensorAttachment,instrumentation_channels,sensor_attachment,derived_rebuildable_code_values
nhtsa_crash,sensor_attachment,LDW TRIAL 49,LDW_TRIAL_49,Derived dictionary value; rebuildable from canonical tables.,500,90,13,instrumentation_info,$.results[*].sensorAttachment,instrumentation_channels,sensor_attachment,derived_rebuildable_code_values
nhtsa_crash,sensor_attachment,LDW TRIAL 50,LDW_TRIAL_50,Derived dictionary value; rebuildable from canonical tables.,36,78,11,instrumentation_info,$.results[*].sensorAttachment,instrumentation_channels,sensor_attachment,derived_rebuildable_code_values
nhtsa_crash,sensor_attachment,LDW TRIAL 51,LDW_TRIAL_51,Derived dictionary value; rebuildable from canonical tables.,500,47,7,instrumentation_info,$.results[*].sensorAttachment,instrumentation_channels,sensor_attachment,derived_rebuildable_code_values
nhtsa_crash,sensor_attachment,LDW TRIAL 52,LDW_TRIAL_52,Derived dictionary value; rebuildable from canonical tables.,36,48,7,instrumentation_info,$.results[*].sensorAttachment,instrumentation_channels,sensor_attachment,derived_rebuildable_code_values
nhtsa_crash,sensor_attachment,LDW TRIAL 53,LDW_TRIAL_53,Derived dictionary value; rebuildable from canonical tables.,500,38,6,instrumentation_info,$.results[*].sensorAttachment,instrumentation_channels,sensor_attachment,derived_rebuildable_code_values
nhtsa_crash,sensor_attachment,LDW TRIAL 54,LDW_TRIAL_54,Derived dictionary value; rebuildable from canonical tables.,36,40,6,instrumentation_info,$.results[*].sensorAttachment,instrumentation_channels,sensor_attachment,derived_rebuildable_code_values
nhtsa_crash,sensor_attachment,LDW TRIAL 55,LDW_TRIAL_55,Derived dictionary value; rebuildable from canonical tables.,500,25,4,instrumentation_info,$.results[*].sensorAttachment,instrumentation_channels,sensor_attachment,derived_rebuildable_code_values
nhtsa_crash,sensor_attachment,LDW TRIAL 56,LDW_TRIAL_56,Derived dictionary value; rebuildable from canonical tables.,790,6,1,instrumentation_info,$.results[*].sensorAttachment,instrumentation_channels,sensor_attachment,derived_rebuildable_code_values
nhtsa_crash,sensor_attachment,LDW TRIAL 57,LDW_TRIAL_57,Derived dictionary value; rebuildable from canonical tables.,790,20,3,instrumentation_info,$.results[*].sensorAttachment,instrumentation_channels,sensor_attachment,derived_rebuildable_code_values
nhtsa_crash,sensor_attachment,LDW TRIAL 58,LDW_TRIAL_58,Derived dictionary value; rebuildable from canonical tables.,500,20,3,instrumentation_info,$.results[*].sensorAttachment,instrumentation_channels,sensor_attachment,derived_rebuildable_code_values
nhtsa_crash,sensor_attachment,LDW TRIAL 59,LDW_TRIAL_59,Derived dictionary value; rebuildable from canonical tables.,500,20,3,instrumentation_info,$.results[*].sensorAttachment,instrumentation_channels,sensor_attachment,derived_rebuildable_code_values
nhtsa_crash,sensor_attachment,LDW TRIAL 60,LDW_TRIAL_60,Derived dictionary value; rebuildable from canonical tables.,500,20,3,instrumentation_info,$.results[*].sensorAttachment,instrumentation_channels,sensor_attachment,derived_rebuildable_code_values
nhtsa_crash,sensor_attachment,LDW TRIAL 61,LDW_TRIAL_61,Derived dictionary value; rebuildable from canonical tables.,1262,7,1,instrumentation_info,$.results[*].sensorAttachment,instrumentation_channels,sensor_attachment,derived_rebuildable_code_values
nhtsa_crash,sensor_attachment,LDW TRIAL 62,LDW_TRIAL_62,Derived dictionary value; rebuildable from canonical tables.,500,14,2,instrumentation_info,$.results[*].sensorAttachment,instrumentation_channels,sensor_attachment,derived_rebuildable_code_values
nhtsa_crash,sensor_attachment,LDW TRIAL 63,LDW_TRIAL_63,Derived dictionary value; rebuildable from canonical tables.,1262,7,1,instrumentation_info,$.results[*].sensorAttachment,instrumentation_channels,sensor_attachment,derived_rebuildable_code_values
nhtsa_crash,sensor_attachment,LDW TRIAL 64,LDW_TRIAL_64,Derived dictionary value; rebuildable from canonical tables.,500,14,2,instrumentation_info,$.results[*].sensorAttachment,instrumentation_channels,sensor_attachment,derived_rebuildable_code_values
nhtsa_crash,sensor_attachment,LDW TRIAL 65,LDW_TRIAL_65,Derived dictionary value; rebuildable from canonical tables.,500,21,3,instrumentation_info,$.results[*].sensorAttachment,instrumentation_channels,sensor_attachment,derived_rebuildable_code_values
nhtsa_crash,sensor_attachment,LDW TRIAL 66,LDW_TRIAL_66,Derived dictionary value; rebuildable from canonical tables.,500,21,3,instrumentation_info,$.results[*].sensorAttachment,instrumentation_channels,sensor_attachment,derived_rebuildable_code_values
nhtsa_crash,sensor_attachment,LDW TRIAL 67,LDW_TRIAL_67,Derived dictionary value; rebuildable from canonical tables.,524,14,2,instrumentation_info,$.results[*].sensorAttachment,instrumentation_channels,sensor_attachment,derived_rebuildable_code_values
nhtsa_crash,sensor_attachment,LDW TRIAL 68,LDW_TRIAL_68,Derived dictionary value; rebuildable from canonical tables.,524,21,3,instrumentation_info,$.results[*].sensorAttachment,instrumentation_channels,sensor_attachment,derived_rebuildable_code_values
nhtsa_crash,sensor_attachment,LDW TRIAL 69,LDW_TRIAL_69,Derived dictionary value; rebuildable from canonical tables.,524,14,2,instrumentation_info,$.results[*].sensorAttachment,instrumentation_channels,sensor_attachment,derived_rebuildable_code_values
nhtsa_crash,sensor_attachment,LDW TRIAL 70,LDW_TRIAL_70,Derived dictionary value; rebuildable from canonical tables.,524,21,3,instrumentation_info,$.results[*].sensorAttachment,instrumentation_channels,sensor_attachment,derived_rebuildable_code_values
nhtsa_crash,sensor_attachment,LDW TRIAL 71,LDW_TRIAL_71,Derived dictionary value; rebuildable from canonical tables.,1262,7,1,instrumentation_info,$.results[*].sensorAttachment,instrumentation_channels,sensor_attachment,derived_rebuildable_code_values
nhtsa_crash,sensor_attachment,LDW TRIAL 72,LDW_TRIAL_72,Derived dictionary value; rebuildable from canonical tables.,1262,7,1,instrumentation_info,$.results[*].sensorAttachment,instrumentation_channels,sensor_attachment,derived_rebuildable_code_values
nhtsa_crash,sensor_attachment,LDW TRIAL 73,LDW_TRIAL_73,Derived dictionary value; rebuildable from canonical tables.,1262,7,1,instrumentation_info,$.results[*].sensorAttachment,instrumentation_channels,sensor_attachment,derived_rebuildable_code_values
nhtsa_crash,sensor_attachment,LEFT A-POST @ SILL,LEFT_A_POST_@_SILL,Derived dictionary value; rebuildable from canonical tables.,2,600,600,instrumentation_info,$.results[*].sensorAttachment,instrumentation_channels,sensor_attachment,derived_rebuildable_code_values
nhtsa_crash,sensor_attachment,LEFT B-POST @ SILL,LEFT_B_POST_@_SILL,Derived dictionary value; rebuildable from canonical tables.,2,599,599,instrumentation_info,$.results[*].sensorAttachment,instrumentation_channels,sensor_attachment,derived_rebuildable_code_values
nhtsa_crash,sensor_attachment,LEFT LOWER A-POST,LEFT_LOWER_A_POST,Derived dictionary value; rebuildable from canonical tables.,2,1250,1250,instrumentation_info,$.results[*].sensorAttachment,instrumentation_channels,sensor_attachment,derived_rebuildable_code_values
nhtsa_crash,sensor_attachment,LEFT LOWER B-POST,LEFT_LOWER_B_POST,Derived dictionary value; rebuildable from canonical tables.,2,1250,1250,instrumentation_info,$.results[*].sensorAttachment,instrumentation_channels,sensor_attachment,derived_rebuildable_code_values
nhtsa_crash,sensor_attachment,LEFT MID A-POST,LEFT_MID_A_POST,Derived dictionary value; rebuildable from canonical tables.,2,1250,1250,instrumentation_info,$.results[*].sensorAttachment,instrumentation_channels,sensor_attachment,derived_rebuildable_code_values
nhtsa_crash,sensor_attachment,LEFT MID B-POST,LEFT_MID_B_POST,Derived dictionary value; rebuildable from canonical tables.,2,1250,1250,instrumentation_info,$.results[*].sensorAttachment,instrumentation_channels,sensor_attachment,derived_rebuildable_code_values
nhtsa_crash,sensor_attachment,LEFT REAR SEAT,LEFT_REAR_SEAT,Derived dictionary value; rebuildable from canonical tables.,4,555,553,instrumentation_info,$.results[*].sensorAttachment,instrumentation_channels,sensor_attachment,derived_rebuildable_code_values
nhtsa_crash,sensor_attachment,LOAD CELL A1,LOAD_CELL_A1,Derived dictionary value; rebuildable from canonical tables.,10,112,112,instrumentation_info,$.results[*].sensorAttachment,instrumentation_channels,sensor_attachment,derived_rebuildable_code_values
nhtsa_crash,sensor_attachment,LOAD CELL A2,LOAD_CELL_A2,Derived dictionary value; rebuildable from canonical tables.,10,112,112,instrumentation_info,$.results[*].sensorAttachment,instrumentation_channels,sensor_attachment,derived_rebuildable_code_values
nhtsa_crash,sensor_attachment,LOAD CELL A3,LOAD_CELL_A3,Derived dictionary value; rebuildable from canonical tables.,10,112,112,instrumentation_info,$.results[*].sensorAttachment,instrumentation_channels,sensor_attachment,derived_rebuildable_code_values
nhtsa_crash,sensor_attachment,LOAD CELL A4,LOAD_CELL_A4,Derived dictionary value; rebuildable from canonical tables.,10,112,112,instrumentation_info,$.results[*].sensorAttachment,instrumentation_channels,sensor_attachment,derived_rebuildable_code_values
nhtsa_crash,sensor_attachment,LOAD CELL A5,LOAD_CELL_A5,Derived dictionary value; rebuildable from canonical tables.,10,112,112,instrumentation_info,$.results[*].sensorAttachment,instrumentation_channels,sensor_attachment,derived_rebuildable_code_values
nhtsa_crash,sensor_attachment,LOAD CELL A6,LOAD_CELL_A6,Derived dictionary value; rebuildable from canonical tables.,10,112,112,instrumentation_info,$.results[*].sensorAttachment,instrumentation_channels,sensor_attachment,derived_rebuildable_code_values
nhtsa_crash,sensor_attachment,LOAD CELL A7,LOAD_CELL_A7,Derived dictionary value; rebuildable from canonical tables.,10,112,112,instrumentation_info,$.results[*].sensorAttachment,instrumentation_channels,sensor_attachment,derived_rebuildable_code_values
nhtsa_crash,sensor_attachment,LOAD CELL A8,LOAD_CELL_A8,Derived dictionary value; rebuildable from canonical tables.,10,112,112,instrumentation_info,$.results[*].sensorAttachment,instrumentation_channels,sensor_attachment,derived_rebuildable_code_values
nhtsa_crash,sensor_attachment,LOAD CELL A9,LOAD_CELL_A9,Derived dictionary value; rebuildable from canonical tables.,10,112,112,instrumentation_info,$.results[*].sensorAttachment,instrumentation_channels,sensor_attachment,derived_rebuildable_code_values
nhtsa_crash,sensor_attachment,LOAD CELL B1,LOAD_CELL_B1,Derived dictionary value; rebuildable from canonical tables.,10,112,112,instrumentation_info,$.results[*].sensorAttachment,instrumentation_channels,sensor_attachment,derived_rebuildable_code_values
nhtsa_crash,sensor_attachment,LOAD CELL B2,LOAD_CELL_B2,Derived dictionary value; rebuildable from canonical tables.,10,112,112,instrumentation_info,$.results[*].sensorAttachment,instrumentation_channels,sensor_attachment,derived_rebuildable_code_values
nhtsa_crash,sensor_attachment,LOAD CELL B3,LOAD_CELL_B3,Derived dictionary value; rebuildable from canonical tables.,10,112,112,instrumentation_info,$.results[*].sensorAttachment,instrumentation_channels,sensor_attachment,derived_rebuildable_code_values
nhtsa_crash,sensor_attachment,LOAD CELL B4,LOAD_CELL_B4,Derived dictionary value; rebuildable from canonical tables.,10,112,112,instrumentation_info,$.results[*].sensorAttachment,instrumentation_channels,sensor_attachment,derived_rebuildable_code_values
nhtsa_crash,sensor_attachment,LOAD CELL B5,LOAD_CELL_B5,Derived dictionary value; rebuildable from canonical tables.,10,112,112,instrumentation_info,$.results[*].sensorAttachment,instrumentation_channels,sensor_attachment,derived_rebuildable_code_values
nhtsa_crash,sensor_attachment,LOAD CELL B6,LOAD_CELL_B6,Derived dictionary value; rebuildable from canonical tables.,10,112,112,instrumentation_info,$.results[*].sensorAttachment,instrumentation_channels,sensor_attachment,derived_rebuildable_code_values
nhtsa_crash,sensor_attachment,LOAD CELL B7,LOAD_CELL_B7,Derived dictionary value; rebuildable from canonical tables.,10,112,112,instrumentation_info,$.results[*].sensorAttachment,instrumentation_channels,sensor_attachment,derived_rebuildable_code_values
nhtsa_crash,sensor_attachment,LOAD CELL B8,LOAD_CELL_B8,Derived dictionary value; rebuildable from canonical tables.,10,112,112,instrumentation_info,$.results[*].sensorAttachment,instrumentation_channels,sensor_attachment,derived_rebuildable_code_values
nhtsa_crash,sensor_attachment,LOAD CELL B9,LOAD_CELL_B9,Derived dictionary value; rebuildable from canonical tables.,10,112,112,instrumentation_info,$.results[*].sensorAttachment,instrumentation_channels,sensor_attachment,derived_rebuildable_code_values
nhtsa_crash,sensor_attachment,LOAD CELL C1,LOAD_CELL_C1,Derived dictionary value; rebuildable from canonical tables.,10,112,112,instrumentation_info,$.results[*].sensorAttachment,instrumentation_channels,sensor_attachment,derived_rebuildable_code_values
nhtsa_crash,sensor_attachment,LOAD CELL C2,LOAD_CELL_C2,Derived dictionary value; rebuildable from canonical tables.,10,112,112,instrumentation_info,$.results[*].sensorAttachment,instrumentation_channels,sensor_attachment,derived_rebuildable_code_values
nhtsa_crash,sensor_attachment,LOAD CELL C3,LOAD_CELL_C3,Derived dictionary value; rebuildable from canonical tables.,10,112,112,instrumentation_info,$.results[*].sensorAttachment,instrumentation_channels,sensor_attachment,derived_rebuildable_code_values
nhtsa_crash,sensor_attachment,LOAD CELL C4,LOAD_CELL_C4,Derived dictionary value; rebuildable from canonical tables.,10,112,112,instrumentation_info,$.results[*].sensorAttachment,instrumentation_channels,sensor_attachment,derived_rebuildable_code_values
nhtsa_crash,sensor_attachment,LOAD CELL C5,LOAD_CELL_C5,Derived dictionary value; rebuildable from canonical tables.,10,112,112,instrumentation_info,$.results[*].sensorAttachment,instrumentation_channels,sensor_attachment,derived_rebuildable_code_values
nhtsa_crash,sensor_attachment,LOAD CELL C6,LOAD_CELL_C6,Derived dictionary value; rebuildable from canonical tables.,10,112,112,instrumentation_info,$.results[*].sensorAttachment,instrumentation_channels,sensor_attachment,derived_rebuildable_code_values
nhtsa_crash,sensor_attachment,LOAD CELL C7,LOAD_CELL_C7,Derived dictionary value; rebuildable from canonical tables.,10,112,112,instrumentation_info,$.results[*].sensorAttachment,instrumentation_channels,sensor_attachment,derived_rebuildable_code_values
nhtsa_crash,sensor_attachment,LOAD CELL C8,LOAD_CELL_C8,Derived dictionary value; rebuildable from canonical tables.,10,112,112,instrumentation_info,$.results[*].sensorAttachment,instrumentation_channels,sensor_attachment,derived_rebuildable_code_values
nhtsa_crash,sensor_attachment,LOAD CELL C9,LOAD_CELL_C9,Derived dictionary value; rebuildable from canonical tables.,10,112,112,instrumentation_info,$.results[*].sensorAttachment,instrumentation_channels,sensor_attachment,derived_rebuildable_code_values
nhtsa_crash,sensor_attachment,LOAD CELL D1,LOAD_CELL_D1,Derived dictionary value; rebuildable from canonical tables.,10,112,112,instrumentation_info,$.results[*].sensorAttachment,instrumentation_channels,sensor_attachment,derived_rebuildable_code_values
nhtsa_crash,sensor_attachment,LOAD CELL D2,LOAD_CELL_D2,Derived dictionary value; rebuildable from canonical tables.,10,112,112,instrumentation_info,$.results[*].sensorAttachment,instrumentation_channels,sensor_attachment,derived_rebuildable_code_values
nhtsa_crash,sensor_attachment,LOAD CELL D3,LOAD_CELL_D3,Derived dictionary value; rebuildable from canonical tables.,10,112,112,instrumentation_info,$.results[*].sensorAttachment,instrumentation_channels,sensor_attachment,derived_rebuildable_code_values
nhtsa_crash,sensor_attachment,LOAD CELL D4,LOAD_CELL_D4,Derived dictionary value; rebuildable from canonical tables.,10,112,112,instrumentation_info,$.results[*].sensorAttachment,instrumentation_channels,sensor_attachment,derived_rebuildable_code_values
nhtsa_crash,sensor_attachment,LOAD CELL D5,LOAD_CELL_D5,Derived dictionary value; rebuildable from canonical tables.,10,112,112,instrumentation_info,$.results[*].sensorAttachment,instrumentation_channels,sensor_attachment,derived_rebuildable_code_values
nhtsa_crash,sensor_attachment,LOAD CELL D6,LOAD_CELL_D6,Derived dictionary value; rebuildable from canonical tables.,10,112,112,instrumentation_info,$.results[*].sensorAttachment,instrumentation_channels,sensor_attachment,derived_rebuildable_code_values
nhtsa_crash,sensor_attachment,LOAD CELL D7,LOAD_CELL_D7,Derived dictionary value; rebuildable from canonical tables.,10,112,112,instrumentation_info,$.results[*].sensorAttachment,instrumentation_channels,sensor_attachment,derived_rebuildable_code_values
nhtsa_crash,sensor_attachment,LOAD CELL D8,LOAD_CELL_D8,Derived dictionary value; rebuildable from canonical tables.,10,112,112,instrumentation_info,$.results[*].sensorAttachment,instrumentation_channels,sensor_attachment,derived_rebuildable_code_values
nhtsa_crash,sensor_attachment,LOAD CELL D9,LOAD_CELL_D9,Derived dictionary value; rebuildable from canonical tables.,10,112,112,instrumentation_info,$.results[*].sensorAttachment,instrumentation_channels,sensor_attachment,derived_rebuildable_code_values
nhtsa_crash,sensor_attachment,LOAD CELL POLE 1,LOAD_CELL_POLE_1,Derived dictionary value; rebuildable from canonical tables.,2,577,577,instrumentation_info,$.results[*].sensorAttachment,instrumentation_channels,sensor_attachment,derived_rebuildable_code_values
nhtsa_crash,sensor_attachment,LOAD CELL POLE 2,LOAD_CELL_POLE_2,Derived dictionary value; rebuildable from canonical tables.,2,577,577,instrumentation_info,$.results[*].sensorAttachment,instrumentation_channels,sensor_attachment,derived_rebuildable_code_values
nhtsa_crash,sensor_attachment,LOAD CELL POLE 3,LOAD_CELL_POLE_3,Derived dictionary value; rebuildable from canonical tables.,2,578,578,instrumentation_info,$.results[*].sensorAttachment,instrumentation_channels,sensor_attachment,derived_rebuildable_code_values
nhtsa_crash,sensor_attachment,LOAD CELL POLE 4,LOAD_CELL_POLE_4,Derived dictionary value; rebuildable from canonical tables.,2,578,578,instrumentation_info,$.results[*].sensorAttachment,instrumentation_channels,sensor_attachment,derived_rebuildable_code_values
nhtsa_crash,sensor_attachment,LOAD CELL POLE 5,LOAD_CELL_POLE_5,Derived dictionary value; rebuildable from canonical tables.,2,578,578,instrumentation_info,$.results[*].sensorAttachment,instrumentation_channels,sensor_attachment,derived_rebuildable_code_values
nhtsa_crash,sensor_attachment,LOAD CELL POLE 6,LOAD_CELL_POLE_6,Derived dictionary value; rebuildable from canonical tables.,2,578,578,instrumentation_info,$.results[*].sensorAttachment,instrumentation_channels,sensor_attachment,derived_rebuildable_code_values
nhtsa_crash,sensor_attachment,LOAD CELL POLE 7,LOAD_CELL_POLE_7,Derived dictionary value; rebuildable from canonical tables.,2,577,577,instrumentation_info,$.results[*].sensorAttachment,instrumentation_channels,sensor_attachment,derived_rebuildable_code_values
nhtsa_crash,sensor_attachment,LOAD CELL POLE 8,LOAD_CELL_POLE_8,Derived dictionary value; rebuildable from canonical tables.,2,578,577,instrumentation_info,$.results[*].sensorAttachment,instrumentation_channels,sensor_attachment,derived_rebuildable_code_values
nhtsa_crash,sensor_attachment,LOAD CELL ROW 10 COLUMN 1,LOAD_CELL_ROW_10_COLUMN_1,Derived dictionary value; rebuildable from canonical tables.,182,1090,426,instrumentation_info,$.results[*].sensorAttachment,instrumentation_channels,sensor_attachment,derived_rebuildable_code_values
nhtsa_crash,sensor_attachment,LOAD CELL ROW 10 COLUMN 10,LOAD_CELL_ROW_10_COLUMN_10,Derived dictionary value; rebuildable from canonical tables.,182,1090,426,instrumentation_info,$.results[*].sensorAttachment,instrumentation_channels,sensor_attachment,derived_rebuildable_code_values
nhtsa_crash,sensor_attachment,LOAD CELL ROW 10 COLUMN 11,LOAD_CELL_ROW_10_COLUMN_11,Derived dictionary value; rebuildable from canonical tables.,182,1090,426,instrumentation_info,$.results[*].sensorAttachment,instrumentation_channels,sensor_attachment,derived_rebuildable_code_values
nhtsa_crash,sensor_attachment,LOAD CELL ROW 10 COLUMN 12,LOAD_CELL_ROW_10_COLUMN_12,Derived dictionary value; rebuildable from canonical tables.,182,1090,426,instrumentation_info,$.results[*].sensorAttachment,instrumentation_channels,sensor_attachment,derived_rebuildable_code_values
nhtsa_crash,sensor_attachment,LOAD CELL ROW 10 COLUMN 13,LOAD_CELL_ROW_10_COLUMN_13,Derived dictionary value; rebuildable from canonical tables.,182,1090,426,instrumentation_info,$.results[*].sensorAttachment,instrumentation_channels,sensor_attachment,derived_rebuildable_code_values
nhtsa_crash,sensor_attachment,LOAD CELL ROW 10 COLUMN 14,LOAD_CELL_ROW_10_COLUMN_14,Derived dictionary value; rebuildable from canonical tables.,182,1090,426,instrumentation_info,$.results[*].sensorAttachment,instrumentation_channels,sensor_attachment,derived_rebuildable_code_values
nhtsa_crash,sensor_attachment,LOAD CELL ROW 10 COLUMN 15,LOAD_CELL_ROW_10_COLUMN_15,Derived dictionary value; rebuildable from canonical tables.,182,1090,426,instrumentation_info,$.results[*].sensorAttachment,instrumentation_channels,sensor_attachment,derived_rebuildable_code_values
nhtsa_crash,sensor_attachment,LOAD CELL ROW 10 COLUMN 16,LOAD_CELL_ROW_10_COLUMN_16,Derived dictionary value; rebuildable from canonical tables.,182,1090,426,instrumentation_info,$.results[*].sensorAttachment,instrumentation_channels,sensor_attachment,derived_rebuildable_code_values
nhtsa_crash,sensor_attachment,LOAD CELL ROW 10 COLUMN 2,LOAD_CELL_ROW_10_COLUMN_2,Derived dictionary value; rebuildable from canonical tables.,182,1090,426,instrumentation_info,$.results[*].sensorAttachment,instrumentation_channels,sensor_attachment,derived_rebuildable_code_values
nhtsa_crash,sensor_attachment,LOAD CELL ROW 10 COLUMN 3,LOAD_CELL_ROW_10_COLUMN_3,Derived dictionary value; rebuildable from canonical tables.,182,1090,426,instrumentation_info,$.results[*].sensorAttachment,instrumentation_channels,sensor_attachment,derived_rebuildable_code_values
nhtsa_crash,sensor_attachment,LOAD CELL ROW 10 COLUMN 4,LOAD_CELL_ROW_10_COLUMN_4,Derived dictionary value; rebuildable from canonical tables.,182,1090,426,instrumentation_info,$.results[*].sensorAttachment,instrumentation_channels,sensor_attachment,derived_rebuildable_code_values
nhtsa_crash,sensor_attachment,LOAD CELL ROW 10 COLUMN 5,LOAD_CELL_ROW_10_COLUMN_5,Derived dictionary value; rebuildable from canonical tables.,182,1090,426,instrumentation_info,$.results[*].sensorAttachment,instrumentation_channels,sensor_attachment,derived_rebuildable_code_values
nhtsa_crash,sensor_attachment,LOAD CELL ROW 10 COLUMN 6,LOAD_CELL_ROW_10_COLUMN_6,Derived dictionary value; rebuildable from canonical tables.,182,1090,426,instrumentation_info,$.results[*].sensorAttachment,instrumentation_channels,sensor_attachment,derived_rebuildable_code_values
nhtsa_crash,sensor_attachment,LOAD CELL ROW 10 COLUMN 7,LOAD_CELL_ROW_10_COLUMN_7,Derived dictionary value; rebuildable from canonical tables.,182,1090,426,instrumentation_info,$.results[*].sensorAttachment,instrumentation_channels,sensor_attachment,derived_rebuildable_code_values
nhtsa_crash,sensor_attachment,LOAD CELL ROW 10 COLUMN 8,LOAD_CELL_ROW_10_COLUMN_8,Derived dictionary value; rebuildable from canonical tables.,182,1090,426,instrumentation_info,$.results[*].sensorAttachment,instrumentation_channels,sensor_attachment,derived_rebuildable_code_values
nhtsa_crash,sensor_attachment,LOAD CELL ROW 10 COLUMN 9,LOAD_CELL_ROW_10_COLUMN_9,Derived dictionary value; rebuildable from canonical tables.,182,1090,426,instrumentation_info,$.results[*].sensorAttachment,instrumentation_channels,sensor_attachment,derived_rebuildable_code_values
nhtsa_crash,sensor_attachment,LOAD CELL ROW 11 COLUMN 1,LOAD_CELL_ROW_11_COLUMN_1,Derived dictionary value; rebuildable from canonical tables.,182,998,424,instrumentation_info,$.results[*].sensorAttachment,instrumentation_channels,sensor_attachment,derived_rebuildable_code_values
nhtsa_crash,sensor_attachment,LOAD CELL ROW 11 COLUMN 10,LOAD_CELL_ROW_11_COLUMN_10,Derived dictionary value; rebuildable from canonical tables.,182,998,424,instrumentation_info,$.results[*].sensorAttachment,instrumentation_channels,sensor_attachment,derived_rebuildable_code_values
nhtsa_crash,sensor_attachment,LOAD CELL ROW 11 COLUMN 11,LOAD_CELL_ROW_11_COLUMN_11,Derived dictionary value; rebuildable from canonical tables.,182,998,424,instrumentation_info,$.results[*].sensorAttachment,instrumentation_channels,sensor_attachment,derived_rebuildable_code_values
nhtsa_crash,sensor_attachment,LOAD CELL ROW 11 COLUMN 12,LOAD_CELL_ROW_11_COLUMN_12,Derived dictionary value; rebuildable from canonical tables.,182,998,424,instrumentation_info,$.results[*].sensorAttachment,instrumentation_channels,sensor_attachment,derived_rebuildable_code_values
nhtsa_crash,sensor_attachment,LOAD CELL ROW 11 COLUMN 13,LOAD_CELL_ROW_11_COLUMN_13,Derived dictionary value; rebuildable from canonical tables.,182,998,424,instrumentation_info,$.results[*].sensorAttachment,instrumentation_channels,sensor_attachment,derived_rebuildable_code_values
nhtsa_crash,sensor_attachment,LOAD CELL ROW 11 COLUMN 14,LOAD_CELL_ROW_11_COLUMN_14,Derived dictionary value; rebuildable from canonical tables.,182,998,424,instrumentation_info,$.results[*].sensorAttachment,instrumentation_channels,sensor_attachment,derived_rebuildable_code_values
nhtsa_crash,sensor_attachment,LOAD CELL ROW 11 COLUMN 15,LOAD_CELL_ROW_11_COLUMN_15,Derived dictionary value; rebuildable from canonical tables.,182,998,424,instrumentation_info,$.results[*].sensorAttachment,instrumentation_channels,sensor_attachment,derived_rebuildable_code_values
nhtsa_crash,sensor_attachment,LOAD CELL ROW 11 COLUMN 16,LOAD_CELL_ROW_11_COLUMN_16,Derived dictionary value; rebuildable from canonical tables.,182,998,424,instrumentation_info,$.results[*].sensorAttachment,instrumentation_channels,sensor_attachment,derived_rebuildable_code_values
nhtsa_crash,sensor_attachment,LOAD CELL ROW 11 COLUMN 2,LOAD_CELL_ROW_11_COLUMN_2,Derived dictionary value; rebuildable from canonical tables.,182,998,424,instrumentation_info,$.results[*].sensorAttachment,instrumentation_channels,sensor_attachment,derived_rebuildable_code_values
nhtsa_crash,sensor_attachment,LOAD CELL ROW 11 COLUMN 3,LOAD_CELL_ROW_11_COLUMN_3,Derived dictionary value; rebuildable from canonical tables.,182,998,424,instrumentation_info,$.results[*].sensorAttachment,instrumentation_channels,sensor_attachment,derived_rebuildable_code_values
nhtsa_crash,sensor_attachment,LOAD CELL ROW 11 COLUMN 4,LOAD_CELL_ROW_11_COLUMN_4,Derived dictionary value; rebuildable from canonical tables.,182,998,424,instrumentation_info,$.results[*].sensorAttachment,instrumentation_channels,sensor_attachment,derived_rebuildable_code_values
nhtsa_crash,sensor_attachment,LOAD CELL ROW 11 COLUMN 5,LOAD_CELL_ROW_11_COLUMN_5,Derived dictionary value; rebuildable from canonical tables.,182,998,424,instrumentation_info,$.results[*].sensorAttachment,instrumentation_channels,sensor_attachment,derived_rebuildable_code_values
nhtsa_crash,sensor_attachment,LOAD CELL ROW 11 COLUMN 6,LOAD_CELL_ROW_11_COLUMN_6,Derived dictionary value; rebuildable from canonical tables.,182,998,424,instrumentation_info,$.results[*].sensorAttachment,instrumentation_channels,sensor_attachment,derived_rebuildable_code_values
nhtsa_crash,sensor_attachment,LOAD CELL ROW 11 COLUMN 7,LOAD_CELL_ROW_11_COLUMN_7,Derived dictionary value; rebuildable from canonical tables.,182,998,424,instrumentation_info,$.results[*].sensorAttachment,instrumentation_channels,sensor_attachment,derived_rebuildable_code_values
nhtsa_crash,sensor_attachment,LOAD CELL ROW 11 COLUMN 8,LOAD_CELL_ROW_11_COLUMN_8,Derived dictionary value; rebuildable from canonical tables.,182,998,424,instrumentation_info,$.results[*].sensorAttachment,instrumentation_channels,sensor_attachment,derived_rebuildable_code_values
nhtsa_crash,sensor_attachment,LOAD CELL ROW 11 COLUMN 9,LOAD_CELL_ROW_11_COLUMN_9,Derived dictionary value; rebuildable from canonical tables.,182,998,424,instrumentation_info,$.results[*].sensorAttachment,instrumentation_channels,sensor_attachment,derived_rebuildable_code_values
nhtsa_crash,sensor_attachment,LOAD CELL ROW 1 COLUMN 1,LOAD_CELL_ROW_1_COLUMN_1,Derived dictionary value; rebuildable from canonical tables.,915,773,281,instrumentation_info,$.results[*].sensorAttachment,instrumentation_channels,sensor_attachment,derived_rebuildable_code_values
nhtsa_crash,sensor_attachment,LOAD CELL ROW 1 COLUMN 10,LOAD_CELL_ROW_1_COLUMN_10,Derived dictionary value; rebuildable from canonical tables.,915,773,281,instrumentation_info,$.results[*].sensorAttachment,instrumentation_channels,sensor_attachment,derived_rebuildable_code_values
nhtsa_crash,sensor_attachment,LOAD CELL ROW 1 COLUMN 11,LOAD_CELL_ROW_1_COLUMN_11,Derived dictionary value; rebuildable from canonical tables.,915,773,281,instrumentation_info,$.results[*].sensorAttachment,instrumentation_channels,sensor_attachment,derived_rebuildable_code_values
nhtsa_crash,sensor_attachment,LOAD CELL ROW 1 COLUMN 12,LOAD_CELL_ROW_1_COLUMN_12,Derived dictionary value; rebuildable from canonical tables.,915,773,281,instrumentation_info,$.results[*].sensorAttachment,instrumentation_channels,sensor_attachment,derived_rebuildable_code_values
nhtsa_crash,sensor_attachment,LOAD CELL ROW 1 COLUMN 13,LOAD_CELL_ROW_1_COLUMN_13,Derived dictionary value; rebuildable from canonical tables.,915,773,281,instrumentation_info,$.results[*].sensorAttachment,instrumentation_channels,sensor_attachment,derived_rebuildable_code_values
nhtsa_crash,sensor_attachment,LOAD CELL ROW 1 COLUMN 14,LOAD_CELL_ROW_1_COLUMN_14,Derived dictionary value; rebuildable from canonical tables.,915,773,281,instrumentation_info,$.results[*].sensorAttachment,instrumentation_channels,sensor_attachment,derived_rebuildable_code_values
nhtsa_crash,sensor_attachment,LOAD CELL ROW 1 COLUMN 15,LOAD_CELL_ROW_1_COLUMN_15,Derived dictionary value; rebuildable from canonical tables.,915,773,281,instrumentation_info,$.results[*].sensorAttachment,instrumentation_channels,sensor_attachment,derived_rebuildable_code_values
nhtsa_crash,sensor_attachment,LOAD CELL ROW 1 COLUMN 16,LOAD_CELL_ROW_1_COLUMN_16,Derived dictionary value; rebuildable from canonical tables.,915,773,281,instrumentation_info,$.results[*].sensorAttachment,instrumentation_channels,sensor_attachment,derived_rebuildable_code_values
nhtsa_crash,sensor_attachment,LOAD CELL ROW 1 COLUMN 2,LOAD_CELL_ROW_1_COLUMN_2,Derived dictionary value; rebuildable from canonical tables.,915,773,281,instrumentation_info,$.results[*].sensorAttachment,instrumentation_channels,sensor_attachment,derived_rebuildable_code_values
nhtsa_crash,sensor_attachment,LOAD CELL ROW 1 COLUMN 3,LOAD_CELL_ROW_1_COLUMN_3,Derived dictionary value; rebuildable from canonical tables.,915,773,281,instrumentation_info,$.results[*].sensorAttachment,instrumentation_channels,sensor_attachment,derived_rebuildable_code_values
nhtsa_crash,sensor_attachment,LOAD CELL ROW 1 COLUMN 4,LOAD_CELL_ROW_1_COLUMN_4,Derived dictionary value; rebuildable from canonical tables.,915,773,281,instrumentation_info,$.results[*].sensorAttachment,instrumentation_channels,sensor_attachment,derived_rebuildable_code_values
nhtsa_crash,sensor_attachment,LOAD CELL ROW 1 COLUMN 5,LOAD_CELL_ROW_1_COLUMN_5,Derived dictionary value; rebuildable from canonical tables.,915,773,281,instrumentation_info,$.results[*].sensorAttachment,instrumentation_channels,sensor_attachment,derived_rebuildable_code_values
nhtsa_crash,sensor_attachment,LOAD CELL ROW 1 COLUMN 6,LOAD_CELL_ROW_1_COLUMN_6,Derived dictionary value; rebuildable from canonical tables.,915,773,281,instrumentation_info,$.results[*].sensorAttachment,instrumentation_channels,sensor_attachment,derived_rebuildable_code_values
nhtsa_crash,sensor_attachment,LOAD CELL ROW 1 COLUMN 7,LOAD_CELL_ROW_1_COLUMN_7,Derived dictionary value; rebuildable from canonical tables.,915,773,281,instrumentation_info,$.results[*].sensorAttachment,instrumentation_channels,sensor_attachment,derived_rebuildable_code_values
nhtsa_crash,sensor_attachment,LOAD CELL ROW 1 COLUMN 8,LOAD_CELL_ROW_1_COLUMN_8,Derived dictionary value; rebuildable from canonical tables.,915,773,281,instrumentation_info,$.results[*].sensorAttachment,instrumentation_channels,sensor_attachment,derived_rebuildable_code_values
nhtsa_crash,sensor_attachment,LOAD CELL ROW 1 COLUMN 9,LOAD_CELL_ROW_1_COLUMN_9,Derived dictionary value; rebuildable from canonical tables.,915,773,281,instrumentation_info,$.results[*].sensorAttachment,instrumentation_channels,sensor_attachment,derived_rebuildable_code_values
nhtsa_crash,sensor_attachment,LOAD CELL ROW 2 COLUMN 1,LOAD_CELL_ROW_2_COLUMN_1,Derived dictionary value; rebuildable from canonical tables.,1,829,337,instrumentation_info,$.results[*].sensorAttachment,instrumentation_channels,sensor_attachment,derived_rebuildable_code_values
nhtsa_crash,sensor_attachment,LOAD CELL ROW 2 COLUMN 10,LOAD_CELL_ROW_2_COLUMN_10,Derived dictionary value; rebuildable from canonical tables.,1,829,337,instrumentation_info,$.results[*].sensorAttachment,instrumentation_channels,sensor_attachment,derived_rebuildable_code_values
nhtsa_crash,sensor_attachment,LOAD CELL ROW 2 COLUMN 11,LOAD_CELL_ROW_2_COLUMN_11,Derived dictionary value; rebuildable from canonical tables.,1,829,337,instrumentation_info,$.results[*].sensorAttachment,instrumentation_channels,sensor_attachment,derived_rebuildable_code_values
nhtsa_crash,sensor_attachment,LOAD CELL ROW 2 COLUMN 12,LOAD_CELL_ROW_2_COLUMN_12,Derived dictionary value; rebuildable from canonical tables.,1,829,337,instrumentation_info,$.results[*].sensorAttachment,instrumentation_channels,sensor_attachment,derived_rebuildable_code_values
nhtsa_crash,sensor_attachment,LOAD CELL ROW 2 COLUMN 13,LOAD_CELL_ROW_2_COLUMN_13,Derived dictionary value; rebuildable from canonical tables.,1,829,337,instrumentation_info,$.results[*].sensorAttachment,instrumentation_channels,sensor_attachment,derived_rebuildable_code_values
nhtsa_crash,sensor_attachment,LOAD CELL ROW 2 COLUMN 14,LOAD_CELL_ROW_2_COLUMN_14,Derived dictionary value; rebuildable from canonical tables.,1,829,337,instrumentation_info,$.results[*].sensorAttachment,instrumentation_channels,sensor_attachment,derived_rebuildable_code_values
nhtsa_crash,sensor_attachment,LOAD CELL ROW 2 COLUMN 15,LOAD_CELL_ROW_2_COLUMN_15,Derived dictionary value; rebuildable from canonical tables.,1,829,337,instrumentation_info,$.results[*].sensorAttachment,instrumentation_channels,sensor_attachment,derived_rebuildable_code_values
nhtsa_crash,sensor_attachment,LOAD CELL ROW 2 COLUMN 16,LOAD_CELL_ROW_2_COLUMN_16,Derived dictionary value; rebuildable from canonical tables.,915,821,329,instrumentation_info,$.results[*].sensorAttachment,instrumentation_channels,sensor_attachment,derived_rebuildable_code_values
nhtsa_crash,sensor_attachment,LOAD CELL ROW 2 COLUMN 2,LOAD_CELL_ROW_2_COLUMN_2,Derived dictionary value; rebuildable from canonical tables.,1,829,337,instrumentation_info,$.results[*].sensorAttachment,instrumentation_channels,sensor_attachment,derived_rebuildable_code_values
nhtsa_crash,sensor_attachment,LOAD CELL ROW 2 COLUMN 3,LOAD_CELL_ROW_2_COLUMN_3,Derived dictionary value; rebuildable from canonical tables.,1,829,337,instrumentation_info,$.results[*].sensorAttachment,instrumentation_channels,sensor_attachment,derived_rebuildable_code_values
nhtsa_crash,sensor_attachment,LOAD CELL ROW 2 COLUMN 4,LOAD_CELL_ROW_2_COLUMN_4,Derived dictionary value; rebuildable from canonical tables.,1,829,337,instrumentation_info,$.results[*].sensorAttachment,instrumentation_channels,sensor_attachment,derived_rebuildable_code_values
nhtsa_crash,sensor_attachment,LOAD CELL ROW 2 COLUMN 5,LOAD_CELL_ROW_2_COLUMN_5,Derived dictionary value; rebuildable from canonical tables.,1,829,337,instrumentation_info,$.results[*].sensorAttachment,instrumentation_channels,sensor_attachment,derived_rebuildable_code_values
nhtsa_crash,sensor_attachment,LOAD CELL ROW 2 COLUMN 6,LOAD_CELL_ROW_2_COLUMN_6,Derived dictionary value; rebuildable from canonical tables.,1,829,337,instrumentation_info,$.results[*].sensorAttachment,instrumentation_channels,sensor_attachment,derived_rebuildable_code_values
nhtsa_crash,sensor_attachment,LOAD CELL ROW 2 COLUMN 7,LOAD_CELL_ROW_2_COLUMN_7,Derived dictionary value; rebuildable from canonical tables.,1,829,337,instrumentation_info,$.results[*].sensorAttachment,instrumentation_channels,sensor_attachment,derived_rebuildable_code_values
nhtsa_crash,sensor_attachment,LOAD CELL ROW 2 COLUMN 8,LOAD_CELL_ROW_2_COLUMN_8,Derived dictionary value; rebuildable from canonical tables.,1,829,337,instrumentation_info,$.results[*].sensorAttachment,instrumentation_channels,sensor_attachment,derived_rebuildable_code_values
nhtsa_crash,sensor_attachment,LOAD CELL ROW 2 COLUMN 9,LOAD_CELL_ROW_2_COLUMN_9,Derived dictionary value; rebuildable from canonical tables.,1,829,337,instrumentation_info,$.results[*].sensorAttachment,instrumentation_channels,sensor_attachment,derived_rebuildable_code_values
nhtsa_crash,sensor_attachment,LOAD CELL ROW 3 COLUMN 1,LOAD_CELL_ROW_3_COLUMN_1,Derived dictionary value; rebuildable from canonical tables.,1,835,339,instrumentation_info,$.results[*].sensorAttachment,instrumentation_channels,sensor_attachment,derived_rebuildable_code_values
nhtsa_crash,sensor_attachment,LOAD CELL ROW 3 COLUMN 10,LOAD_CELL_ROW_3_COLUMN_10,Derived dictionary value; rebuildable from canonical tables.,1,835,339,instrumentation_info,$.results[*].sensorAttachment,instrumentation_channels,sensor_attachment,derived_rebuildable_code_values
nhtsa_crash,sensor_attachment,LOAD CELL ROW 3 COLUMN 11,LOAD_CELL_ROW_3_COLUMN_11,Derived dictionary value; rebuildable from canonical tables.,1,835,339,instrumentation_info,$.results[*].sensorAttachment,instrumentation_channels,sensor_attachment,derived_rebuildable_code_values
nhtsa_crash,sensor_attachment,LOAD CELL ROW 3 COLUMN 12,LOAD_CELL_ROW_3_COLUMN_12,Derived dictionary value; rebuildable from canonical tables.,1,835,339,instrumentation_info,$.results[*].sensorAttachment,instrumentation_channels,sensor_attachment,derived_rebuildable_code_values
nhtsa_crash,sensor_attachment,LOAD CELL ROW 3 COLUMN 13,LOAD_CELL_ROW_3_COLUMN_13,Derived dictionary value; rebuildable from canonical tables.,1,835,339,instrumentation_info,$.results[*].sensorAttachment,instrumentation_channels,sensor_attachment,derived_rebuildable_code_values
nhtsa_crash,sensor_attachment,LOAD CELL ROW 3 COLUMN 14,LOAD_CELL_ROW_3_COLUMN_14,Derived dictionary value; rebuildable from canonical tables.,1,835,339,instrumentation_info,$.results[*].sensorAttachment,instrumentation_channels,sensor_attachment,derived_rebuildable_code_values
nhtsa_crash,sensor_attachment,LOAD CELL ROW 3 COLUMN 15,LOAD_CELL_ROW_3_COLUMN_15,Derived dictionary value; rebuildable from canonical tables.,1,835,339,instrumentation_info,$.results[*].sensorAttachment,instrumentation_channels,sensor_attachment,derived_rebuildable_code_values
nhtsa_crash,sensor_attachment,LOAD CELL ROW 3 COLUMN 16,LOAD_CELL_ROW_3_COLUMN_16,Derived dictionary value; rebuildable from canonical tables.,1,835,339,instrumentation_info,$.results[*].sensorAttachment,instrumentation_channels,sensor_attachment,derived_rebuildable_code_values
nhtsa_crash,sensor_attachment,LOAD CELL ROW 3 COLUMN 2,LOAD_CELL_ROW_3_COLUMN_2,Derived dictionary value; rebuildable from canonical tables.,1,835,339,instrumentation_info,$.results[*].sensorAttachment,instrumentation_channels,sensor_attachment,derived_rebuildable_code_values
nhtsa_crash,sensor_attachment,LOAD CELL ROW 3 COLUMN 3,LOAD_CELL_ROW_3_COLUMN_3,Derived dictionary value; rebuildable from canonical tables.,1,835,339,instrumentation_info,$.results[*].sensorAttachment,instrumentation_channels,sensor_attachment,derived_rebuildable_code_values
nhtsa_crash,sensor_attachment,LOAD CELL ROW 3 COLUMN 4,LOAD_CELL_ROW_3_COLUMN_4,Derived dictionary value; rebuildable from canonical tables.,1,835,339,instrumentation_info,$.results[*].sensorAttachment,instrumentation_channels,sensor_attachment,derived_rebuildable_code_values
nhtsa_crash,sensor_attachment,LOAD CELL ROW 3 COLUMN 5,LOAD_CELL_ROW_3_COLUMN_5,Derived dictionary value; rebuildable from canonical tables.,1,835,339,instrumentation_info,$.results[*].sensorAttachment,instrumentation_channels,sensor_attachment,derived_rebuildable_code_values
nhtsa_crash,sensor_attachment,LOAD CELL ROW 3 COLUMN 6,LOAD_CELL_ROW_3_COLUMN_6,Derived dictionary value; rebuildable from canonical tables.,1,835,339,instrumentation_info,$.results[*].sensorAttachment,instrumentation_channels,sensor_attachment,derived_rebuildable_code_values
nhtsa_crash,sensor_attachment,LOAD CELL ROW 3 COLUMN 7,LOAD_CELL_ROW_3_COLUMN_7,Derived dictionary value; rebuildable from canonical tables.,1,835,339,instrumentation_info,$.results[*].sensorAttachment,instrumentation_channels,sensor_attachment,derived_rebuildable_code_values
nhtsa_crash,sensor_attachment,LOAD CELL ROW 3 COLUMN 8,LOAD_CELL_ROW_3_COLUMN_8,Derived dictionary value; rebuildable from canonical tables.,1,835,339,instrumentation_info,$.results[*].sensorAttachment,instrumentation_channels,sensor_attachment,derived_rebuildable_code_values
nhtsa_crash,sensor_attachment,LOAD CELL ROW 3 COLUMN 9,LOAD_CELL_ROW_3_COLUMN_9,Derived dictionary value; rebuildable from canonical tables.,1,835,339,instrumentation_info,$.results[*].sensorAttachment,instrumentation_channels,sensor_attachment,derived_rebuildable_code_values
nhtsa_crash,sensor_attachment,LOAD CELL ROW 4 COLUMN 1,LOAD_CELL_ROW_4_COLUMN_1,Derived dictionary value; rebuildable from canonical tables.,1,1012,434,instrumentation_info,$.results[*].sensorAttachment,instrumentation_channels,sensor_attachment,derived_rebuildable_code_values
nhtsa_crash,sensor_attachment,LOAD CELL ROW 4 COLUMN 10,LOAD_CELL_ROW_4_COLUMN_10,Derived dictionary value; rebuildable from canonical tables.,1,1012,434,instrumentation_info,$.results[*].sensorAttachment,instrumentation_channels,sensor_attachment,derived_rebuildable_code_values
nhtsa_crash,sensor_attachment,LOAD CELL ROW 4 COLUMN 11,LOAD_CELL_ROW_4_COLUMN_11,Derived dictionary value; rebuildable from canonical tables.,1,1012,434,instrumentation_info,$.results[*].sensorAttachment,instrumentation_channels,sensor_attachment,derived_rebuildable_code_values
nhtsa_crash,sensor_attachment,LOAD CELL ROW 4 COLUMN 12,LOAD_CELL_ROW_4_COLUMN_12,Derived dictionary value; rebuildable from canonical tables.,1,1012,434,instrumentation_info,$.results[*].sensorAttachment,instrumentation_channels,sensor_attachment,derived_rebuildable_code_values
nhtsa_crash,sensor_attachment,LOAD CELL ROW 4 COLUMN 13,LOAD_CELL_ROW_4_COLUMN_13,Derived dictionary value; rebuildable from canonical tables.,1,1012,434,instrumentation_info,$.results[*].sensorAttachment,instrumentation_channels,sensor_attachment,derived_rebuildable_code_values
nhtsa_crash,sensor_attachment,LOAD CELL ROW 4 COLUMN 14,LOAD_CELL_ROW_4_COLUMN_14,Derived dictionary value; rebuildable from canonical tables.,1,1012,434,instrumentation_info,$.results[*].sensorAttachment,instrumentation_channels,sensor_attachment,derived_rebuildable_code_values
nhtsa_crash,sensor_attachment,LOAD CELL ROW 4 COLUMN 15,LOAD_CELL_ROW_4_COLUMN_15,Derived dictionary value; rebuildable from canonical tables.,1,1012,434,instrumentation_info,$.results[*].sensorAttachment,instrumentation_channels,sensor_attachment,derived_rebuildable_code_values
nhtsa_crash,sensor_attachment,LOAD CELL ROW 4 COLUMN 16,LOAD_CELL_ROW_4_COLUMN_16,Derived dictionary value; rebuildable from canonical tables.,1,1012,434,instrumentation_info,$.results[*].sensorAttachment,instrumentation_channels,sensor_attachment,derived_rebuildable_code_values
nhtsa_crash,sensor_attachment,LOAD CELL ROW 4 COLUMN 2,LOAD_CELL_ROW_4_COLUMN_2,Derived dictionary value; rebuildable from canonical tables.,1,1012,434,instrumentation_info,$.results[*].sensorAttachment,instrumentation_channels,sensor_attachment,derived_rebuildable_code_values
nhtsa_crash,sensor_attachment,LOAD CELL ROW 4 COLUMN 3,LOAD_CELL_ROW_4_COLUMN_3,Derived dictionary value; rebuildable from canonical tables.,1,1012,434,instrumentation_info,$.results[*].sensorAttachment,instrumentation_channels,sensor_attachment,derived_rebuildable_code_values
nhtsa_crash,sensor_attachment,LOAD CELL ROW 4 COLUMN 4,LOAD_CELL_ROW_4_COLUMN_4,Derived dictionary value; rebuildable from canonical tables.,1,1012,434,instrumentation_info,$.results[*].sensorAttachment,instrumentation_channels,sensor_attachment,derived_rebuildable_code_values
nhtsa_crash,sensor_attachment,LOAD CELL ROW 4 COLUMN 5,LOAD_CELL_ROW_4_COLUMN_5,Derived dictionary value; rebuildable from canonical tables.,1,1012,434,instrumentation_info,$.results[*].sensorAttachment,instrumentation_channels,sensor_attachment,derived_rebuildable_code_values
nhtsa_crash,sensor_attachment,LOAD CELL ROW 4 COLUMN 6,LOAD_CELL_ROW_4_COLUMN_6,Derived dictionary value; rebuildable from canonical tables.,1,1012,434,instrumentation_info,$.results[*].sensorAttachment,instrumentation_channels,sensor_attachment,derived_rebuildable_code_values
nhtsa_crash,sensor_attachment,LOAD CELL ROW 4 COLUMN 7,LOAD_CELL_ROW_4_COLUMN_7,Derived dictionary value; rebuildable from canonical tables.,1,1012,434,instrumentation_info,$.results[*].sensorAttachment,instrumentation_channels,sensor_attachment,derived_rebuildable_code_values
nhtsa_crash,sensor_attachment,LOAD CELL ROW 4 COLUMN 8,LOAD_CELL_ROW_4_COLUMN_8,Derived dictionary value; rebuildable from canonical tables.,1,1012,434,instrumentation_info,$.results[*].sensorAttachment,instrumentation_channels,sensor_attachment,derived_rebuildable_code_values
nhtsa_crash,sensor_attachment,LOAD CELL ROW 4 COLUMN 9,LOAD_CELL_ROW_4_COLUMN_9,Derived dictionary value; rebuildable from canonical tables.,1,1012,434,instrumentation_info,$.results[*].sensorAttachment,instrumentation_channels,sensor_attachment,derived_rebuildable_code_values
nhtsa_crash,sensor_attachment,LOAD CELL ROW 5 COLUMN 1,LOAD_CELL_ROW_5_COLUMN_1,Derived dictionary value; rebuildable from canonical tables.,1,1012,434,instrumentation_info,$.results[*].sensorAttachment,instrumentation_channels,sensor_attachment,derived_rebuildable_code_values
nhtsa_crash,sensor_attachment,LOAD CELL ROW 5 COLUMN 10,LOAD_CELL_ROW_5_COLUMN_10,Derived dictionary value; rebuildable from canonical tables.,1,1012,434,instrumentation_info,$.results[*].sensorAttachment,instrumentation_channels,sensor_attachment,derived_rebuildable_code_values
nhtsa_crash,sensor_attachment,LOAD CELL ROW 5 COLUMN 11,LOAD_CELL_ROW_5_COLUMN_11,Derived dictionary value; rebuildable from canonical tables.,1,1012,434,instrumentation_info,$.results[*].sensorAttachment,instrumentation_channels,sensor_attachment,derived_rebuildable_code_values
nhtsa_crash,sensor_attachment,LOAD CELL ROW 5 COLUMN 12,LOAD_CELL_ROW_5_COLUMN_12,Derived dictionary value; rebuildable from canonical tables.,1,1012,434,instrumentation_info,$.results[*].sensorAttachment,instrumentation_channels,sensor_attachment,derived_rebuildable_code_values
nhtsa_crash,sensor_attachment,LOAD CELL ROW 5 COLUMN 13,LOAD_CELL_ROW_5_COLUMN_13,Derived dictionary value; rebuildable from canonical tables.,1,1012,434,instrumentation_info,$.results[*].sensorAttachment,instrumentation_channels,sensor_attachment,derived_rebuildable_code_values
nhtsa_crash,sensor_attachment,LOAD CELL ROW 5 COLUMN 14,LOAD_CELL_ROW_5_COLUMN_14,Derived dictionary value; rebuildable from canonical tables.,1,1012,434,instrumentation_info,$.results[*].sensorAttachment,instrumentation_channels,sensor_attachment,derived_rebuildable_code_values
nhtsa_crash,sensor_attachment,LOAD CELL ROW 5 COLUMN 15,LOAD_CELL_ROW_5_COLUMN_15,Derived dictionary value; rebuildable from canonical tables.,1,1012,434,instrumentation_info,$.results[*].sensorAttachment,instrumentation_channels,sensor_attachment,derived_rebuildable_code_values
nhtsa_crash,sensor_attachment,LOAD CELL ROW 5 COLUMN 16,LOAD_CELL_ROW_5_COLUMN_16,Derived dictionary value; rebuildable from canonical tables.,1,1012,434,instrumentation_info,$.results[*].sensorAttachment,instrumentation_channels,sensor_attachment,derived_rebuildable_code_values
nhtsa_crash,sensor_attachment,LOAD CELL ROW 5 COLUMN 2,LOAD_CELL_ROW_5_COLUMN_2,Derived dictionary value; rebuildable from canonical tables.,1,1012,434,instrumentation_info,$.results[*].sensorAttachment,instrumentation_channels,sensor_attachment,derived_rebuildable_code_values
nhtsa_crash,sensor_attachment,LOAD CELL ROW 5 COLUMN 3,LOAD_CELL_ROW_5_COLUMN_3,Derived dictionary value; rebuildable from canonical tables.,1,1012,434,instrumentation_info,$.results[*].sensorAttachment,instrumentation_channels,sensor_attachment,derived_rebuildable_code_values
nhtsa_crash,sensor_attachment,LOAD CELL ROW 5 COLUMN 4,LOAD_CELL_ROW_5_COLUMN_4,Derived dictionary value; rebuildable from canonical tables.,1,1012,434,instrumentation_info,$.results[*].sensorAttachment,instrumentation_channels,sensor_attachment,derived_rebuildable_code_values
nhtsa_crash,sensor_attachment,LOAD CELL ROW 5 COLUMN 5,LOAD_CELL_ROW_5_COLUMN_5,Derived dictionary value; rebuildable from canonical tables.,1,1012,434,instrumentation_info,$.results[*].sensorAttachment,instrumentation_channels,sensor_attachment,derived_rebuildable_code_values
nhtsa_crash,sensor_attachment,LOAD CELL ROW 5 COLUMN 6,LOAD_CELL_ROW_5_COLUMN_6,Derived dictionary value; rebuildable from canonical tables.,1,1012,434,instrumentation_info,$.results[*].sensorAttachment,instrumentation_channels,sensor_attachment,derived_rebuildable_code_values
nhtsa_crash,sensor_attachment,LOAD CELL ROW 5 COLUMN 7,LOAD_CELL_ROW_5_COLUMN_7,Derived dictionary value; rebuildable from canonical tables.,1,1012,434,instrumentation_info,$.results[*].sensorAttachment,instrumentation_channels,sensor_attachment,derived_rebuildable_code_values
nhtsa_crash,sensor_attachment,LOAD CELL ROW 5 COLUMN 8,LOAD_CELL_ROW_5_COLUMN_8,Derived dictionary value; rebuildable from canonical tables.,1,1012,434,instrumentation_info,$.results[*].sensorAttachment,instrumentation_channels,sensor_attachment,derived_rebuildable_code_values
nhtsa_crash,sensor_attachment,LOAD CELL ROW 5 COLUMN 9,LOAD_CELL_ROW_5_COLUMN_9,Derived dictionary value; rebuildable from canonical tables.,1,1012,434,instrumentation_info,$.results[*].sensorAttachment,instrumentation_channels,sensor_attachment,derived_rebuildable_code_values
nhtsa_crash,sensor_attachment,LOAD CELL ROW 6 COLUMN 1,LOAD_CELL_ROW_6_COLUMN_1,Derived dictionary value; rebuildable from canonical tables.,1,1012,434,instrumentation_info,$.results[*].sensorAttachment,instrumentation_channels,sensor_attachment,derived_rebuildable_code_values
nhtsa_crash,sensor_attachment,LOAD CELL ROW 6 COLUMN 10,LOAD_CELL_ROW_6_COLUMN_10,Derived dictionary value; rebuildable from canonical tables.,1,1012,434,instrumentation_info,$.results[*].sensorAttachment,instrumentation_channels,sensor_attachment,derived_rebuildable_code_values
nhtsa_crash,sensor_attachment,LOAD CELL ROW 6 COLUMN 11,LOAD_CELL_ROW_6_COLUMN_11,Derived dictionary value; rebuildable from canonical tables.,1,1012,434,instrumentation_info,$.results[*].sensorAttachment,instrumentation_channels,sensor_attachment,derived_rebuildable_code_values
nhtsa_crash,sensor_attachment,LOAD CELL ROW 6 COLUMN 12,LOAD_CELL_ROW_6_COLUMN_12,Derived dictionary value; rebuildable from canonical tables.,1,1012,434,instrumentation_info,$.results[*].sensorAttachment,instrumentation_channels,sensor_attachment,derived_rebuildable_code_values
nhtsa_crash,sensor_attachment,LOAD CELL ROW 6 COLUMN 13,LOAD_CELL_ROW_6_COLUMN_13,Derived dictionary value; rebuildable from canonical tables.,1,1012,434,instrumentation_info,$.results[*].sensorAttachment,instrumentation_channels,sensor_attachment,derived_rebuildable_code_values
nhtsa_crash,sensor_attachment,LOAD CELL ROW 6 COLUMN 14,LOAD_CELL_ROW_6_COLUMN_14,Derived dictionary value; rebuildable from canonical tables.,1,1012,434,instrumentation_info,$.results[*].sensorAttachment,instrumentation_channels,sensor_attachment,derived_rebuildable_code_values
nhtsa_crash,sensor_attachment,LOAD CELL ROW 6 COLUMN 15,LOAD_CELL_ROW_6_COLUMN_15,Derived dictionary value; rebuildable from canonical tables.,1,1012,434,instrumentation_info,$.results[*].sensorAttachment,instrumentation_channels,sensor_attachment,derived_rebuildable_code_values
nhtsa_crash,sensor_attachment,LOAD CELL ROW 6 COLUMN 16,LOAD_CELL_ROW_6_COLUMN_16,Derived dictionary value; rebuildable from canonical tables.,1,1012,434,instrumentation_info,$.results[*].sensorAttachment,instrumentation_channels,sensor_attachment,derived_rebuildable_code_values
nhtsa_crash,sensor_attachment,LOAD CELL ROW 6 COLUMN 2,LOAD_CELL_ROW_6_COLUMN_2,Derived dictionary value; rebuildable from canonical tables.,1,1012,434,instrumentation_info,$.results[*].sensorAttachment,instrumentation_channels,sensor_attachment,derived_rebuildable_code_values
nhtsa_crash,sensor_attachment,LOAD CELL ROW 6 COLUMN 3,LOAD_CELL_ROW_6_COLUMN_3,Derived dictionary value; rebuildable from canonical tables.,1,1012,434,instrumentation_info,$.results[*].sensorAttachment,instrumentation_channels,sensor_attachment,derived_rebuildable_code_values
nhtsa_crash,sensor_attachment,LOAD CELL ROW 6 COLUMN 4,LOAD_CELL_ROW_6_COLUMN_4,Derived dictionary value; rebuildable from canonical tables.,1,1012,434,instrumentation_info,$.results[*].sensorAttachment,instrumentation_channels,sensor_attachment,derived_rebuildable_code_values
nhtsa_crash,sensor_attachment,LOAD CELL ROW 6 COLUMN 5,LOAD_CELL_ROW_6_COLUMN_5,Derived dictionary value; rebuildable from canonical tables.,1,1012,434,instrumentation_info,$.results[*].sensorAttachment,instrumentation_channels,sensor_attachment,derived_rebuildable_code_values
nhtsa_crash,sensor_attachment,LOAD CELL ROW 6 COLUMN 6,LOAD_CELL_ROW_6_COLUMN_6,Derived dictionary value; rebuildable from canonical tables.,1,1012,434,instrumentation_info,$.results[*].sensorAttachment,instrumentation_channels,sensor_attachment,derived_rebuildable_code_values
nhtsa_crash,sensor_attachment,LOAD CELL ROW 6 COLUMN 7,LOAD_CELL_ROW_6_COLUMN_7,Derived dictionary value; rebuildable from canonical tables.,1,1012,434,instrumentation_info,$.results[*].sensorAttachment,instrumentation_channels,sensor_attachment,derived_rebuildable_code_values
nhtsa_crash,sensor_attachment,LOAD CELL ROW 6 COLUMN 8,LOAD_CELL_ROW_6_COLUMN_8,Derived dictionary value; rebuildable from canonical tables.,1,1012,434,instrumentation_info,$.results[*].sensorAttachment,instrumentation_channels,sensor_attachment,derived_rebuildable_code_values
nhtsa_crash,sensor_attachment,LOAD CELL ROW 6 COLUMN 9,LOAD_CELL_ROW_6_COLUMN_9,Derived dictionary value; rebuildable from canonical tables.,1,1012,434,instrumentation_info,$.results[*].sensorAttachment,instrumentation_channels,sensor_attachment,derived_rebuildable_code_values
nhtsa_crash,sensor_attachment,LOAD CELL ROW 7 COLUMN 1,LOAD_CELL_ROW_7_COLUMN_1,Derived dictionary value; rebuildable from canonical tables.,1,1098,434,instrumentation_info,$.results[*].sensorAttachment,instrumentation_channels,sensor_attachment,derived_rebuildable_code_values
nhtsa_crash,sensor_attachment,LOAD CELL ROW 7 COLUMN 10,LOAD_CELL_ROW_7_COLUMN_10,Derived dictionary value; rebuildable from canonical tables.,1,1098,434,instrumentation_info,$.results[*].sensorAttachment,instrumentation_channels,sensor_attachment,derived_rebuildable_code_values
nhtsa_crash,sensor_attachment,LOAD CELL ROW 7 COLUMN 11,LOAD_CELL_ROW_7_COLUMN_11,Derived dictionary value; rebuildable from canonical tables.,1,1098,434,instrumentation_info,$.results[*].sensorAttachment,instrumentation_channels,sensor_attachment,derived_rebuildable_code_values
nhtsa_crash,sensor_attachment,LOAD CELL ROW 7 COLUMN 12,LOAD_CELL_ROW_7_COLUMN_12,Derived dictionary value; rebuildable from canonical tables.,1,1098,434,instrumentation_info,$.results[*].sensorAttachment,instrumentation_channels,sensor_attachment,derived_rebuildable_code_values
nhtsa_crash,sensor_attachment,LOAD CELL ROW 7 COLUMN 13,LOAD_CELL_ROW_7_COLUMN_13,Derived dictionary value; rebuildable from canonical tables.,1,1098,434,instrumentation_info,$.results[*].sensorAttachment,instrumentation_channels,sensor_attachment,derived_rebuildable_code_values
nhtsa_crash,sensor_attachment,LOAD CELL ROW 7 COLUMN 14,LOAD_CELL_ROW_7_COLUMN_14,Derived dictionary value; rebuildable from canonical tables.,1,1098,434,instrumentation_info,$.results[*].sensorAttachment,instrumentation_channels,sensor_attachment,derived_rebuildable_code_values
nhtsa_crash,sensor_attachment,LOAD CELL ROW 7 COLUMN 15,LOAD_CELL_ROW_7_COLUMN_15,Derived dictionary value; rebuildable from canonical tables.,1,1098,434,instrumentation_info,$.results[*].sensorAttachment,instrumentation_channels,sensor_attachment,derived_rebuildable_code_values
nhtsa_crash,sensor_attachment,LOAD CELL ROW 7 COLUMN 16,LOAD_CELL_ROW_7_COLUMN_16,Derived dictionary value; rebuildable from canonical tables.,1,1098,434,instrumentation_info,$.results[*].sensorAttachment,instrumentation_channels,sensor_attachment,derived_rebuildable_code_values
nhtsa_crash,sensor_attachment,LOAD CELL ROW 7 COLUMN 2,LOAD_CELL_ROW_7_COLUMN_2,Derived dictionary value; rebuildable from canonical tables.,1,1098,434,instrumentation_info,$.results[*].sensorAttachment,instrumentation_channels,sensor_attachment,derived_rebuildable_code_values
nhtsa_crash,sensor_attachment,LOAD CELL ROW 7 COLUMN 3,LOAD_CELL_ROW_7_COLUMN_3,Derived dictionary value; rebuildable from canonical tables.,1,1098,434,instrumentation_info,$.results[*].sensorAttachment,instrumentation_channels,sensor_attachment,derived_rebuildable_code_values
nhtsa_crash,sensor_attachment,LOAD CELL ROW 7 COLUMN 4,LOAD_CELL_ROW_7_COLUMN_4,Derived dictionary value; rebuildable from canonical tables.,1,1098,434,instrumentation_info,$.results[*].sensorAttachment,instrumentation_channels,sensor_attachment,derived_rebuildable_code_values
nhtsa_crash,sensor_attachment,LOAD CELL ROW 7 COLUMN 5,LOAD_CELL_ROW_7_COLUMN_5,Derived dictionary value; rebuildable from canonical tables.,1,1098,434,instrumentation_info,$.results[*].sensorAttachment,instrumentation_channels,sensor_attachment,derived_rebuildable_code_values
nhtsa_crash,sensor_attachment,LOAD CELL ROW 7 COLUMN 6,LOAD_CELL_ROW_7_COLUMN_6,Derived dictionary value; rebuildable from canonical tables.,1,1098,434,instrumentation_info,$.results[*].sensorAttachment,instrumentation_channels,sensor_attachment,derived_rebuildable_code_values
nhtsa_crash,sensor_attachment,LOAD CELL ROW 7 COLUMN 7,LOAD_CELL_ROW_7_COLUMN_7,Derived dictionary value; rebuildable from canonical tables.,1,1098,434,instrumentation_info,$.results[*].sensorAttachment,instrumentation_channels,sensor_attachment,derived_rebuildable_code_values
nhtsa_crash,sensor_attachment,LOAD CELL ROW 7 COLUMN 8,LOAD_CELL_ROW_7_COLUMN_8,Derived dictionary value; rebuildable from canonical tables.,1,1098,434,instrumentation_info,$.results[*].sensorAttachment,instrumentation_channels,sensor_attachment,derived_rebuildable_code_values
nhtsa_crash,sensor_attachment,LOAD CELL ROW 7 COLUMN 9,LOAD_CELL_ROW_7_COLUMN_9,Derived dictionary value; rebuildable from canonical tables.,1,1098,434,instrumentation_info,$.results[*].sensorAttachment,instrumentation_channels,sensor_attachment,derived_rebuildable_code_values
nhtsa_crash,sensor_attachment,LOAD CELL ROW 8 COLUMN 1,LOAD_CELL_ROW_8_COLUMN_1,Derived dictionary value; rebuildable from canonical tables.,1,1098,434,instrumentation_info,$.results[*].sensorAttachment,instrumentation_channels,sensor_attachment,derived_rebuildable_code_values
nhtsa_crash,sensor_attachment,LOAD CELL ROW 8 COLUMN 10,LOAD_CELL_ROW_8_COLUMN_10,Derived dictionary value; rebuildable from canonical tables.,1,1098,434,instrumentation_info,$.results[*].sensorAttachment,instrumentation_channels,sensor_attachment,derived_rebuildable_code_values
nhtsa_crash,sensor_attachment,LOAD CELL ROW 8 COLUMN 11,LOAD_CELL_ROW_8_COLUMN_11,Derived dictionary value; rebuildable from canonical tables.,1,1098,434,instrumentation_info,$.results[*].sensorAttachment,instrumentation_channels,sensor_attachment,derived_rebuildable_code_values
nhtsa_crash,sensor_attachment,LOAD CELL ROW 8 COLUMN 12,LOAD_CELL_ROW_8_COLUMN_12,Derived dictionary value; rebuildable from canonical tables.,1,1098,434,instrumentation_info,$.results[*].sensorAttachment,instrumentation_channels,sensor_attachment,derived_rebuildable_code_values
nhtsa_crash,sensor_attachment,LOAD CELL ROW 8 COLUMN 13,LOAD_CELL_ROW_8_COLUMN_13,Derived dictionary value; rebuildable from canonical tables.,1,1098,434,instrumentation_info,$.results[*].sensorAttachment,instrumentation_channels,sensor_attachment,derived_rebuildable_code_values
nhtsa_crash,sensor_attachment,LOAD CELL ROW 8 COLUMN 14,LOAD_CELL_ROW_8_COLUMN_14,Derived dictionary value; rebuildable from canonical tables.,1,1098,434,instrumentation_info,$.results[*].sensorAttachment,instrumentation_channels,sensor_attachment,derived_rebuildable_code_values
nhtsa_crash,sensor_attachment,LOAD CELL ROW 8 COLUMN 15,LOAD_CELL_ROW_8_COLUMN_15,Derived dictionary value; rebuildable from canonical tables.,1,1098,434,instrumentation_info,$.results[*].sensorAttachment,instrumentation_channels,sensor_attachment,derived_rebuildable_code_values
nhtsa_crash,sensor_attachment,LOAD CELL ROW 8 COLUMN 16,LOAD_CELL_ROW_8_COLUMN_16,Derived dictionary value; rebuildable from canonical tables.,1,1098,434,instrumentation_info,$.results[*].sensorAttachment,instrumentation_channels,sensor_attachment,derived_rebuildable_code_values
nhtsa_crash,sensor_attachment,LOAD CELL ROW 8 COLUMN 2,LOAD_CELL_ROW_8_COLUMN_2,Derived dictionary value; rebuildable from canonical tables.,1,1098,434,instrumentation_info,$.results[*].sensorAttachment,instrumentation_channels,sensor_attachment,derived_rebuildable_code_values
nhtsa_crash,sensor_attachment,LOAD CELL ROW 8 COLUMN 3,LOAD_CELL_ROW_8_COLUMN_3,Derived dictionary value; rebuildable from canonical tables.,1,1098,434,instrumentation_info,$.results[*].sensorAttachment,instrumentation_channels,sensor_attachment,derived_rebuildable_code_values
nhtsa_crash,sensor_attachment,LOAD CELL ROW 8 COLUMN 4,LOAD_CELL_ROW_8_COLUMN_4,Derived dictionary value; rebuildable from canonical tables.,1,1098,434,instrumentation_info,$.results[*].sensorAttachment,instrumentation_channels,sensor_attachment,derived_rebuildable_code_values
nhtsa_crash,sensor_attachment,LOAD CELL ROW 8 COLUMN 5,LOAD_CELL_ROW_8_COLUMN_5,Derived dictionary value; rebuildable from canonical tables.,1,1098,434,instrumentation_info,$.results[*].sensorAttachment,instrumentation_channels,sensor_attachment,derived_rebuildable_code_values
nhtsa_crash,sensor_attachment,LOAD CELL ROW 8 COLUMN 6,LOAD_CELL_ROW_8_COLUMN_6,Derived dictionary value; rebuildable from canonical tables.,1,1098,434,instrumentation_info,$.results[*].sensorAttachment,instrumentation_channels,sensor_attachment,derived_rebuildable_code_values
nhtsa_crash,sensor_attachment,LOAD CELL ROW 8 COLUMN 7,LOAD_CELL_ROW_8_COLUMN_7,Derived dictionary value; rebuildable from canonical tables.,1,1098,434,instrumentation_info,$.results[*].sensorAttachment,instrumentation_channels,sensor_attachment,derived_rebuildable_code_values
nhtsa_crash,sensor_attachment,LOAD CELL ROW 8 COLUMN 8,LOAD_CELL_ROW_8_COLUMN_8,Derived dictionary value; rebuildable from canonical tables.,1,1098,434,instrumentation_info,$.results[*].sensorAttachment,instrumentation_channels,sensor_attachment,derived_rebuildable_code_values
nhtsa_crash,sensor_attachment,LOAD CELL ROW 8 COLUMN 9,LOAD_CELL_ROW_8_COLUMN_9,Derived dictionary value; rebuildable from canonical tables.,1,1098,434,instrumentation_info,$.results[*].sensorAttachment,instrumentation_channels,sensor_attachment,derived_rebuildable_code_values
nhtsa_crash,sensor_attachment,LOAD CELL ROW 9 COLUMN 1,LOAD_CELL_ROW_9_COLUMN_1,Derived dictionary value; rebuildable from canonical tables.,1,1098,434,instrumentation_info,$.results[*].sensorAttachment,instrumentation_channels,sensor_attachment,derived_rebuildable_code_values
nhtsa_crash,sensor_attachment,LOAD CELL ROW 9 COLUMN 10,LOAD_CELL_ROW_9_COLUMN_10,Derived dictionary value; rebuildable from canonical tables.,1,1098,434,instrumentation_info,$.results[*].sensorAttachment,instrumentation_channels,sensor_attachment,derived_rebuildable_code_values
nhtsa_crash,sensor_attachment,LOAD CELL ROW 9 COLUMN 11,LOAD_CELL_ROW_9_COLUMN_11,Derived dictionary value; rebuildable from canonical tables.,1,1098,434,instrumentation_info,$.results[*].sensorAttachment,instrumentation_channels,sensor_attachment,derived_rebuildable_code_values
nhtsa_crash,sensor_attachment,LOAD CELL ROW 9 COLUMN 12,LOAD_CELL_ROW_9_COLUMN_12,Derived dictionary value; rebuildable from canonical tables.,1,1098,434,instrumentation_info,$.results[*].sensorAttachment,instrumentation_channels,sensor_attachment,derived_rebuildable_code_values
nhtsa_crash,sensor_attachment,LOAD CELL ROW 9 COLUMN 13,LOAD_CELL_ROW_9_COLUMN_13,Derived dictionary value; rebuildable from canonical tables.,1,1098,434,instrumentation_info,$.results[*].sensorAttachment,instrumentation_channels,sensor_attachment,derived_rebuildable_code_values
nhtsa_crash,sensor_attachment,LOAD CELL ROW 9 COLUMN 14,LOAD_CELL_ROW_9_COLUMN_14,Derived dictionary value; rebuildable from canonical tables.,1,1098,434,instrumentation_info,$.results[*].sensorAttachment,instrumentation_channels,sensor_attachment,derived_rebuildable_code_values
nhtsa_crash,sensor_attachment,LOAD CELL ROW 9 COLUMN 15,LOAD_CELL_ROW_9_COLUMN_15,Derived dictionary value; rebuildable from canonical tables.,1,1098,434,instrumentation_info,$.results[*].sensorAttachment,instrumentation_channels,sensor_attachment,derived_rebuildable_code_values
nhtsa_crash,sensor_attachment,LOAD CELL ROW 9 COLUMN 16,LOAD_CELL_ROW_9_COLUMN_16,Derived dictionary value; rebuildable from canonical tables.,1,1098,434,instrumentation_info,$.results[*].sensorAttachment,instrumentation_channels,sensor_attachment,derived_rebuildable_code_values
nhtsa_crash,sensor_attachment,LOAD CELL ROW 9 COLUMN 2,LOAD_CELL_ROW_9_COLUMN_2,Derived dictionary value; rebuildable from canonical tables.,1,1098,434,instrumentation_info,$.results[*].sensorAttachment,instrumentation_channels,sensor_attachment,derived_rebuildable_code_values
nhtsa_crash,sensor_attachment,LOAD CELL ROW 9 COLUMN 3,LOAD_CELL_ROW_9_COLUMN_3,Derived dictionary value; rebuildable from canonical tables.,1,1098,434,instrumentation_info,$.results[*].sensorAttachment,instrumentation_channels,sensor_attachment,derived_rebuildable_code_values
nhtsa_crash,sensor_attachment,LOAD CELL ROW 9 COLUMN 4,LOAD_CELL_ROW_9_COLUMN_4,Derived dictionary value; rebuildable from canonical tables.,1,1098,434,instrumentation_info,$.results[*].sensorAttachment,instrumentation_channels,sensor_attachment,derived_rebuildable_code_values
nhtsa_crash,sensor_attachment,LOAD CELL ROW 9 COLUMN 5,LOAD_CELL_ROW_9_COLUMN_5,Derived dictionary value; rebuildable from canonical tables.,1,1098,434,instrumentation_info,$.results[*].sensorAttachment,instrumentation_channels,sensor_attachment,derived_rebuildable_code_values
nhtsa_crash,sensor_attachment,LOAD CELL ROW 9 COLUMN 6,LOAD_CELL_ROW_9_COLUMN_6,Derived dictionary value; rebuildable from canonical tables.,1,1098,434,instrumentation_info,$.results[*].sensorAttachment,instrumentation_channels,sensor_attachment,derived_rebuildable_code_values
nhtsa_crash,sensor_attachment,LOAD CELL ROW 9 COLUMN 7,LOAD_CELL_ROW_9_COLUMN_7,Derived dictionary value; rebuildable from canonical tables.,1,1098,434,instrumentation_info,$.results[*].sensorAttachment,instrumentation_channels,sensor_attachment,derived_rebuildable_code_values
nhtsa_crash,sensor_attachment,LOAD CELL ROW 9 COLUMN 8,LOAD_CELL_ROW_9_COLUMN_8,Derived dictionary value; rebuildable from canonical tables.,1,1098,434,instrumentation_info,$.results[*].sensorAttachment,instrumentation_channels,sensor_attachment,derived_rebuildable_code_values
nhtsa_crash,sensor_attachment,LOAD CELL ROW 9 COLUMN 9,LOAD_CELL_ROW_9_COLUMN_9,Derived dictionary value; rebuildable from canonical tables.,1,1098,434,instrumentation_info,$.results[*].sensorAttachment,instrumentation_channels,sensor_attachment,derived_rebuildable_code_values
nhtsa_crash,sensor_attachment,LUMBAR SPINE LOAD CELL,LUMBAR_SPINE_LOAD_CELL,Derived dictionary value; rebuildable from canonical tables.,129,5623,737,instrumentation_info,$.results[*].sensorAttachment,instrumentation_channels,sensor_attachment,derived_rebuildable_code_values
nhtsa_crash,sensor_attachment,NECK CABLE ANTERIOR,NECK_CABLE_ANTERIOR,Derived dictionary value; rebuildable from canonical tables.,34,423,275,instrumentation_info,$.results[*].sensorAttachment,instrumentation_channels,sensor_attachment,derived_rebuildable_code_values
nhtsa_crash,sensor_attachment,NECK CABLE POSTERIOR,NECK_CABLE_POSTERIOR,Derived dictionary value; rebuildable from canonical tables.,34,435,277,instrumentation_info,$.results[*].sensorAttachment,instrumentation_channels,sensor_attachment,derived_rebuildable_code_values
nhtsa_crash,sensor_attachment,NECK - LOWER,NECK___LOWER,Derived dictionary value; rebuildable from canonical tables.,34,7959,886,instrumentation_info,$.results[*].sensorAttachment,instrumentation_channels,sensor_attachment,derived_rebuildable_code_values
nhtsa_crash,sensor_attachment,"NECK - OC, OCC NECK CONDYLE","NECK___OC,_OCC_NECK_CONDYLE",Derived dictionary value; rebuildable from canonical tables.,34,1390,262,instrumentation_info,$.results[*].sensorAttachment,instrumentation_channels,sensor_attachment,derived_rebuildable_code_values
nhtsa_crash,sensor_attachment,NECK - UPPER,NECK___UPPER,Derived dictionary value; rebuildable from canonical tables.,1,23350,2228,instrumentation_info,$.results[*].sensorAttachment,instrumentation_channels,sensor_attachment,derived_rebuildable_code_values
nhtsa_crash,sensor_attachment,OTHER SENATT,OTHER_SENATT,Derived dictionary value; rebuildable from canonical tables.,5,8347,963,instrumentation_info,$.results[*].sensorAttachment,instrumentation_channels,sensor_attachment,derived_rebuildable_code_values
nhtsa_crash,sensor_attachment,"PELVIS, SACRUM","PELVIS,_SACRUM",Derived dictionary value; rebuildable from canonical tables.,631,126,11,instrumentation_info,$.results[*].sensorAttachment,instrumentation_channels,sensor_attachment,derived_rebuildable_code_values
nhtsa_crash,sensor_attachment,PELVIS ACETABULUM LEFT,PELVIS_ACETABULUM_LEFT,Derived dictionary value; rebuildable from canonical tables.,2,2506,1487,instrumentation_info,$.results[*].sensorAttachment,instrumentation_channels,sensor_attachment,derived_rebuildable_code_values
nhtsa_crash,sensor_attachment,PELVIS ACETABULUM RIGHT,PELVIS_ACETABULUM_RIGHT,Derived dictionary value; rebuildable from canonical tables.,34,1338,324,instrumentation_info,$.results[*].sensorAttachment,instrumentation_channels,sensor_attachment,derived_rebuildable_code_values
nhtsa_crash,sensor_attachment,PELVIS ASIS LEFT,PELVIS_ASIS_LEFT,Derived dictionary value; rebuildable from canonical tables.,134,760,274,instrumentation_info,$.results[*].sensorAttachment,instrumentation_channels,sensor_attachment,derived_rebuildable_code_values
nhtsa_crash,sensor_attachment,PELVIS ASIS RIGHT,PELVIS_ASIS_RIGHT,Derived dictionary value; rebuildable from canonical tables.,134,760,274,instrumentation_info,$.results[*].sensorAttachment,instrumentation_channels,sensor_attachment,derived_rebuildable_code_values
nhtsa_crash,sensor_attachment,PELVIS ILIAC LEFT LOWER,PELVIS_ILIAC_LEFT_LOWER,Derived dictionary value; rebuildable from canonical tables.,1175,8,8,instrumentation_info,$.results[*].sensorAttachment,instrumentation_channels,sensor_attachment,derived_rebuildable_code_values
nhtsa_crash,sensor_attachment,PELVIS ILIAC LEFT MIDDLE,PELVIS_ILIAC_LEFT_MIDDLE,Derived dictionary value; rebuildable from canonical tables.,137,666,104,instrumentation_info,$.results[*].sensorAttachment,instrumentation_channels,sensor_attachment,derived_rebuildable_code_values
nhtsa_crash,sensor_attachment,PELVIS ILIAC LEFT UPPER,PELVIS_ILIAC_LEFT_UPPER,Derived dictionary value; rebuildable from canonical tables.,1175,8,8,instrumentation_info,$.results[*].sensorAttachment,instrumentation_channels,sensor_attachment,derived_rebuildable_code_values
nhtsa_crash,sensor_attachment,PELVIS ILIAC RIGHT LOWER,PELVIS_ILIAC_RIGHT_LOWER,Derived dictionary value; rebuildable from canonical tables.,1175,8,8,instrumentation_info,$.results[*].sensorAttachment,instrumentation_channels,sensor_attachment,derived_rebuildable_code_values
nhtsa_crash,sensor_attachment,PELVIS ILIAC RIGHT MIDDLE,PELVIS_ILIAC_RIGHT_MIDDLE,Derived dictionary value; rebuildable from canonical tables.,137,558,86,instrumentation_info,$.results[*].sensorAttachment,instrumentation_channels,sensor_attachment,derived_rebuildable_code_values
nhtsa_crash,sensor_attachment,PELVIS ILIAC RIGHT UPPER,PELVIS_ILIAC_RIGHT_UPPER,Derived dictionary value; rebuildable from canonical tables.,1175,8,8,instrumentation_info,$.results[*].sensorAttachment,instrumentation_channels,sensor_attachment,derived_rebuildable_code_values
nhtsa_crash,sensor_attachment,PELVIS PUBIC SYMPHYSIS,PELVIS_PUBIC_SYMPHYSIS,Derived dictionary value; rebuildable from canonical tables.,4,903,874,instrumentation_info,$.results[*].sensorAttachment,instrumentation_channels,sensor_attachment,derived_rebuildable_code_values
nhtsa_crash,sensor_attachment,PELVIS - CENTER,PELVIS___CENTER,Derived dictionary value; rebuildable from canonical tables.,1,9059,1622,instrumentation_info,$.results[*].sensorAttachment,instrumentation_channels,sensor_attachment,derived_rebuildable_code_values
nhtsa_crash,sensor_attachment,PELVIS - H-POINT,PELVIS___H_POINT,Derived dictionary value; rebuildable from canonical tables.,2,161,69,instrumentation_info,$.results[*].sensorAttachment,instrumentation_channels,sensor_attachment,derived_rebuildable_code_values
nhtsa_crash,sensor_attachment,PELVIS - ILIAC,PELVIS___ILIAC,Derived dictionary value; rebuildable from canonical tables.,2,1517,1253,instrumentation_info,$.results[*].sensorAttachment,instrumentation_channels,sensor_attachment,derived_rebuildable_code_values
nhtsa_crash,sensor_attachment,POLE,POLE,Derived dictionary value; rebuildable from canonical tables.,137,64,8,instrumentation_info,$.results[*].sensorAttachment,instrumentation_channels,sensor_attachment,derived_rebuildable_code_values
nhtsa_crash,sensor_attachment,REAR DECK,REAR_DECK,Derived dictionary value; rebuildable from canonical tables.,137,174,34,instrumentation_info,$.results[*].sensorAttachment,instrumentation_channels,sensor_attachment,derived_rebuildable_code_values
nhtsa_crash,sensor_attachment,RIB - LEFT,RIB___LEFT,Derived dictionary value; rebuildable from canonical tables.,3166,17,12,instrumentation_info,$.results[*].sensorAttachment,instrumentation_channels,sensor_attachment,derived_rebuildable_code_values
nhtsa_crash,sensor_attachment,RIB - LEFT LOWER,RIB___LEFT_LOWER,Derived dictionary value; rebuildable from canonical tables.,2,2113,1231,instrumentation_info,$.results[*].sensorAttachment,instrumentation_channels,sensor_attachment,derived_rebuildable_code_values
nhtsa_crash,sensor_attachment,RIB - LEFT LOWER FRONT,RIB___LEFT_LOWER_FRONT,Derived dictionary value; rebuildable from canonical tables.,1995,200,44,instrumentation_info,$.results[*].sensorAttachment,instrumentation_channels,sensor_attachment,derived_rebuildable_code_values
nhtsa_crash,sensor_attachment,RIB - LEFT LOWER MID,RIB___LEFT_LOWER_MID,Derived dictionary value; rebuildable from canonical tables.,1995,200,44,instrumentation_info,$.results[*].sensorAttachment,instrumentation_channels,sensor_attachment,derived_rebuildable_code_values
nhtsa_crash,sensor_attachment,RIB - LEFT LOWER REAR,RIB___LEFT_LOWER_REAR,Derived dictionary value; rebuildable from canonical tables.,1995,200,44,instrumentation_info,$.results[*].sensorAttachment,instrumentation_channels,sensor_attachment,derived_rebuildable_code_values
nhtsa_crash,sensor_attachment,RIB - LEFT MIDDLE,RIB___LEFT_MIDDLE,Derived dictionary value; rebuildable from canonical tables.,2,2144,1230,instrumentation_info,$.results[*].sensorAttachment,instrumentation_channels,sensor_attachment,derived_rebuildable_code_values
nhtsa_crash,sensor_attachment,RIB - LEFT MIDDLE FRONT,RIB___LEFT_MIDDLE_FRONT,Derived dictionary value; rebuildable from canonical tables.,1995,200,44,instrumentation_info,$.results[*].sensorAttachment,instrumentation_channels,sensor_attachment,derived_rebuildable_code_values
nhtsa_crash,sensor_attachment,RIB - LEFT MIDDLE MID,RIB___LEFT_MIDDLE_MID,Derived dictionary value; rebuildable from canonical tables.,1995,200,44,instrumentation_info,$.results[*].sensorAttachment,instrumentation_channels,sensor_attachment,derived_rebuildable_code_values
nhtsa_crash,sensor_attachment,RIB - LEFT MIDDLE REAR,RIB___LEFT_MIDDLE_REAR,Derived dictionary value; rebuildable from canonical tables.,1995,200,44,instrumentation_info,$.results[*].sensorAttachment,instrumentation_channels,sensor_attachment,derived_rebuildable_code_values
nhtsa_crash,sensor_attachment,RIB - LEFT UPPER,RIB___LEFT_UPPER,Derived dictionary value; rebuildable from canonical tables.,2,2086,1234,instrumentation_info,$.results[*].sensorAttachment,instrumentation_channels,sensor_attachment,derived_rebuildable_code_values
nhtsa_crash,sensor_attachment,RIB - LEFT UPPER FRONT,RIB___LEFT_UPPER_FRONT,Derived dictionary value; rebuildable from canonical tables.,1995,200,44,instrumentation_info,$.results[*].sensorAttachment,instrumentation_channels,sensor_attachment,derived_rebuildable_code_values
nhtsa_crash,sensor_attachment,RIB - LEFT UPPER MID,RIB___LEFT_UPPER_MID,Derived dictionary value; rebuildable from canonical tables.,1995,200,44,instrumentation_info,$.results[*].sensorAttachment,instrumentation_channels,sensor_attachment,derived_rebuildable_code_values
nhtsa_crash,sensor_attachment,RIB - LEFT UPPER REAR,RIB___LEFT_UPPER_REAR,Derived dictionary value; rebuildable from canonical tables.,1995,200,44,instrumentation_info,$.results[*].sensorAttachment,instrumentation_channels,sensor_attachment,derived_rebuildable_code_values
nhtsa_crash,sensor_attachment,RIB - LOWER ABDOMEN,RIB___LOWER_ABDOMEN,Derived dictionary value; rebuildable from canonical tables.,2,1347,1189,instrumentation_info,$.results[*].sensorAttachment,instrumentation_channels,sensor_attachment,derived_rebuildable_code_values
nhtsa_crash,sensor_attachment,RIB - LOWER-FRONT ABDOMEN,RIB___LOWER_FRONT_ABDOMEN,Derived dictionary value; rebuildable from canonical tables.,1995,220,48,instrumentation_info,$.results[*].sensorAttachment,instrumentation_channels,sensor_attachment,derived_rebuildable_code_values
nhtsa_crash,sensor_attachment,RIB - LOWER-MID ABDOMEN,RIB___LOWER_MID_ABDOMEN,Derived dictionary value; rebuildable from canonical tables.,1995,220,48,instrumentation_info,$.results[*].sensorAttachment,instrumentation_channels,sensor_attachment,derived_rebuildable_code_values
nhtsa_crash,sensor_attachment,RIB - LOWER- REAR ABDOMEN,RIB___LOWER__REAR_ABDOMEN,Derived dictionary value; rebuildable from canonical tables.,1995,220,48,instrumentation_info,$.results[*].sensorAttachment,instrumentation_channels,sensor_attachment,derived_rebuildable_code_values
nhtsa_crash,sensor_attachment,RIB - RIGHT,RIB___RIGHT,Derived dictionary value; rebuildable from canonical tables.,3195,2,1,instrumentation_info,$.results[*].sensorAttachment,instrumentation_channels,sensor_attachment,derived_rebuildable_code_values
nhtsa_crash,sensor_attachment,"RIB - RIGHT, LOWER-FRONT","RIB___RIGHT,_LOWER_FRONT",Derived dictionary value; rebuildable from canonical tables.,3311,20,4,instrumentation_info,$.results[*].sensorAttachment,instrumentation_channels,sensor_attachment,derived_rebuildable_code_values
nhtsa_crash,sensor_attachment,"RIB - RIGHT, LOWER-MIDDLE","RIB___RIGHT,_LOWER_MIDDLE",Derived dictionary value; rebuildable from canonical tables.,3311,20,4,instrumentation_info,$.results[*].sensorAttachment,instrumentation_channels,sensor_attachment,derived_rebuildable_code_values
nhtsa_crash,sensor_attachment,"RIB - RIGHT, LOWER-REAR","RIB___RIGHT,_LOWER_REAR",Derived dictionary value; rebuildable from canonical tables.,3311,20,4,instrumentation_info,$.results[*].sensorAttachment,instrumentation_channels,sensor_attachment,derived_rebuildable_code_values
nhtsa_crash,sensor_attachment,"RIB - RIGHT, MIDDLE-FRONT","RIB___RIGHT,_MIDDLE_FRONT",Derived dictionary value; rebuildable from canonical tables.,3311,20,4,instrumentation_info,$.results[*].sensorAttachment,instrumentation_channels,sensor_attachment,derived_rebuildable_code_values
nhtsa_crash,sensor_attachment,"RIB - RIGHT, MIDDLE-MIDDLE","RIB___RIGHT,_MIDDLE_MIDDLE",Derived dictionary value; rebuildable from canonical tables.,3311,20,4,instrumentation_info,$.results[*].sensorAttachment,instrumentation_channels,sensor_attachment,derived_rebuildable_code_values
nhtsa_crash,sensor_attachment,"RIB - RIGHT, MIDDLE-REAR","RIB___RIGHT,_MIDDLE_REAR",Derived dictionary value; rebuildable from canonical tables.,3311,20,4,instrumentation_info,$.results[*].sensorAttachment,instrumentation_channels,sensor_attachment,derived_rebuildable_code_values
nhtsa_crash,sensor_attachment,"RIB - RIGHT, UPPER-FRONT","RIB___RIGHT,_UPPER_FRONT",Derived dictionary value; rebuildable from canonical tables.,3311,20,4,instrumentation_info,$.results[*].sensorAttachment,instrumentation_channels,sensor_attachment,derived_rebuildable_code_values
nhtsa_crash,sensor_attachment,"RIB - RIGHT, UPPER-MIDDLE","RIB___RIGHT,_UPPER_MIDDLE",Derived dictionary value; rebuildable from canonical tables.,3311,20,4,instrumentation_info,$.results[*].sensorAttachment,instrumentation_channels,sensor_attachment,derived_rebuildable_code_values
nhtsa_crash,sensor_attachment,"RIB - RIGHT, UPPER-REAR","RIB___RIGHT,_UPPER_REAR",Derived dictionary value; rebuildable from canonical tables.,3311,20,4,instrumentation_info,$.results[*].sensorAttachment,instrumentation_channels,sensor_attachment,derived_rebuildable_code_values
nhtsa_crash,sensor_attachment,RIB - RIGHT LOWER,RIB___RIGHT_LOWER,Derived dictionary value; rebuildable from canonical tables.,1726,118,26,instrumentation_info,$.results[*].sensorAttachment,instrumentation_channels,sensor_attachment,derived_rebuildable_code_values
nhtsa_crash,sensor_attachment,RIB - RIGHT MIDDLE,RIB___RIGHT_MIDDLE,Derived dictionary value; rebuildable from canonical tables.,1726,118,26,instrumentation_info,$.results[*].sensorAttachment,instrumentation_channels,sensor_attachment,derived_rebuildable_code_values
nhtsa_crash,sensor_attachment,RIB - RIGHT UPPER,RIB___RIGHT_UPPER,Derived dictionary value; rebuildable from canonical tables.,977,256,72,instrumentation_info,$.results[*].sensorAttachment,instrumentation_channels,sensor_attachment,derived_rebuildable_code_values
nhtsa_crash,sensor_attachment,RIB - UPPER ABDOMEN,RIB___UPPER_ABDOMEN,Derived dictionary value; rebuildable from canonical tables.,2,1567,1186,instrumentation_info,$.results[*].sensorAttachment,instrumentation_channels,sensor_attachment,derived_rebuildable_code_values
nhtsa_crash,sensor_attachment,RIB - UPPER-FRONT ABDOMEN,RIB___UPPER_FRONT_ABDOMEN,Derived dictionary value; rebuildable from canonical tables.,1995,220,48,instrumentation_info,$.results[*].sensorAttachment,instrumentation_channels,sensor_attachment,derived_rebuildable_code_values
nhtsa_crash,sensor_attachment,RIB - UPPER-MID ABDOMEN,RIB___UPPER_MID_ABDOMEN,Derived dictionary value; rebuildable from canonical tables.,1995,220,48,instrumentation_info,$.results[*].sensorAttachment,instrumentation_channels,sensor_attachment,derived_rebuildable_code_values
nhtsa_crash,sensor_attachment,RIB - UPPER-REAR ABDOMEN,RIB___UPPER_REAR_ABDOMEN,Derived dictionary value; rebuildable from canonical tables.,1995,220,48,instrumentation_info,$.results[*].sensorAttachment,instrumentation_channels,sensor_attachment,derived_rebuildable_code_values
nhtsa_crash,sensor_attachment,RIGHT ROOF,RIGHT_ROOF,Derived dictionary value; rebuildable from canonical tables.,2,612,612,instrumentation_info,$.results[*].sensorAttachment,instrumentation_channels,sensor_attachment,derived_rebuildable_code_values
nhtsa_crash,sensor_attachment,RIGHT SILL,RIGHT_SILL,Derived dictionary value; rebuildable from canonical tables.,2,502,456,instrumentation_info,$.results[*].sensorAttachment,instrumentation_channels,sensor_attachment,derived_rebuildable_code_values
nhtsa_crash,sensor_attachment,ROOF,ROOF,Derived dictionary value; rebuildable from canonical tables.,2239,76,76,instrumentation_info,$.results[*].sensorAttachment,instrumentation_channels,sensor_attachment,derived_rebuildable_code_values
nhtsa_crash,sensor_attachment,ROOF RAIL LEFT FRONT,ROOF_RAIL_LEFT_FRONT,Derived dictionary value; rebuildable from canonical tables.,2239,42,42,instrumentation_info,$.results[*].sensorAttachment,instrumentation_channels,sensor_attachment,derived_rebuildable_code_values
nhtsa_crash,sensor_attachment,ROOF RAIL LEFT REAR,ROOF_RAIL_LEFT_REAR,Derived dictionary value; rebuildable from canonical tables.,2239,41,41,instrumentation_info,$.results[*].sensorAttachment,instrumentation_channels,sensor_attachment,derived_rebuildable_code_values
nhtsa_crash,sensor_attachment,ROOF RAIL RIGHT FRONT,ROOF_RAIL_RIGHT_FRONT,Derived dictionary value; rebuildable from canonical tables.,2239,46,46,instrumentation_info,$.results[*].sensorAttachment,instrumentation_channels,sensor_attachment,derived_rebuildable_code_values
nhtsa_crash,sensor_attachment,ROOF RAIL RIGHT REAR,ROOF_RAIL_RIGHT_REAR,Derived dictionary value; rebuildable from canonical tables.,2239,46,46,instrumentation_info,$.results[*].sensorAttachment,instrumentation_channels,sensor_attachment,derived_rebuildable_code_values
nhtsa_crash,sensor_attachment,SEAT LEFT FRONT LEFT,SEAT_LEFT_FRONT_LEFT,Derived dictionary value; rebuildable from canonical tables.,454,4,4,instrumentation_info,$.results[*].sensorAttachment,instrumentation_channels,sensor_attachment,derived_rebuildable_code_values
nhtsa_crash,sensor_attachment,SEAT TRACK - LEFT FRONT,SEAT_TRACK___LEFT_FRONT,Derived dictionary value; rebuildable from canonical tables.,34,417,161,instrumentation_info,$.results[*].sensorAttachment,instrumentation_channels,sensor_attachment,derived_rebuildable_code_values
nhtsa_crash,sensor_attachment,SEAT TRACK - LEFT REAR,SEAT_TRACK___LEFT_REAR,Derived dictionary value; rebuildable from canonical tables.,593,12,12,instrumentation_info,$.results[*].sensorAttachment,instrumentation_channels,sensor_attachment,derived_rebuildable_code_values
nhtsa_crash,sensor_attachment,SEAT TRACK - RIGHT FRONT,SEAT_TRACK___RIGHT_FRONT,Derived dictionary value; rebuildable from canonical tables.,735,224,78,instrumentation_info,$.results[*].sensorAttachment,instrumentation_channels,sensor_attachment,derived_rebuildable_code_values
nhtsa_crash,sensor_attachment,SEAT TRACK - RIGHT REAR,SEAT_TRACK___RIGHT_REAR,Derived dictionary value; rebuildable from canonical tables.,593,12,12,instrumentation_info,$.results[*].sensorAttachment,instrumentation_channels,sensor_attachment,derived_rebuildable_code_values
nhtsa_crash,sensor_attachment,SEAT - CENTER FRONT,SEAT___CENTER_FRONT,Derived dictionary value; rebuildable from canonical tables.,129,67,47,instrumentation_info,$.results[*].sensorAttachment,instrumentation_channels,sensor_attachment,derived_rebuildable_code_values
nhtsa_crash,sensor_attachment,SEAT - CENTER REAR,SEAT___CENTER_REAR,Derived dictionary value; rebuildable from canonical tables.,129,80,57,instrumentation_info,$.results[*].sensorAttachment,instrumentation_channels,sensor_attachment,derived_rebuildable_code_values
nhtsa_crash,sensor_attachment,SEAT - LEFT FRONT,SEAT___LEFT_FRONT,Derived dictionary value; rebuildable from canonical tables.,137,469,237,instrumentation_info,$.results[*].sensorAttachment,instrumentation_channels,sensor_attachment,derived_rebuildable_code_values
nhtsa_crash,sensor_attachment,SEAT - LEFT REAR,SEAT___LEFT_REAR,Derived dictionary value; rebuildable from canonical tables.,30,1174,464,instrumentation_info,$.results[*].sensorAttachment,instrumentation_channels,sensor_attachment,derived_rebuildable_code_values
nhtsa_crash,sensor_attachment,SEAT - RIGHT FRONT,SEAT___RIGHT_FRONT,Derived dictionary value; rebuildable from canonical tables.,454,146,57,instrumentation_info,$.results[*].sensorAttachment,instrumentation_channels,sensor_attachment,derived_rebuildable_code_values
nhtsa_crash,sensor_attachment,SEAT - RIGHT REAR,SEAT___RIGHT_REAR,Derived dictionary value; rebuildable from canonical tables.,30,574,204,instrumentation_info,$.results[*].sensorAttachment,instrumentation_channels,sensor_attachment,derived_rebuildable_code_values
nhtsa_crash,sensor_attachment,SHOULDER BELT,SHOULDER_BELT,Derived dictionary value; rebuildable from canonical tables.,1,2490,1267,instrumentation_info,$.results[*].sensorAttachment,instrumentation_channels,sensor_attachment,derived_rebuildable_code_values
nhtsa_crash,sensor_attachment,SHOULDER - LEFT,SHOULDER___LEFT,Derived dictionary value; rebuildable from canonical tables.,2,764,213,instrumentation_info,$.results[*].sensorAttachment,instrumentation_channels,sensor_attachment,derived_rebuildable_code_values
nhtsa_crash,sensor_attachment,SHOULDER - LEFT FRONT,SHOULDER___LEFT_FRONT,Derived dictionary value; rebuildable from canonical tables.,1995,172,37,instrumentation_info,$.results[*].sensorAttachment,instrumentation_channels,sensor_attachment,derived_rebuildable_code_values
nhtsa_crash,sensor_attachment,SHOULDER - LEFT MIDDLE,SHOULDER___LEFT_MIDDLE,Derived dictionary value; rebuildable from canonical tables.,1995,168,36,instrumentation_info,$.results[*].sensorAttachment,instrumentation_channels,sensor_attachment,derived_rebuildable_code_values
nhtsa_crash,sensor_attachment,SHOULDER - LEFT REAR,SHOULDER___LEFT_REAR,Derived dictionary value; rebuildable from canonical tables.,1995,173,38,instrumentation_info,$.results[*].sensorAttachment,instrumentation_channels,sensor_attachment,derived_rebuildable_code_values
nhtsa_crash,sensor_attachment,SHOULDER - RIGHT,SHOULDER___RIGHT,Derived dictionary value; rebuildable from canonical tables.,254,390,95,instrumentation_info,$.results[*].sensorAttachment,instrumentation_channels,sensor_attachment,derived_rebuildable_code_values
nhtsa_crash,sensor_attachment,SHOULDER - RIGHT FRONT,SHOULDER___RIGHT_FRONT,Derived dictionary value; rebuildable from canonical tables.,3311,20,4,instrumentation_info,$.results[*].sensorAttachment,instrumentation_channels,sensor_attachment,derived_rebuildable_code_values
nhtsa_crash,sensor_attachment,SHOULDER - RIGHT MIDDLE,SHOULDER___RIGHT_MIDDLE,Derived dictionary value; rebuildable from canonical tables.,2190,24,5,instrumentation_info,$.results[*].sensorAttachment,instrumentation_channels,sensor_attachment,derived_rebuildable_code_values
nhtsa_crash,sensor_attachment,SHOULDER - RIGHT REAR,SHOULDER___RIGHT_REAR,Derived dictionary value; rebuildable from canonical tables.,3311,19,4,instrumentation_info,$.results[*].sensorAttachment,instrumentation_channels,sensor_attachment,derived_rebuildable_code_values
nhtsa_crash,sensor_attachment,SILL - LEFT FRONT,SILL___LEFT_FRONT,Derived dictionary value; rebuildable from canonical tables.,2,1271,1263,instrumentation_info,$.results[*].sensorAttachment,instrumentation_channels,sensor_attachment,derived_rebuildable_code_values
nhtsa_crash,sensor_attachment,SILL - LEFT REAR,SILL___LEFT_REAR,Derived dictionary value; rebuildable from canonical tables.,4,1750,978,instrumentation_info,$.results[*].sensorAttachment,instrumentation_channels,sensor_attachment,derived_rebuildable_code_values
nhtsa_crash,sensor_attachment,SILL - RIGHT FRONT,SILL___RIGHT_FRONT,Derived dictionary value; rebuildable from canonical tables.,4,2064,785,instrumentation_info,$.results[*].sensorAttachment,instrumentation_channels,sensor_attachment,derived_rebuildable_code_values
nhtsa_crash,sensor_attachment,SILL - RIGHT REAR,SILL___RIGHT_REAR,Derived dictionary value; rebuildable from canonical tables.,4,2818,992,instrumentation_info,$.results[*].sensorAttachment,instrumentation_channels,sensor_attachment,derived_rebuildable_code_values
nhtsa_crash,sensor_attachment,SLED,SLED,Derived dictionary value; rebuildable from canonical tables.,66,2209,732,instrumentation_info,$.results[*].sensorAttachment,instrumentation_channels,sensor_attachment,derived_rebuildable_code_values
nhtsa_crash,sensor_attachment,SPINE - LOWER,SPINE___LOWER,Derived dictionary value; rebuildable from canonical tables.,2,8655,1615,instrumentation_info,$.results[*].sensorAttachment,instrumentation_channels,sensor_attachment,derived_rebuildable_code_values
nhtsa_crash,sensor_attachment,SPINE - MIDDLE,SPINE___MIDDLE,Derived dictionary value; rebuildable from canonical tables.,34,2235,487,instrumentation_info,$.results[*].sensorAttachment,instrumentation_channels,sensor_attachment,derived_rebuildable_code_values
nhtsa_crash,sensor_attachment,SPINE - UPPER,SPINE___UPPER,Derived dictionary value; rebuildable from canonical tables.,34,2577,634,instrumentation_info,$.results[*].sensorAttachment,instrumentation_channels,sensor_attachment,derived_rebuildable_code_values
nhtsa_crash,sensor_attachment,STERNUM - LOWER,STERNUM___LOWER,Derived dictionary value; rebuildable from canonical tables.,90,32,31,instrumentation_info,$.results[*].sensorAttachment,instrumentation_channels,sensor_attachment,derived_rebuildable_code_values
nhtsa_crash,sensor_attachment,STERNUM - MIDDLE,STERNUM___MIDDLE,Derived dictionary value; rebuildable from canonical tables.,2976,7,7,instrumentation_info,$.results[*].sensorAttachment,instrumentation_channels,sensor_attachment,derived_rebuildable_code_values
nhtsa_crash,sensor_attachment,STERNUM - UPPER,STERNUM___UPPER,Derived dictionary value; rebuildable from canonical tables.,90,48,33,instrumentation_info,$.results[*].sensorAttachment,instrumentation_channels,sensor_attachment,derived_rebuildable_code_values
nhtsa_crash,sensor_attachment,TIBIA - LEFT,TIBIA___LEFT,Derived dictionary value; rebuildable from canonical tables.,34,350,118,instrumentation_info,$.results[*].sensorAttachment,instrumentation_channels,sensor_attachment,derived_rebuildable_code_values
nhtsa_crash,sensor_attachment,TIBIA - LEFT LOWER,TIBIA___LEFT_LOWER,Derived dictionary value; rebuildable from canonical tables.,1,5164,828,instrumentation_info,$.results[*].sensorAttachment,instrumentation_channels,sensor_attachment,derived_rebuildable_code_values
nhtsa_crash,sensor_attachment,TIBIA - LEFT UPPER,TIBIA___LEFT_UPPER,Derived dictionary value; rebuildable from canonical tables.,1,5115,840,instrumentation_info,$.results[*].sensorAttachment,instrumentation_channels,sensor_attachment,derived_rebuildable_code_values
nhtsa_crash,sensor_attachment,TIBIA - RIGHT,TIBIA___RIGHT,Derived dictionary value; rebuildable from canonical tables.,34,512,158,instrumentation_info,$.results[*].sensorAttachment,instrumentation_channels,sensor_attachment,derived_rebuildable_code_values
nhtsa_crash,sensor_attachment,TIBIA - RIGHT LOWER,TIBIA___RIGHT_LOWER,Derived dictionary value; rebuildable from canonical tables.,1,5171,828,instrumentation_info,$.results[*].sensorAttachment,instrumentation_channels,sensor_attachment,derived_rebuildable_code_values
nhtsa_crash,sensor_attachment,TIBIA - RIGHT UPPER,TIBIA___RIGHT_UPPER,Derived dictionary value; rebuildable from canonical tables.,1,4995,834,instrumentation_info,$.results[*].sensorAttachment,instrumentation_channels,sensor_attachment,derived_rebuildable_code_values
nhtsa_crash,sensor_attachment,TOP TETHER,TOP_TETHER,Derived dictionary value; rebuildable from canonical tables.,66,255,244,instrumentation_info,$.results[*].sensorAttachment,instrumentation_channels,sensor_attachment,derived_rebuildable_code_values
nhtsa_crash,sensor_attachment,TOTAL NECK SECTION,TOTAL_NECK_SECTION,Derived dictionary value; rebuildable from canonical tables.,2369,144,15,instrumentation_info,$.results[*].sensorAttachment,instrumentation_channels,sensor_attachment,derived_rebuildable_code_values
nhtsa_crash,sensor_attachment,TRUNK FLOOR - CENTER,TRUNK_FLOOR___CENTER,Derived dictionary value; rebuildable from canonical tables.,2,3424,1334,instrumentation_info,$.results[*].sensorAttachment,instrumentation_channels,sensor_attachment,derived_rebuildable_code_values
nhtsa_crash,sensor_attachment,TRUNK FLOOR - RIGHT,TRUNK_FLOOR___RIGHT,Derived dictionary value; rebuildable from canonical tables.,2397,30,5,instrumentation_info,$.results[*].sensorAttachment,instrumentation_channels,sensor_attachment,derived_rebuildable_code_values
nhtsa_crash,sensor_attachment,VEHICLE CG,VEHICLE_CG,Derived dictionary value; rebuildable from canonical tables.,2,10471,1603,instrumentation_info,$.results[*].sensorAttachment,instrumentation_channels,sensor_attachment,derived_rebuildable_code_values
nhtsa_crash,sensor_axis,AUDIAL SENSOR,AUDIAL_SENSOR,Derived dictionary value; rebuildable from canonical tables.,21,2226,76,instrumentation_info,$.results[*].axisDirofSensor,instrumentation_channels,sensor_axis,derived_rebuildable_code_values
nhtsa_crash,sensor_axis,CAN ALERT MESSAGE,CAN_ALERT_MESSAGE,Derived dictionary value; rebuildable from canonical tables.,36,571,19,instrumentation_info,$.results[*].axisDirofSensor,instrumentation_channels,sensor_axis,derived_rebuildable_code_values
nhtsa_crash,sensor_axis,CHESTBAND CURVATURE GAUGE,CHESTBAND_CURVATURE_GAUGE,Derived dictionary value; rebuildable from canonical tables.,2190,173,3,instrumentation_info,$.results[*].axisDirofSensor,instrumentation_channels,sensor_axis,derived_rebuildable_code_values
nhtsa_crash,sensor_axis,CRUX BASE ROTN,CRUX_BASE_ROTN,Derived dictionary value; rebuildable from canonical tables.,34,24,6,instrumentation_info,$.results[*].axisDirofSensor,instrumentation_channels,sensor_axis,derived_rebuildable_code_values
nhtsa_crash,sensor_axis,CRUX ELBOW ROTN,CRUX_ELBOW_ROTN,Derived dictionary value; rebuildable from canonical tables.,34,24,6,instrumentation_info,$.results[*].axisDirofSensor,instrumentation_channels,sensor_axis,derived_rebuildable_code_values
nhtsa_crash,sensor_axis,CRUX MIDDLE ROTN,CRUX_MIDDLE_ROTN,Derived dictionary value; rebuildable from canonical tables.,34,24,6,instrumentation_info,$.results[*].axisDirofSensor,instrumentation_channels,sensor_axis,derived_rebuildable_code_values
nhtsa_crash,sensor_axis,HAPTIC SENSOR,HAPTIC_SENSOR,Derived dictionary value; rebuildable from canonical tables.,21,1679,56,instrumentation_info,$.results[*].axisDirofSensor,instrumentation_channels,sensor_axis,derived_rebuildable_code_values
nhtsa_crash,sensor_axis,HEADWAY DISTANCE,HEADWAY_DISTANCE,Derived dictionary value; rebuildable from canonical tables.,21,933,45,instrumentation_info,$.results[*].axisDirofSensor,instrumentation_channels,sensor_axis,derived_rebuildable_code_values
nhtsa_crash,sensor_axis,Lateral Acceleration,LATERAL_ACCELERATION,Derived dictionary value; rebuildable from canonical tables.,1682,36,3,instrumentation_info,$.results[*].axisDirofSensor,instrumentation_channels,sensor_axis,derived_rebuildable_code_values
nhtsa_crash,sensor_axis,LATERAL DISTANCE TO LANE EDGE in LDW,LATERAL_DISTANCE_TO_LANE_EDGE_IN_LDW,Derived dictionary value; rebuildable from canonical tables.,36,1335,32,instrumentation_info,$.results[*].axisDirofSensor,instrumentation_channels,sensor_axis,derived_rebuildable_code_values
nhtsa_crash,sensor_axis,Lateral Dist Diff of SV & POV centerline,LATERAL_DIST_DIFF_OF_SV_&_POV_CENTERLINE,Derived dictionary value; rebuildable from canonical tables.,21,933,45,instrumentation_info,$.results[*].axisDirofSensor,instrumentation_channels,sensor_axis,derived_rebuildable_code_values
nhtsa_crash,sensor_axis,NOT APPLICABLE,NOT_APPLICABLE,Derived dictionary value; rebuildable from canonical tables.,1,22062,2773,instrumentation_info,$.results[*].axisDirofSensor,instrumentation_channels,sensor_axis,derived_rebuildable_code_values
nhtsa_crash,sensor_axis,NO VALUE,NO_VALUE,Derived dictionary value; rebuildable from canonical tables.,606,48,8,instrumentation_info,$.results[*].axisDirofSensor,instrumentation_channels,sensor_axis,derived_rebuildable_code_values
nhtsa_crash,sensor_axis,OTHER,OTHER,Derived dictionary value; rebuildable from canonical tables.,124,539,211,instrumentation_info,$.results[*].axisDirofSensor,instrumentation_channels,sensor_axis,derived_rebuildable_code_values
nhtsa_crash,sensor_axis,POV (Principle Other Vehicle) SPEED,POV_(PRINCIPLE_OTHER_VEHICLE)_SPEED,Derived dictionary value; rebuildable from canonical tables.,21,929,45,instrumentation_info,$.results[*].axisDirofSensor,instrumentation_channels,sensor_axis,derived_rebuildable_code_values
nhtsa_crash,sensor_axis,POV ACCELERATION,POV_ACCELERATION,Derived dictionary value; rebuildable from canonical tables.,21,919,45,instrumentation_info,$.results[*].axisDirofSensor,instrumentation_channels,sensor_axis,derived_rebuildable_code_values
nhtsa_crash,sensor_axis,POV DECELERATION,POV_DECELERATION,Derived dictionary value; rebuildable from canonical tables.,531,18,1,instrumentation_info,$.results[*].axisDirofSensor,instrumentation_channels,sensor_axis,derived_rebuildable_code_values
nhtsa_crash,sensor_axis,RESULTANT,RESULTANT,Derived dictionary value; rebuildable from canonical tables.,1822,518,146,instrumentation_info,$.results[*].axisDirofSensor,instrumentation_channels,sensor_axis,derived_rebuildable_code_values
nhtsa_crash,sensor_axis,RIBEYE LED LENGTH CHANGE,RIBEYE_LED_LENGTH_CHANGE,Derived dictionary value; rebuildable from canonical tables.,1995,231,13,instrumentation_info,$.results[*].axisDirofSensor,instrumentation_channels,sensor_axis,derived_rebuildable_code_values
nhtsa_crash,sensor_axis,SV (Subject Vehicle) SPEED,SV_(SUBJECT_VEHICLE)_SPEED,Derived dictionary value; rebuildable from canonical tables.,21,2268,77,instrumentation_info,$.results[*].axisDirofSensor,instrumentation_channels,sensor_axis,derived_rebuildable_code_values
nhtsa_crash,sensor_axis,SV ACCELERATION,SV_ACCELERATION,Derived dictionary value; rebuildable from canonical tables.,21,933,45,instrumentation_info,$.results[*].axisDirofSensor,instrumentation_channels,sensor_axis,derived_rebuildable_code_values
nhtsa_crash,sensor_axis,SV LATERAL VELOCITY,SV_LATERAL_VELOCITY,Derived dictionary value; rebuildable from canonical tables.,36,1335,32,instrumentation_info,$.results[*].axisDirofSensor,instrumentation_channels,sensor_axis,derived_rebuildable_code_values
nhtsa_crash,sensor_axis,VISUAL SENSOR,VISUAL_SENSOR,Derived dictionary value; rebuildable from canonical tables.,21,2268,77,instrumentation_info,$.results[*].axisDirofSensor,instrumentation_channels,sensor_axis,derived_rebuildable_code_values
nhtsa_crash,sensor_axis,X - GLOBAL,X___GLOBAL,Derived dictionary value; rebuildable from canonical tables.,1,90882,2989,instrumentation_info,$.results[*].axisDirofSensor,instrumentation_channels,sensor_axis,derived_rebuildable_code_values
nhtsa_crash,sensor_axis,X - LOCAL,X___LOCAL,Derived dictionary value; rebuildable from canonical tables.,1,62695,3722,instrumentation_info,$.results[*].axisDirofSensor,instrumentation_channels,sensor_axis,derived_rebuildable_code_values
nhtsa_crash,sensor_axis,YAW RATE,YAW_RATE,Derived dictionary value; rebuildable from canonical tables.,21,2268,77,instrumentation_info,$.results[*].axisDirofSensor,instrumentation_channels,sensor_axis,derived_rebuildable_code_values
nhtsa_crash,sensor_axis,Y - GLOBAL,Y___GLOBAL,Derived dictionary value; rebuildable from canonical tables.,2,77744,2102,instrumentation_info,$.results[*].axisDirofSensor,instrumentation_channels,sensor_axis,derived_rebuildable_code_values
nhtsa_crash,sensor_axis,Y - LOCAL,Y___LOCAL,Derived dictionary value; rebuildable from canonical tables.,1,71756,3566,instrumentation_info,$.results[*].axisDirofSensor,instrumentation_channels,sensor_axis,derived_rebuildable_code_values
nhtsa_crash,sensor_axis,Z - GLOBAL,Z___GLOBAL,Derived dictionary value; rebuildable from canonical tables.,1,59079,2218,instrumentation_info,$.results[*].axisDirofSensor,instrumentation_channels,sensor_axis,derived_rebuildable_code_values
nhtsa_crash,sensor_axis,Z - LOCAL,Z___LOCAL,Derived dictionary value; rebuildable from canonical tables.,1,65985,3612,instrumentation_info,$.results[*].axisDirofSensor,instrumentation_channels,sensor_axis,derived_rebuildable_code_values
nhtsa_crash,sensor_type,ACCELEROMETER,ACCELEROMETER,Derived dictionary value; rebuildable from canonical tables.,1,114994,3630,instrumentation_info,$.results[*].sensorType,instrumentation_channels,sensor_type,derived_rebuildable_code_values
nhtsa_crash,sensor_type,ANGULAR ACCELEROMETER,ANGULAR_ACCELEROMETER,Derived dictionary value; rebuildable from canonical tables.,21,2112,143,instrumentation_info,$.results[*].sensorType,instrumentation_channels,sensor_type,derived_rebuildable_code_values
nhtsa_crash,sensor_type,ANGULAR DISPLACEMENT TRANSDUCER,ANGULAR_DISPLACEMENT_TRANSDUCER,Derived dictionary value; rebuildable from canonical tables.,34,7574,349,instrumentation_info,$.results[*].sensorType,instrumentation_channels,sensor_type,derived_rebuildable_code_values
nhtsa_crash,sensor_type,ANGULAR VELOCITY TRANSDUCER,ANGULAR_VELOCITY_TRANSDUCER,Derived dictionary value; rebuildable from canonical tables.,2,10088,1679,instrumentation_info,$.results[*].sensorType,instrumentation_channels,sensor_type,derived_rebuildable_code_values
nhtsa_crash,sensor_type,CALCULATED CHANNEL,CALCULATED_CHANNEL,Derived dictionary value; rebuildable from canonical tables.,42,3,1,instrumentation_info,$.results[*].sensorType,instrumentation_channels,sensor_type,derived_rebuildable_code_values
nhtsa_crash,sensor_type,CHESTBAND CURVATURE GAUGE,CHESTBAND_CURVATURE_GAUGE,Derived dictionary value; rebuildable from canonical tables.,137,1736,32,instrumentation_info,$.results[*].sensorType,instrumentation_channels,sensor_type,derived_rebuildable_code_values
nhtsa_crash,sensor_type,DISPLACEMENT TRANSDUCER,DISPLACEMENT_TRANSDUCER,Derived dictionary value; rebuildable from canonical tables.,1,25859,3136,instrumentation_info,$.results[*].sensorType,instrumentation_channels,sensor_type,derived_rebuildable_code_values
nhtsa_crash,sensor_type,DISTANCE DETECTOR,DISTANCE_DETECTOR,Derived dictionary value; rebuildable from canonical tables.,21,2024,65,instrumentation_info,$.results[*].sensorType,instrumentation_channels,sensor_type,derived_rebuildable_code_values
nhtsa_crash,sensor_type,Electronic Current,ELECTRONIC_CURRENT,Derived dictionary value; rebuildable from canonical tables.,2369,566,69,instrumentation_info,$.results[*].sensorType,instrumentation_channels,sensor_type,derived_rebuildable_code_values
nhtsa_crash,sensor_type,Electronic Voltage,ELECTRONIC_VOLTAGE,Derived dictionary value; rebuildable from canonical tables.,2036,209,73,instrumentation_info,$.results[*].sensorType,instrumentation_channels,sensor_type,derived_rebuildable_code_values
nhtsa_crash,sensor_type,EVENT TIME INDICATOR,EVENT_TIME_INDICATOR,Derived dictionary value; rebuildable from canonical tables.,2,3560,1206,instrumentation_info,$.results[*].sensorType,instrumentation_channels,sensor_type,derived_rebuildable_code_values
nhtsa_crash,sensor_type,Haptic Warning Sensor,HAPTIC_WARNING_SENSOR,Derived dictionary value; rebuildable from canonical tables.,1112,589,14,instrumentation_info,$.results[*].sensorType,instrumentation_channels,sensor_type,derived_rebuildable_code_values
nhtsa_crash,sensor_type,LOAD CELL,LOAD_CELL,Derived dictionary value; rebuildable from canonical tables.,1,277852,3477,instrumentation_info,$.results[*].sensorType,instrumentation_channels,sensor_type,derived_rebuildable_code_values
nhtsa_crash,sensor_type,Moment,MOMENT,Derived dictionary value; rebuildable from canonical tables.,2635,135,45,instrumentation_info,$.results[*].sensorType,instrumentation_channels,sensor_type,derived_rebuildable_code_values
nhtsa_crash,sensor_type,Not Applicable,NOT_APPLICABLE,Derived dictionary value; rebuildable from canonical tables.,1793,1850,211,instrumentation_info,$.results[*].sensorType,instrumentation_channels,sensor_type,derived_rebuildable_code_values
nhtsa_crash,sensor_type,NOT DEFINED,NOT_DEFINED,Derived dictionary value; rebuildable from canonical tables.,129,43,43,instrumentation_info,$.results[*].sensorType,instrumentation_channels,sensor_type,derived_rebuildable_code_values
nhtsa_crash,sensor_type,NOT KNOWN,NOT_KNOWN,Derived dictionary value; rebuildable from canonical tables.,607,2,1,instrumentation_info,$.results[*].sensorType,instrumentation_channels,sensor_type,derived_rebuildable_code_values
nhtsa_crash,sensor_type,OTHER,OTHER,Derived dictionary value; rebuildable from canonical tables.,21,7056,392,instrumentation_info,$.results[*].sensorType,instrumentation_channels,sensor_type,derived_rebuildable_code_values
nhtsa_crash,sensor_type,POST-PROCESSED,POST_PROCESSED,Derived dictionary value; rebuildable from canonical tables.,2369,2268,65,instrumentation_info,$.results[*].sensorType,instrumentation_channels,sensor_type,derived_rebuildable_code_values
nhtsa_crash,sensor_type,PRESSURE TRANSDUCER,PRESSURE_TRANSDUCER,Derived dictionary value; rebuildable from canonical tables.,218,446,151,instrumentation_info,$.results[*].sensorType,instrumentation_channels,sensor_type,derived_rebuildable_code_values
nhtsa_crash,sensor_type,RibEye LED,RIBEYE_LED,Derived dictionary value; rebuildable from canonical tables.,1995,3966,48,instrumentation_info,$.results[*].sensorType,instrumentation_channels,sensor_type,derived_rebuildable_code_values
nhtsa_crash,sensor_type,Sound/Noise Pressure Level,SOUND_NOISE_PRESSURE_LEVEL,Derived dictionary value; rebuildable from canonical tables.,1112,589,14,instrumentation_info,$.results[*].sensorType,instrumentation_channels,sensor_type,derived_rebuildable_code_values
nhtsa_crash,sensor_type,STRAIN GAUGE,STRAIN_GAUGE,Derived dictionary value; rebuildable from canonical tables.,34,198,33,instrumentation_info,$.results[*].sensorType,instrumentation_channels,sensor_type,derived_rebuildable_code_values
nhtsa_crash,sensor_type,TIME BASED CHANNEL,TIME_BASED_CHANNEL,Derived dictionary value; rebuildable from canonical tables.,5,602,601,instrumentation_info,$.results[*].sensorType,instrumentation_channels,sensor_type,derived_rebuildable_code_values
nhtsa_crash,sensor_type,VELOCITY TRANSDUCER,VELOCITY_TRANSDUCER,Derived dictionary value; rebuildable from canonical tables.,21,4654,180,instrumentation_info,$.results[*].sensorType,instrumentation_channels,sensor_type,derived_rebuildable_code_values
nhtsa_crash,sensor_type,Visual Alert/Warning Sensor,VISUAL_ALERT_WARNING_SENSOR,Derived dictionary value; rebuildable from canonical tables.,1112,589,14,instrumentation_info,$.results[*].sensorType,instrumentation_channels,sensor_type,derived_rebuildable_code_values
nhtsa_crash,sensor_type,Voltage,VOLTAGE,Derived dictionary value; rebuildable from canonical tables.,823,556,194,instrumentation_info,$.results[*].sensorType,instrumentation_channels,sensor_type,derived_rebuildable_code_values
nhtsa_crash,sensor_type,YAW Rate,YAW_RATE,Derived dictionary value; rebuildable from canonical tables.,1113,315,15,instrumentation_info,$.results[*].sensorType,instrumentation_channels,sensor_type,derived_rebuildable_code_values
nhtsa_crash,test_configuration_key,FCW,FCW,Derived dictionary value; rebuildable from canonical tables.,21,45,45,test_summary,$.results[*].testConfiguration,tests,test_configuration_key,derived_rebuildable_code_values
nhtsa_crash,test_configuration_key,ITI,ITI,Derived dictionary value; rebuildable from canonical tables.,2031,6,6,test_summary,$.results[*].testConfiguration,tests,test_configuration_key,derived_rebuildable_code_values
nhtsa_crash,test_configuration_key,ITV,ITV,Derived dictionary value; rebuildable from canonical tables.,4,811,811,test_summary,$.results[*].testConfiguration,tests,test_configuration_key,derived_rebuildable_code_values
nhtsa_crash,test_configuration_key,LDW,LDW,Derived dictionary value; rebuildable from canonical tables.,36,31,31,test_summary,$.results[*].testConfiguration,tests,test_configuration_key,derived_rebuildable_code_values
nhtsa_crash,test_configuration_key,LRD,LRD,Derived dictionary value; rebuildable from canonical tables.,43,261,261,test_summary,$.results[*].testConfiguration,tests,test_configuration_key,derived_rebuildable_code_values
nhtsa_crash,test_configuration_key,OTH,OTH,Derived dictionary value; rebuildable from canonical tables.,954,21,21,test_summary,$.results[*].testConfiguration,tests,test_configuration_key,derived_rebuildable_code_values
nhtsa_crash,test_configuration_key,PED,PED,Derived dictionary value; rebuildable from canonical tables.,1793,195,195,test_summary,$.results[*].testConfiguration,tests,test_configuration_key,derived_rebuildable_code_values
nhtsa_crash,test_configuration_key,ROL,ROL,Derived dictionary value; rebuildable from canonical tables.,124,130,130,test_summary,$.results[*].testConfiguration,tests,test_configuration_key,derived_rebuildable_code_values
nhtsa_crash,test_configuration_key,SAS,SAS,Derived dictionary value; rebuildable from canonical tables.,62,235,235,test_summary,$.results[*].testConfiguration,tests,test_configuration_key,derived_rebuildable_code_values
nhtsa_crash,test_configuration_key,SLB,SLB,Derived dictionary value; rebuildable from canonical tables.,66,156,156,test_summary,$.results[*].testConfiguration,tests,test_configuration_key,derived_rebuildable_code_values
nhtsa_crash,test_configuration_key,SLN,SLN,Derived dictionary value; rebuildable from canonical tables.,129,565,565,test_summary,$.results[*].testConfiguration,tests,test_configuration_key,derived_rebuildable_code_values
nhtsa_crash,test_configuration_key,TJA,TJA,Derived dictionary value; rebuildable from canonical tables.,2592,1,1,test_summary,$.results[*].testConfiguration,tests,test_configuration_key,derived_rebuildable_code_values
nhtsa_crash,test_configuration_key,VTB,VTB,Derived dictionary value; rebuildable from canonical tables.,1,730,730,test_summary,$.results[*].testConfiguration,tests,test_configuration_key,derived_rebuildable_code_values
nhtsa_crash,test_configuration_key,VTP,VTP,Derived dictionary value; rebuildable from canonical tables.,2,616,616,test_summary,$.results[*].testConfiguration,tests,test_configuration_key,derived_rebuildable_code_values
nhtsa_crash,test_configuration_key,VTV,VTV,Derived dictionary value; rebuildable from canonical tables.,42,12,12,test_summary,$.results[*].testConfiguration,tests,test_configuration_key,derived_rebuildable_code_values
