source_system,endpoint_name,entity_type,raw_field_name,normalized_field_name,json_path,observed_data_type,contract_data_type,unit,range_min,range_max,max_length,nullable_observed,nullable_contract,is_code,code_set_name,code_set_source,first_seen_payload_id,last_seen_payload_id,occurrence_count,example_values,contract_status,exception_reason
nhtsa_crash,barrier_info,barriers,error,error,$.meta.error,string,text,,,,19,false,true,false,,,5,62263,3891,"["""", ""No Matching Results""]",documented_exception,observed_payload_path_preserved_without_canonical_promotion
nhtsa_crash,barrier_info,barriers,message,message,$.meta.message,string,text,,,,76,false,true,false,,,5,62263,3891,"[""Success"", ""No Data Found for the Search Request, please check your params and try again""]",documented_exception,observed_payload_path_preserved_without_canonical_promotion
nhtsa_crash,barrier_info,barriers,count,count,$.meta.pagination.count,integer,integer,,0,1,,false,true,false,,,5,62263,3891,"[1, 0]",documented_exception,observed_payload_path_preserved_without_canonical_promotion
nhtsa_crash,barrier_info,barriers,currentUrl,current_url,$.meta.pagination.currentUrl,null|string,text,,,,102,true,true,false,,,5,62263,3891,"[""http://nrd.api.nhtsa.dot.gov/nhtsa/vehicle/api/v1/vehicle-database-test-results/get-barrier-info/7201"", ""http://nrd.api.nhtsa.dot.gov/nhtsa/vehicle/api/v1/vehicle-database-test-results/get-barrier-info/7202"", ""http://nrd.api.nhtsa.dot.gov/nhtsa/vehicle/api/v1/vehicle-database-test-results/get-barrier-info/7203"", ""http://nrd.api.nhtsa.dot.gov/nhtsa/vehicle/api/v1/vehicle-database-test-results/get-barrier-info/7339"", ""http://nrd.api.nhtsa.dot.gov/nhtsa/vehicle/api/v1/vehicle-database-test-results/get-barrier-info/7340""]",documented_exception,observed_payload_path_preserved_without_canonical_promotion
nhtsa_crash,barrier_info,barriers,nextUrl,next_url,$.meta.pagination.nextUrl,null,null,,,,,true,true,false,,,5,62263,3891,[],documented_exception,observed_payload_path_preserved_without_canonical_promotion
nhtsa_crash,barrier_info,barriers,pageNumber,page_number,$.meta.pagination.pageNumber,integer,integer,,0,0,,false,true,false,,,5,62263,3891,[0],documented_exception,observed_payload_path_preserved_without_canonical_promotion
nhtsa_crash,barrier_info,barriers,previousUrl,previous_url,$.meta.pagination.previousUrl,null,null,,,,,true,true,false,,,5,62263,3891,[],documented_exception,observed_payload_path_preserved_without_canonical_promotion
nhtsa_crash,barrier_info,barriers,total,total,$.meta.pagination.total,integer,integer,,0,1,,false,true,false,,,5,62263,3891,"[1, 0]",documented_exception,observed_payload_path_preserved_without_canonical_promotion
nhtsa_crash,barrier_info,barriers,status,status,$.meta.status,integer,integer,,200,200,,false,true,false,,,5,62263,3891,[200],documented_exception,observed_payload_path_preserved_without_canonical_promotion
nhtsa_crash,barrier_info,barriers,results,results,$.results,null,null,,,,,true,true,false,,,61,62263,2264,[],documented_exception,observed_payload_path_preserved_without_canonical_promotion
nhtsa_crash,barrier_info,barriers,angleofFixedBarrier,angleof_fixed_barrier,$.results[*].angleofFixedBarrier,null|string,text,degrees,,,2,true,true,false,,,5,62238,1627,"[""0"", ""30"", ""15""]",mapped,
nhtsa_crash,barrier_info,barriers,barrierCommentary,barrier_commentary,$.results[*].barrierCommentary,null|string,text,,,,55,true,true,false,,,5,62238,1627,"[""ADVANCED RESEARCH LOAD CELL BARRIER"", ""SIDE POLE BARRIER"", ""NO COMMENTS"", ""FRONTAL FLAT BARRIER WITH 36 LOADCELLS"", ""NO BARRIER""]",documented_exception,raw_preserved_unmapped_schema_backlog_or_raw_only_policy
nhtsa_crash,barrier_info,barriers,barrierShape,barrier_shape,$.results[*].barrierShape,null|string,text,,,,35,true,true,true,barrier_shape,code_values_v1_5,5,62238,1627,"[""8 X 16 + 6 LOAD CELL BARRIER"", ""POLE"", ""LOAD CELL BARRIER"", ""FLAT BARRIER"", ""FLAT ANGLED BARRIER""]",code_linked,
nhtsa_crash,barrier_info,barriers,diameterofPoleBarrier,diameterof_pole_barrier,$.results[*].diameterofPoleBarrier,null|string,text,,,,8,true,true,false,,,5,62238,1627,"[""0"", ""254"", ""99999999""]",documented_exception,raw_preserved_unmapped_schema_backlog_or_raw_only_policy
nhtsa_crash,barrier_info,barriers,instrumentationInformation,instrumentation_information,$.results[*].instrumentationInformation,string,text,,,,111,false,true,false,,,5,62238,1627,"[""https://nrd.api.nhtsa.dot.gov/nhtsa/vehicle/api/v1/vehicle-database-test-results/get-instrumentation-info/7201"", ""https://nrd.api.nhtsa.dot.gov/nhtsa/vehicle/api/v1/vehicle-database-test-results/get-instrumentation-info/7202"", ""https://nrd.api.nhtsa.dot.gov/nhtsa/vehicle/api/v1/vehicle-database-test-results/get-instrumentation-info/7203"", ""https://nrd.api.nhtsa.dot.gov/nhtsa/vehicle/api/v1/vehicle-database-test-results/get-instrumentation-info/7339"", ""https://nrd.api.nhtsa.dot.gov/nhtsa/vehicle/api/v1/vehicle-database-test-results/get-instrumentation-info/7340""]",documented_exception,raw_preserved_unmapped_schema_backlog_or_raw_only_policy
nhtsa_crash,barrier_info,barriers,multimediaFiles,multimedia_files,$.results[*].multimediaFiles,string,text,,,,107,false,true,false,,,5,62238,1627,"[""https://nrd.api.nhtsa.dot.gov/nhtsa/vehicle/api/v1/vehicle-database-test-results/get-multimedia-files/7201"", ""https://nrd.api.nhtsa.dot.gov/nhtsa/vehicle/api/v1/vehicle-database-test-results/get-multimedia-files/7202"", ""https://nrd.api.nhtsa.dot.gov/nhtsa/vehicle/api/v1/vehicle-database-test-results/get-multimedia-files/7203"", ""https://nrd.api.nhtsa.dot.gov/nhtsa/vehicle/api/v1/vehicle-database-test-results/get-multimedia-files/7339"", ""https://nrd.api.nhtsa.dot.gov/nhtsa/vehicle/api/v1/vehicle-database-test-results/get-multimedia-files/7340""]",documented_exception,raw_preserved_unmapped_schema_backlog_or_raw_only_policy
nhtsa_crash,barrier_info,barriers,rigidOrDeformableBarrier,rigid_or_deformable_barrier,$.results[*].rigidOrDeformableBarrier,null|string,text,,,,10,true,true,true,barrier_rigidity,code_values_v1_5,5,62238,1627,"[""RIGID"", ""DEFORMABLE""]",code_linked,
nhtsa_crash,barrier_info,tests,testNo,test_no,$.results[*].testNo,integer,integer,,7201,15509,,false,true,false,,,5,62238,1627,"[7201, 7202, 7203, 7339, 7340]",mapped,
nhtsa_crash,barrier_info,barriers,vehicleInformation,vehicle_information,$.results[*].vehicleInformation,string,text,,,,103,false,true,false,,,5,62238,1627,"[""https://nrd.api.nhtsa.dot.gov/nhtsa/vehicle/api/v1/vehicle-database-test-results/get-vehicle-info/7201"", ""https://nrd.api.nhtsa.dot.gov/nhtsa/vehicle/api/v1/vehicle-database-test-results/get-vehicle-info/7202"", ""https://nrd.api.nhtsa.dot.gov/nhtsa/vehicle/api/v1/vehicle-database-test-results/get-vehicle-info/7203"", ""https://nrd.api.nhtsa.dot.gov/nhtsa/vehicle/api/v1/vehicle-database-test-results/get-vehicle-info/7339"", ""https://nrd.api.nhtsa.dot.gov/nhtsa/vehicle/api/v1/vehicle-database-test-results/get-vehicle-info/7340""]",documented_exception,raw_preserved_unmapped_schema_backlog_or_raw_only_policy
nhtsa_crash,instrumentation_info,instrumentation_channels,error,error,$.meta.error,string,text,,,,19,false,true,false,,,11,62272,25524,"["""", ""No Matching Results""]",documented_exception,observed_payload_path_preserved_without_canonical_promotion
nhtsa_crash,instrumentation_info,instrumentation_channels,message,message,$.meta.message,string,text,,,,76,false,true,false,,,11,62272,25524,"[""Success"", ""No Data Found for the Search Request, please check your params and try again""]",documented_exception,observed_payload_path_preserved_without_canonical_promotion
nhtsa_crash,instrumentation_info,instrumentation_channels,count,count,$.meta.pagination.count,integer,integer,,0,20,,false,true,false,,,11,62272,25524,"[20, 7, 10, 3, 11]",documented_exception,observed_payload_path_preserved_without_canonical_promotion
nhtsa_crash,instrumentation_info,instrumentation_channels,currentUrl,current_url,$.meta.pagination.currentUrl,null|string,text,,,,133,true,true,false,,,11,62272,25524,"[""http://nrd.api.nhtsa.dot.gov/nhtsa/vehicle/api/v1/vehicle-database-test-results/get-instrumentation-info/7201?pageNumber=0&count=20"", ""http://nrd.api.nhtsa.dot.gov/nhtsa/vehicle/api/v1/vehicle-database-test-results/get-instrumentation-info/7201?pageNumber=1&count=20"", ""http://nrd.api.nhtsa.dot.gov/nhtsa/vehicle/api/v1/vehicle-database-test-results/get-instrumentation-info/7201?pageNumber=2&count=20"", ""http://nrd.api.nhtsa.dot.gov/nhtsa/vehicle/api/v1/vehicle-database-test-results/get-instrumentation-info/7201?pageNumber=3&count=20"", ""http://nrd.api.nhtsa.dot.gov/nhtsa/vehicle/api/v1/vehicle-database-test-results/get-instrumentation-info/7201?pageNumber=4&count=20""]",documented_exception,observed_payload_path_preserved_without_canonical_promotion
nhtsa_crash,instrumentation_info,instrumentation_channels,nextUrl,next_url,$.meta.pagination.nextUrl,null|string,text,,,,133,true,true,false,,,11,62272,25524,"[""http://nrd.api.nhtsa.dot.gov/nhtsa/vehicle/api/v1/vehicle-database-test-results/get-instrumentation-info/7201?count=20&pageNumber=1"", ""http://nrd.api.nhtsa.dot.gov/nhtsa/vehicle/api/v1/vehicle-database-test-results/get-instrumentation-info/7201?count=20&pageNumber=2"", ""http://nrd.api.nhtsa.dot.gov/nhtsa/vehicle/api/v1/vehicle-database-test-results/get-instrumentation-info/7201?count=20&pageNumber=3"", ""http://nrd.api.nhtsa.dot.gov/nhtsa/vehicle/api/v1/vehicle-database-test-results/get-instrumentation-info/7201?count=20&pageNumber=4"", ""http://nrd.api.nhtsa.dot.gov/nhtsa/vehicle/api/v1/vehicle-database-test-results/get-instrumentation-info/7201?count=20&pageNumber=5""]",documented_exception,observed_payload_path_preserved_without_canonical_promotion
nhtsa_crash,instrumentation_info,instrumentation_channels,pageNumber,page_number,$.meta.pagination.pageNumber,integer,integer,,0,31,,false,true,false,,,11,62272,25524,"[0, 1, 2, 3, 4]",documented_exception,observed_payload_path_preserved_without_canonical_promotion
nhtsa_crash,instrumentation_info,instrumentation_channels,previousUrl,previous_url,$.meta.pagination.previousUrl,null|string,text,,,,133,true,true,false,,,11,62272,25524,"[""http://nrd.api.nhtsa.dot.gov/nhtsa/vehicle/api/v1/vehicle-database-test-results/get-instrumentation-info/7201?count=20&pageNumber=0"", ""http://nrd.api.nhtsa.dot.gov/nhtsa/vehicle/api/v1/vehicle-database-test-results/get-instrumentation-info/7201?count=20&pageNumber=1"", ""http://nrd.api.nhtsa.dot.gov/nhtsa/vehicle/api/v1/vehicle-database-test-results/get-instrumentation-info/7201?count=20&pageNumber=2"", ""http://nrd.api.nhtsa.dot.gov/nhtsa/vehicle/api/v1/vehicle-database-test-results/get-instrumentation-info/7201?count=20&pageNumber=3"", ""http://nrd.api.nhtsa.dot.gov/nhtsa/vehicle/api/v1/vehicle-database-test-results/get-instrumentation-info/7201?count=20&pageNumber=4""]",documented_exception,observed_payload_path_preserved_without_canonical_promotion
nhtsa_crash,instrumentation_info,instrumentation_channels,total,total,$.meta.pagination.total,integer,integer,,0,640,,false,true,false,,,11,62272,25524,"[227, 50, 70, 63, 71]",documented_exception,observed_payload_path_preserved_without_canonical_promotion
nhtsa_crash,instrumentation_info,instrumentation_channels,status,status,$.meta.status,integer,integer,,200,200,,false,true,false,,,11,62272,25524,[200],documented_exception,observed_payload_path_preserved_without_canonical_promotion
nhtsa_crash,instrumentation_info,instrumentation_channels,results,results,$.results,null,null,,,,,true,true,false,,,7683,57738,26,[],documented_exception,observed_payload_path_preserved_without_canonical_promotion
nhtsa_crash,instrumentation_info,instrumentation_channels,axisDirofSensor,axis_dirof_sensor,$.results[*].axisDirofSensor,string,text,,,,40,false,true,true,sensor_axis,code_values_v1_5,11,62272,470435,"[""X - LOCAL"", ""Y - LOCAL"", ""Z - LOCAL"", ""NOT APPLICABLE"", ""X - GLOBAL""]",code_linked,
nhtsa_crash,instrumentation_info,instrumentation_channels,channelStatus,channel_status,$.results[*].channelStatus,null|string,text,,,,12,true,true,true,channel_status,code_values_v1_5,11,62272,470435,"[""PRIMARY"", ""REDUNDANT"", ""SUBSTITUTE R"", ""SUBSTITUTE""]",code_linked,
nhtsa_crash,instrumentation_info,instrumentation_channels,curveNo,curve_no,$.results[*].curveNo,integer,integer,,1,640,,false,true,false,,,11,62272,470435,"[1, 2, 3, 4, 5]",mapped,
nhtsa_crash,instrumentation_info,instrumentation_channels,dataMeasurementUnits,data_measurement_units,$.results[*].dataMeasurementUnits,string,text,varies_by_channel,,,17,false,true,true,data_measurement_unit,code_values_v1_5,11,62272,470435,"[""G'S"", ""NEWTONS"", ""NEWTON-METERS"", ""MILLIMETERS"", ""VOLTS""]",code_linked,
nhtsa_crash,instrumentation_info,instrumentation_channels,dataStatus,data_status,$.results[*].dataStatus,null|string,text,,,,31,true,true,true,data_status,code_values_v1_5,11,62272,470435,"[""AS MEASURED"", ""QUESTIONABLE DATA"", ""NO DATA"", ""COMPUTED"", ""CHANNEL FAILED""]",code_linked,
nhtsa_crash,instrumentation_info,instrumentation_channels,instrumentationCommentary,instrumentation_commentary,$.results[*].instrumentationCommentary,null|string,text,,,,172,true,true,false,,,11,62272,470435,"[""DRIVER HEAD X"", ""DRIVER HEAD Y"", ""DRIVER HEAD Z"", ""DRIVER HEAD Xr"", ""DRIVER HEAD Yr""]",mapped,
nhtsa_crash,instrumentation_info,instrumentation_channels,numberofFirstPoint,numberof_first_point,$.results[*].numberofFirstPoint,integer,integer,,-20001,640,,false,true,false,,,11,62272,470435,"[-200, -625, -1000, -300, -600]",mapped,
nhtsa_crash,instrumentation_info,instrumentation_channels,numberofLastPoint,numberof_last_point,$.results[*].numberofLastPoint,integer,integer,,-1,199999,,false,true,false,,,11,62272,470435,"[2999, 1249, 649, 99, 299]",mapped,
nhtsa_crash,instrumentation_info,instrumentation_channels,sensorAttachment,sensor_attachment,$.results[*].sensorAttachment,string,text,,,,32,false,true,true,sensor_attachment,code_values_v1_5,11,62272,470435,"[""HEAD CG"", ""NECK - UPPER"", ""CHEST"", ""PELVIS - CENTER"", ""FEMUR - LEFT""]",code_linked,
nhtsa_crash,instrumentation_info,instrumentation_channels,sensorLocation,sensor_location,$.results[*].sensorLocation,null|string,text,,,,40,true,true,false,,,11,62272,470435,"[""LEFT FRONT SEAT"", ""RIGHT FRONT SEAT"", ""NOT APPLICABLE"", ""LEFT REAR SEAT"", ""FCW type 1: STOPPED LEAD veh test""]",mapped,
nhtsa_crash,instrumentation_info,instrumentation_channels,sensorType,sensor_type,$.results[*].sensorType,string,text,,,,31,false,true,true,sensor_type,code_values_v1_5,11,62272,470435,"[""ACCELEROMETER"", ""LOAD CELL"", ""DISPLACEMENT TRANSDUCER"", ""EVENT TIME INDICATOR"", ""ANGULAR VELOCITY TRANSDUCER""]",code_linked,
nhtsa_crash,instrumentation_info,instrumentation_channels,testNo,test_no,$.results[*].testNo,integer,integer,,7201,15513,,false,true,false,,,11,62272,470435,"[7201, 7202, 7203, 7204, 7607]",documented_exception,raw_preserved_unmapped_schema_backlog_or_raw_only_policy
nhtsa_crash,instrumentation_info,instrumentation_channels,timeIncrement,time_increment,$.results[*].timeIncrement,integer,integer,,0,10000,,false,true,false,,,11,62272,470435,"[100, 80, 50, 10, 1000]",mapped,
nhtsa_crash,instrumentation_info,instrumentation_channels,vehicleNo,vehicle_no,$.results[*].vehicleNo,integer|null,integer,,0,2,,true,true,false,,,11,62272,470435,"[1, 0, 2]",documented_exception,raw_preserved_unmapped_schema_backlog_or_raw_only_policy
nhtsa_crash,intrusion_info,intrusion_measurements,error,error,$.meta.error,string,text,,,,,false,true,false,,,34527,66318,4048,"[""""]",documented_exception,observed_payload_path_preserved_without_canonical_promotion
nhtsa_crash,intrusion_info,intrusion_measurements,message,message,$.meta.message,string,text,,,,7,false,true,false,,,34527,66318,4048,"[""Success""]",documented_exception,observed_payload_path_preserved_without_canonical_promotion
nhtsa_crash,intrusion_info,intrusion_measurements,count,count,$.meta.pagination.count,integer,integer,,0,48,,false,true,false,,,34527,66318,4048,"[0, 48, 23, 25]",documented_exception,observed_payload_path_preserved_without_canonical_promotion
nhtsa_crash,intrusion_info,intrusion_measurements,currentUrl,current_url,$.meta.pagination.currentUrl,string,text,,,,106,false,true,false,,,34527,66318,4048,"[""http://nrd.api.nhtsa.dot.gov/nhtsa/vehicle/api/v1/vehicle-database-test-results/get-intrusion-info/1/10001"", ""http://nrd.api.nhtsa.dot.gov/nhtsa/vehicle/api/v1/vehicle-database-test-results/get-intrusion-info/2/10003"", ""http://nrd.api.nhtsa.dot.gov/nhtsa/vehicle/api/v1/vehicle-database-test-results/get-intrusion-info/1/7201"", ""http://nrd.api.nhtsa.dot.gov/nhtsa/vehicle/api/v1/vehicle-database-test-results/get-intrusion-info/1/7202"", ""http://nrd.api.nhtsa.dot.gov/nhtsa/vehicle/api/v1/vehicle-database-test-results/get-intrusion-info/1/7203""]",documented_exception,observed_payload_path_preserved_without_canonical_promotion
nhtsa_crash,intrusion_info,intrusion_measurements,nextUrl,next_url,$.meta.pagination.nextUrl,null,null,,,,,true,true,false,,,34527,66318,4048,[],documented_exception,observed_payload_path_preserved_without_canonical_promotion
nhtsa_crash,intrusion_info,intrusion_measurements,pageNumber,page_number,$.meta.pagination.pageNumber,integer,integer,,0,0,,false,true,false,,,34527,66318,4048,[0],documented_exception,observed_payload_path_preserved_without_canonical_promotion
nhtsa_crash,intrusion_info,intrusion_measurements,previousUrl,previous_url,$.meta.pagination.previousUrl,null,null,,,,,true,true,false,,,34527,66318,4048,[],documented_exception,observed_payload_path_preserved_without_canonical_promotion
nhtsa_crash,intrusion_info,intrusion_measurements,total,total,$.meta.pagination.total,integer,integer,,0,48,,false,true,false,,,34527,66318,4048,"[0, 48, 23, 25]",documented_exception,observed_payload_path_preserved_without_canonical_promotion
nhtsa_crash,intrusion_info,intrusion_measurements,status,status,$.meta.status,integer,integer,,200,200,,false,true,false,,,34527,66318,4048,[200],documented_exception,observed_payload_path_preserved_without_canonical_promotion
nhtsa_crash,intrusion_info,intrusion_measurements,results,results,$.results,array,json_array,,,,,false,true,false,,,34527,66318,3903,[[]],documented_exception,observed_payload_path_preserved_without_canonical_promotion
nhtsa_crash,intrusion_info,intrusion_measurements,aix,aix,$.results[*].aix,integer,integer,,-462,4495,,false,true,false,,,62358,64459,5184,"[894, 932, 902, 907, 879]",documented_exception,raw_preserved_unmapped_schema_backlog_or_raw_only_policy
nhtsa_crash,intrusion_info,intrusion_measurements,aiy,aiy,$.results[*].aiy,integer,integer,,-749,794,,false,true,false,,,62358,64459,5184,"[-563, -447, -341, -233, -565]",documented_exception,raw_preserved_unmapped_schema_backlog_or_raw_only_policy
nhtsa_crash,intrusion_info,intrusion_measurements,aiz,aiz,$.results[*].aiz,integer,integer,,-841,1670,,false,true,false,,,62358,64459,5184,"[298, 279, 276, 278, 356]",documented_exception,raw_preserved_unmapped_schema_backlog_or_raw_only_policy
nhtsa_crash,intrusion_info,intrusion_measurements,bix,bix,$.results[*].bix,integer,integer,,-168,4524,,false,true,false,,,62358,64459,5184,"[927, 997, 1002, 903, 950]",documented_exception,raw_preserved_unmapped_schema_backlog_or_raw_only_policy
nhtsa_crash,intrusion_info,intrusion_measurements,biy,biy,$.results[*].biy,integer,integer,,-731,702,,false,true,false,,,62358,64459,5184,"[-583, -474, -362, -253, -473]",documented_exception,raw_preserved_unmapped_schema_backlog_or_raw_only_policy
nhtsa_crash,intrusion_info,intrusion_measurements,biz,biz,$.results[*].biz,integer,integer,,-806,1915,,false,true,false,,,62358,64459,5184,"[315, 314, 313, 369, 371]",documented_exception,raw_preserved_unmapped_schema_backlog_or_raw_only_policy
nhtsa_crash,intrusion_info,intrusion_measurements,ipcom,ipcom,$.results[*].ipcom,string,text,,,,5,false,true,false,,,62358,64459,5184,"[""TPA1D"", ""TPB1D"", ""TPC1D"", ""TPD1D"", ""TPA2D""]",documented_exception,raw_preserved_unmapped_schema_backlog_or_raw_only_policy
nhtsa_crash,intrusion_info,intrusion_measurements,ipcomd,ipcomd,$.results[*].ipcomd,string,text,,,,49,false,true,false,,,62358,64459,5184,"[""Toepan point A1, driver side   "", ""Toepan point B1, driver side "", ""Toepan point C1, driver side   "", ""Toepan point D1, driver side   "", ""Toepan point A2, driver side   ""]",documented_exception,raw_preserved_unmapped_schema_backlog_or_raw_only_policy
nhtsa_crash,intrusion_info,intrusion_measurements,iploc,iploc,$.results[*].iploc,string,text,,,,1,false,true,false,,,62358,64459,5184,"[""D"", ""C"", ""P""]",documented_exception,raw_preserved_unmapped_schema_backlog_or_raw_only_policy
nhtsa_crash,intrusion_info,intrusion_measurements,iplocd,iplocd,$.results[*].iplocd,string,text,,,,15,false,true,false,,,62358,64459,5184,"[""Driver Side"", ""Steering Column"", ""Passenger Side""]",documented_exception,raw_preserved_unmapped_schema_backlog_or_raw_only_policy
nhtsa_crash,intrusion_info,intrusion_measurements,ipno,ipno,$.results[*].ipno,integer,integer,,1,25,,false,true,false,,,62358,64459,5184,"[1, 2, 3, 4, 5]",documented_exception,raw_preserved_unmapped_schema_backlog_or_raw_only_policy
nhtsa_crash,intrusion_info,intrusion_measurements,testNo,test_no,$.results[*].testNo,integer,integer,,7460,9978,,false,true,false,,,62358,64459,5184,"[7460, 7464, 7467, 7471, 7475]",documented_exception,raw_preserved_unmapped_schema_backlog_or_raw_only_policy
nhtsa_crash,intrusion_info,intrusion_measurements,tstref,tstref,$.results[*].tstref,string,text,,,,10,false,true,false,,,62358,64459,5184,"[""BT11092701"", ""BT11100301"", ""RUN2538"", ""BT11100501"", ""MC0210""]",documented_exception,raw_preserved_unmapped_schema_backlog_or_raw_only_policy
nhtsa_crash,intrusion_info,intrusion_measurements,vehicleNo,vehicle_no,$.results[*].vehicleNo,integer,integer,,1,2,,false,true,false,,,62358,64459,5184,"[1, 2]",documented_exception,raw_preserved_unmapped_schema_backlog_or_raw_only_policy
nhtsa_crash,metadata_export,manifest_tests,error,error,$.meta.error,string,text,,,,,false,true,false,,,2,62260,3891,"[""""]",documented_exception,observed_payload_path_preserved_without_canonical_promotion
nhtsa_crash,metadata_export,manifest_tests,message,message,$.meta.message,string,text,,,,7,false,true,false,,,2,62260,3891,"[""Success""]",documented_exception,observed_payload_path_preserved_without_canonical_promotion
nhtsa_crash,metadata_export,manifest_tests,count,count,$.meta.pagination.count,integer,integer,,1,1,,false,true,false,,,2,62260,3891,[1],documented_exception,observed_payload_path_preserved_without_canonical_promotion
nhtsa_crash,metadata_export,manifest_tests,currentUrl,current_url,$.meta.pagination.currentUrl,string,text,,,,94,false,true,false,,,2,62260,3891,"[""http://nrd.api.nhtsa.dot.gov/nhtsa/vehicle/api/v1/vehicle-database-test-results/metadata/7201"", ""http://nrd.api.nhtsa.dot.gov/nhtsa/vehicle/api/v1/vehicle-database-test-results/metadata/7202"", ""http://nrd.api.nhtsa.dot.gov/nhtsa/vehicle/api/v1/vehicle-database-test-results/metadata/7203"", ""http://nrd.api.nhtsa.dot.gov/nhtsa/vehicle/api/v1/vehicle-database-test-results/metadata/7204"", ""http://nrd.api.nhtsa.dot.gov/nhtsa/vehicle/api/v1/vehicle-database-test-results/metadata/7607""]",documented_exception,observed_payload_path_preserved_without_canonical_promotion
nhtsa_crash,metadata_export,manifest_tests,nextUrl,next_url,$.meta.pagination.nextUrl,null,null,,,,,true,true,false,,,2,62260,3891,[],documented_exception,observed_payload_path_preserved_without_canonical_promotion
nhtsa_crash,metadata_export,manifest_tests,pageNumber,page_number,$.meta.pagination.pageNumber,integer,integer,,0,0,,false,true,false,,,2,62260,3891,[0],documented_exception,observed_payload_path_preserved_without_canonical_promotion
nhtsa_crash,metadata_export,manifest_tests,previousUrl,previous_url,$.meta.pagination.previousUrl,null,null,,,,,true,true,false,,,2,62260,3891,[],documented_exception,observed_payload_path_preserved_without_canonical_promotion
nhtsa_crash,metadata_export,manifest_tests,total,total,$.meta.pagination.total,integer,integer,,1,1,,false,true,false,,,2,62260,3891,[1],documented_exception,observed_payload_path_preserved_without_canonical_promotion
nhtsa_crash,metadata_export,manifest_tests,status,status,$.meta.status,integer,integer,,200,200,,false,true,false,,,2,62260,3891,[200],documented_exception,observed_payload_path_preserved_without_canonical_promotion
nhtsa_crash,metadata_export,manifest_tests,BARRIER,barrier,$.results[*].BARRIER,array,json_array,,,,,false,true,false,,,58,62260,2264,[[]],documented_exception,observed_payload_path_preserved_without_canonical_promotion
nhtsa_crash,metadata_export,barriers,BARANG,barang,$.results[*].BARRIER[*].BARANG,null|number,numeric,,0,30,,true,true,false,,,2,62235,1627,"[0.0, 30.0, 15.0]",mapped,
nhtsa_crash,metadata_export,manifest_tests,BARCOM,barcom,$.results[*].BARRIER[*].BARCOM,null|string,text,,,,55,true,true,false,,,2,62235,1627,"[""ADVANCED RESEARCH LOAD CELL BARRIER"", ""SIDE POLE BARRIER"", ""NO COMMENTS"", ""FRONTAL FLAT BARRIER WITH 36 LOADCELLS"", ""NO BARRIER""]",documented_exception,raw_preserved_unmapped_schema_backlog_or_raw_only_policy
nhtsa_crash,metadata_export,manifest_tests,BARDIA,bardia,$.results[*].BARRIER[*].BARDIA,null|number,numeric,,0,99999999,,true,true,false,,,2,62235,1627,"[0.0, 254.0, 99999999.0]",documented_exception,raw_preserved_unmapped_schema_backlog_or_raw_only_policy
nhtsa_crash,metadata_export,manifest_tests,BARID,barid,$.results[*].BARRIER[*].BARID,null,null,,,,,true,true,false,,,2,62235,1627,[],documented_exception,raw_preserved_unmapped_schema_backlog_or_raw_only_policy
nhtsa_crash,metadata_export,barriers,BARRIGD,barrigd,$.results[*].BARRIER[*].BARRIGD,null|string,text,,,,10,true,true,true,barrier_rigidity,code_values_v1_5,2,62235,1627,"[""RIGID"", ""DEFORMABLE""]",code_linked,
nhtsa_crash,metadata_export,barriers,BARSHPD,barshpd,$.results[*].BARRIER[*].BARSHPD,null|string,text,,,,35,true,true,true,barrier_shape,code_values_v1_5,2,62235,1627,"[""8 X 16 + 6 LOAD CELL BARRIER"", ""POLE"", ""LOAD CELL BARRIER"", ""FLAT BARRIER"", ""FLAT ANGLED BARRIER""]",code_linked,
nhtsa_crash,metadata_export,manifest_tests,TSTNO,tstno,$.results[*].BARRIER[*].TSTNO,integer,integer,,7201,15509,,false,true,false,,,2,62235,1627,"[7201, 7202, 7203, 7339, 7340]",documented_exception,raw_preserved_unmapped_schema_backlog_or_raw_only_policy
nhtsa_crash,metadata_export,manifest_tests,INSTRUMENTATION,instrumentation,$.results[*].INSTRUMENTATION,array,json_array,,,,,false,true,false,,,7676,57731,26,[[]],documented_exception,observed_payload_path_preserved_without_canonical_promotion
nhtsa_crash,metadata_export,manifest_tests,AXISD,axisd,$.results[*].INSTRUMENTATION[*].AXISD,string,text,,,,40,false,true,true,sensor_axis,code_values_v1_5,2,62260,470435,"[""X - LOCAL"", ""Y - LOCAL"", ""Z - LOCAL"", ""NOT APPLICABLE"", ""X - GLOBAL""]",code_linked,
nhtsa_crash,metadata_export,manifest_tests,CALDAT,caldat,$.results[*].INSTRUMENTATION[*].CALDAT,null|string,text,,,,19,true,true,false,,,2,62260,470435,"[""2010-11-19 00:00:00"", ""2010-11-03 00:00:00"", ""2010-10-20 00:00:00"", ""2010-11-22 00:00:00"", ""2010-10-05 00:00:00""]",documented_exception,raw_preserved_unmapped_schema_backlog_or_raw_only_policy
nhtsa_crash,metadata_export,manifest_tests,CHLMAX,chlmax,$.results[*].INSTRUMENTATION[*].CHLMAX,null|number,numeric,,0,8218,,true,true,false,,,2,62260,470435,"[4.0, 1.0, 2.0, 6.0, 5.0]",documented_exception,raw_preserved_unmapped_schema_backlog_or_raw_only_policy
nhtsa_crash,metadata_export,manifest_tests,CHSTATD,chstatd,$.results[*].INSTRUMENTATION[*].CHSTATD,null|string,text,,,,12,true,true,true,channel_status,code_values_v1_5,2,62260,470435,"[""PRIMARY"", ""REDUNDANT"", ""SUBSTITUTE R"", ""SUBSTITUTE""]",code_linked,
nhtsa_crash,metadata_export,manifest_tests,CURNO,curno,$.results[*].INSTRUMENTATION[*].CURNO,integer,integer,,1,640,,false,true,false,,,2,62260,470435,"[1, 2, 3, 4, 5]",documented_exception,raw_preserved_unmapped_schema_backlog_or_raw_only_policy
nhtsa_crash,metadata_export,manifest_tests,DASTATD,dastatd,$.results[*].INSTRUMENTATION[*].DASTATD,null|string,text,,,,31,true,true,true,data_status,code_values_v1_5,2,62260,470435,"[""AS MEASURED"", ""QUESTIONABLE DATA"", ""NO DATA"", ""COMPUTED"", ""CHANNEL FAILED""]",code_linked,
nhtsa_crash,metadata_export,manifest_tests,DELT,delt,$.results[*].INSTRUMENTATION[*].DELT,number,numeric,,0,10000,,false,true,false,,,2,62260,470435,"[100.0, 80.0, 50.0, 10.0, 1000.0]",documented_exception,raw_preserved_unmapped_schema_backlog_or_raw_only_policy
nhtsa_crash,metadata_export,manifest_tests,INIVEL,inivel,$.results[*].INSTRUMENTATION[*].INIVEL,null|number,numeric,,-38.85,113,,true,true,false,,,2,62260,470435,"[56.3, 0.0, 8.4, -31.2, 56.5]",documented_exception,raw_preserved_unmapped_schema_backlog_or_raw_only_policy
nhtsa_crash,metadata_export,manifest_tests,INSCOM,inscom,$.results[*].INSTRUMENTATION[*].INSCOM,null|string,text,,,,172,true,true,false,,,2,62260,470435,"[""DRIVER HEAD X"", ""DRIVER HEAD Y"", ""DRIVER HEAD Z"", ""DRIVER HEAD Xr"", ""DRIVER HEAD Yr""]",documented_exception,raw_preserved_unmapped_schema_backlog_or_raw_only_policy
nhtsa_crash,metadata_export,manifest_tests,INSMAN,insman,$.results[*].INSTRUMENTATION[*].INSMAN,null|string,text,,,,70,true,true,false,,,2,62260,470435,"[""Mfg: Endevco  Model: 7264C-2KTZ-2-360M17 SN: P66681"", ""Mfg: Endevco  Model: 7264C-2KTZ-2-360M17 SN: P66682"", ""Mfg: Endevco  Model: 7264C-2KTZ-2-360M17 SN: P66683"", ""Mfg: Endevco  Model: 7264C-2KTZ-2-360M17 SN: P66684"", ""Mfg: Endevco  Model: 7264C-2KTZ-2-360M17 SN: P66685""]",documented_exception,raw_preserved_unmapped_schema_backlog_or_raw_only_policy
nhtsa_crash,metadata_export,manifest_tests,INSRAT,insrat,$.results[*].INSTRUMENTATION[*].INSRAT,null|number,numeric,,-459157,999999,,true,true,false,,,2,62260,470435,"[1200.0, 1000.0, 12000.0, 24000.0, 500.0]",documented_exception,raw_preserved_unmapped_schema_backlog_or_raw_only_policy
nhtsa_crash,metadata_export,manifest_tests,NFP,nfp,$.results[*].INSTRUMENTATION[*].NFP,number,numeric,,-20001,640,,false,true,false,,,2,62260,470435,"[-200.0, -625.0, -1000.0, -300.0, -600.0]",documented_exception,raw_preserved_unmapped_schema_backlog_or_raw_only_policy
nhtsa_crash,metadata_export,manifest_tests,NLP,nlp,$.results[*].INSTRUMENTATION[*].NLP,number,numeric,,-1,199999,,false,true,false,,,2,62260,470435,"[2999.0, 1249.0, 649.0, 99.0, 299.0]",documented_exception,raw_preserved_unmapped_schema_backlog_or_raw_only_policy
nhtsa_crash,metadata_export,manifest_tests,PREFIL,prefil,$.results[*].INSTRUMENTATION[*].PREFIL,number,numeric,,0,99999,,false,true,false,,,2,62260,470435,"[1650.0, 4000.0, 99999.0, 0.0, 2900.0]",documented_exception,raw_preserved_unmapped_schema_backlog_or_raw_only_policy
nhtsa_crash,metadata_export,manifest_tests,PREMAX,premax,$.results[*].INSTRUMENTATION[*].PREMAX,null|number,numeric,,-90222.2,3.2682e+06,,true,true,false,,,2,62260,470435,"[14.0471, 3.02274, 17.9101, 14.3277, 2.92285]",documented_exception,raw_preserved_unmapped_schema_backlog_or_raw_only_policy
nhtsa_crash,metadata_export,manifest_tests,PREMIN,premin,$.results[*].INSTRUMENTATION[*].PREMIN,null|number,numeric,,-2.65733e+06,214748,,true,true,false,,,2,62260,470435,"[-49.7887, -7.83786, -12.4601, -50.466, -7.81115]",documented_exception,raw_preserved_unmapped_schema_backlog_or_raw_only_policy
nhtsa_crash,metadata_export,manifest_tests,SCFCTR,scfctr,$.results[*].INSTRUMENTATION[*].SCFCTR,null|number,numeric,,-1,1,,true,true,false,,,2,62260,470435,"[1.0, -1.0]",documented_exception,raw_preserved_unmapped_schema_backlog_or_raw_only_policy
nhtsa_crash,metadata_export,manifest_tests,SENATTD,senattd,$.results[*].INSTRUMENTATION[*].SENATTD,string,text,,,,32,false,true,true,sensor_attachment,code_values_v1_5,2,62260,470435,"[""HEAD CG"", ""NECK - UPPER"", ""CHEST"", ""PELVIS - CENTER"", ""FEMUR - LEFT""]",code_linked,
nhtsa_crash,metadata_export,manifest_tests,SENLOCD,senlocd,$.results[*].INSTRUMENTATION[*].SENLOCD,null|string,text,,,,40,true,true,false,,,2,62260,470435,"[""LEFT FRONT SEAT"", ""RIGHT FRONT SEAT"", ""NOT APPLICABLE"", ""LEFT REAR SEAT"", ""FCW type 1: STOPPED LEAD veh test""]",documented_exception,raw_preserved_unmapped_schema_backlog_or_raw_only_policy
nhtsa_crash,metadata_export,manifest_tests,SENTYPD,sentypd,$.results[*].INSTRUMENTATION[*].SENTYPD,string,text,,,,31,false,true,true,sensor_type,code_values_v1_5,2,62260,470435,"[""ACCELEROMETER"", ""LOAD CELL"", ""DISPLACEMENT TRANSDUCER"", ""EVENT TIME INDICATOR"", ""ANGULAR VELOCITY TRANSDUCER""]",code_linked,
nhtsa_crash,metadata_export,manifest_tests,SIGNALNAME,signalname,$.results[*].INSTRUMENTATION[*].SIGNALNAME,null|string,text,,,,17,true,true,false,,,2,62260,470435,"[""v07201_001aa0.uds"", ""v07201_002aa0.uds"", ""v07201_003aa0.uds"", ""v07201_004aa0.uds"", ""v07201_005aa0.uds""]",documented_exception,raw_preserved_unmapped_schema_backlog_or_raw_only_policy
nhtsa_crash,metadata_export,manifest_tests,TSTNO,tstno,$.results[*].INSTRUMENTATION[*].TSTNO,integer,integer,,7201,15513,,false,true,false,,,2,62260,470435,"[7201, 7202, 7203, 7204, 7607]",documented_exception,raw_preserved_unmapped_schema_backlog_or_raw_only_policy
nhtsa_crash,metadata_export,manifest_tests,URL_TSV,url_tsv,$.results[*].INSTRUMENTATION[*].URL_TSV,null|string,text,,,,80,true,true,false,,,2,62260,470435,"[""https://nrd-static.nhtsa.dot.gov/tsv/vehdb/v00000/v07200/v07201/v07201tsv.001"", ""https://nrd-static.nhtsa.dot.gov/tsv/vehdb/v00000/v07200/v07201/v07201tsv.002"", ""https://nrd-static.nhtsa.dot.gov/tsv/vehdb/v00000/v07200/v07201/v07201tsv.003"", ""https://nrd-static.nhtsa.dot.gov/tsv/vehdb/v00000/v07200/v07201/v07201tsv.004"", ""https://nrd-static.nhtsa.dot.gov/tsv/vehdb/v00000/v07200/v07201/v07201tsv.005""]",documented_exception,raw_preserved_unmapped_schema_backlog_or_raw_only_policy
nhtsa_crash,metadata_export,manifest_tests,URL_UDS,url_uds,$.results[*].INSTRUMENTATION[*].URL_UDS,null|string,text,,,,83,true,true,false,,,2,62260,470435,"[""https://nrd-static.nhtsa.dot.gov/uds/vehdb/v00000/v07200/v07201/v07201_001aa0.uds"", ""https://nrd-static.nhtsa.dot.gov/uds/vehdb/v00000/v07200/v07201/v07201_002aa0.uds"", ""https://nrd-static.nhtsa.dot.gov/uds/vehdb/v00000/v07200/v07201/v07201_003aa0.uds"", ""https://nrd-static.nhtsa.dot.gov/uds/vehdb/v00000/v07200/v07201/v07201_004aa0.uds"", ""https://nrd-static.nhtsa.dot.gov/uds/vehdb/v00000/v07200/v07201/v07201_005aa0.uds""]",documented_exception,raw_preserved_unmapped_schema_backlog_or_raw_only_policy
nhtsa_crash,metadata_export,manifest_tests,VEHNO,vehno,$.results[*].INSTRUMENTATION[*].VEHNO,integer|null,integer,,0,2,,true,true,false,,,2,62260,470435,"[1, 0, 2]",documented_exception,raw_preserved_unmapped_schema_backlog_or_raw_only_policy
nhtsa_crash,metadata_export,manifest_tests,XTYPE,xtype,$.results[*].INSTRUMENTATION[*].XTYPE,null|string,text,,,,16,true,true,false,,,2,62260,470435,"[""TIME"", ""OTHER"", ""UNKNOWN"", ""AMPERAGE"", ""ANGULAR VELOCITY""]",documented_exception,raw_preserved_unmapped_schema_backlog_or_raw_only_policy
nhtsa_crash,metadata_export,manifest_tests,XUNITSD,xunitsd,$.results[*].INSTRUMENTATION[*].XUNITSD,string,text,,,,11,false,true,false,,,2,62260,470435,"[""SECONDS"", ""OTHER"", ""UNKNOWN"", ""AMPERES"", ""DEGREES/SEC""]",documented_exception,raw_preserved_unmapped_schema_backlog_or_raw_only_policy
nhtsa_crash,metadata_export,manifest_tests,YTYPE,ytype,$.results[*].INSTRUMENTATION[*].YTYPE,null|string,text,,,,21,true,true,false,,,2,62260,470435,"[""ACCELERATION"", ""FORCE"", ""MOMENT"", ""DISPLACEMENT"", ""VOLTAGE""]",documented_exception,raw_preserved_unmapped_schema_backlog_or_raw_only_policy
nhtsa_crash,metadata_export,manifest_tests,YUNITSD,yunitsd,$.results[*].INSTRUMENTATION[*].YUNITSD,string,text,varies_by_channel,,,17,false,true,true,data_measurement_unit,code_values_v1_5,2,62260,470435,"[""G'S"", ""NEWTONS"", ""NEWTON-METERS"", ""MILLIMETERS"", ""VOLTS""]",code_linked,
nhtsa_crash,metadata_export,manifest_tests,OCCUPANT,occupant,$.results[*].OCCUPANT,array,json_array,,,,,false,true,false,,,312,57731,222,[[]],documented_exception,observed_payload_path_preserved_without_canonical_promotion
nhtsa_crash,metadata_export,manifest_tests,AD,ad,$.results[*].OCCUPANT[*].AD,null|number,numeric,,0,659,,true,true,false,,,2,62260,5618,"[143.0, 93.0, 183.0, 150.0, 97.0]",documented_exception,raw_preserved_unmapped_schema_backlog_or_raw_only_policy
nhtsa_crash,metadata_export,manifest_tests,CB,cb,$.results[*].OCCUPANT[*].CB,null|number,numeric,,0,99999999,,true,true,false,,,2,62260,5618,"[0.0, 542.0, 534.0, 551.0, 501.0]",documented_exception,raw_preserved_unmapped_schema_backlog_or_raw_only_policy
nhtsa_crash,metadata_export,manifest_tests,CD,cd,$.results[*].OCCUPANT[*].CD,null|number,numeric,,0,1025,,true,true,false,,,2,62260,5618,"[533.0, 470.0, 430.0, 563.0, 459.0]",documented_exception,raw_preserved_unmapped_schema_backlog_or_raw_only_policy
nhtsa_crash,metadata_export,manifest_tests,CLIP3M,clip3_m,$.results[*].OCCUPANT[*].CLIP3M,null|number,numeric,,0,503,,true,true,false,,,2,62260,5618,"[44.0, 0.0, 38.0, 37.0, 41.0]",documented_exception,raw_preserved_unmapped_schema_backlog_or_raw_only_policy
nhtsa_crash,metadata_export,manifest_tests,CNTRC1D,cntrc1_d,$.results[*].OCCUPANT[*].CNTRC1D,null|string,text,,,,14,true,true,false,,,2,62260,5618,"[""AIR BAG"", ""NONE"", ""OTHER"", ""STEERING WHEEL"", ""SEAT BACK""]",documented_exception,raw_preserved_unmapped_schema_backlog_or_raw_only_policy
nhtsa_crash,metadata_export,manifest_tests,CNTRC2D,cntrc2_d,$.results[*].OCCUPANT[*].CNTRC2D,null|string,text,,,,14,true,true,false,,,2,62260,5618,"[""NONE"", ""SEAT BACK"", ""OTHER"", ""AIR BAG"", ""STEERING WHEEL""]",documented_exception,raw_preserved_unmapped_schema_backlog_or_raw_only_policy
nhtsa_crash,metadata_export,manifest_tests,CNTRH1D,cntrh1_d,$.results[*].OCCUPANT[*].CNTRH1D,null|string,text,,,,18,true,true,false,,,2,62260,5618,"[""AIR BAG"", ""HEADER - SIDE"", ""C PILLAR"", ""SIDE WINDOW"", ""CHEST""]",documented_exception,raw_preserved_unmapped_schema_backlog_or_raw_only_policy
nhtsa_crash,metadata_export,manifest_tests,CNTRH2D,cntrh2_d,$.results[*].OCCUPANT[*].CNTRH2D,null|string,text,,,,19,true,true,false,,,2,62260,5618,"[""OTHER"", ""AIR BAG"", ""NONE"", ""SEAT BACK"", ""HEADER - SIDE""]",documented_exception,raw_preserved_unmapped_schema_backlog_or_raw_only_policy
nhtsa_crash,metadata_export,manifest_tests,CNTRL1D,cntrl1_d,$.results[*].OCCUPANT[*].CNTRL1D,null|string,text,,,,15,true,true,false,,,2,62260,5618,"[""DASHPANEL"", ""DOOR"", ""OTHER"", ""KNEE RESTRAINT"", ""NONE""]",documented_exception,raw_preserved_unmapped_schema_backlog_or_raw_only_policy
nhtsa_crash,metadata_export,manifest_tests,CNTRL2D,cntrl2_d,$.results[*].OCCUPANT[*].CNTRL2D,null|string,text,,,,15,true,true,false,,,2,62260,5618,"[""NONE"", ""OTHER"", ""DASHPANEL"", ""SEAT BACK"", ""UNKNOWN""]",documented_exception,raw_preserved_unmapped_schema_backlog_or_raw_only_policy
nhtsa_crash,metadata_export,manifest_tests,CS,cs,$.results[*].OCCUPANT[*].CS,null|number,numeric,,0,99999999,,true,true,false,,,2,62260,5618,"[306.0, 0.0, 184.0, 354.0, 335.0]",documented_exception,raw_preserved_unmapped_schema_backlog_or_raw_only_policy
nhtsa_crash,metadata_export,manifest_tests,CSI,csi,$.results[*].OCCUPANT[*].CSI,null|number,numeric,,0,9999,,true,true,false,,,2,62260,5618,"[0.0, 374.0, 264.0, 279.0, 122.0]",documented_exception,raw_preserved_unmapped_schema_backlog_or_raw_only_policy
nhtsa_crash,metadata_export,manifest_tests,DUMDSC,dumdsc,$.results[*].OCCUPANT[*].DUMDSC,null|string,text,,,,66,true,true,false,,,2,62260,5618,"["" "", ""NO COMMENTS"", ""SUBPART U SIDE IMPACT DUMMY"", ""SUBPART V SIDE IMPACT DUMMY"", ""HYBRID III 50TH MALE""]",documented_exception,raw_preserved_unmapped_schema_backlog_or_raw_only_policy
nhtsa_crash,metadata_export,manifest_tests,DUMMAN,dumman,$.results[*].OCCUPANT[*].DUMMAN,null|string,text,,,,48,true,true,false,,,2,62260,5618,"[""FIRST TECHNOLOGY S/N 036"", ""FIRST TECHNOLOGY S/N 634"", ""FIRST TECHNOLOGY S/N 296"", ""DENTON S/N 036"", ""DENTON S/N 634""]",documented_exception,raw_preserved_unmapped_schema_backlog_or_raw_only_policy
nhtsa_crash,metadata_export,manifest_tests,DUMMOD,dummod,$.results[*].OCCUPANT[*].DUMMOD,null|string,text,,,,68,true,true,false,,,2,62260,5618,"["" "", ""NO MODIFICATIONS"", ""NO COMMENTS"", ""UNMODIFIED"", ""THOR LOWER LEG LX""]",documented_exception,raw_preserved_unmapped_schema_backlog_or_raw_only_policy
nhtsa_crash,metadata_export,manifest_tests,DUMSIZD,dumsizd,$.results[*].OCCUPANT[*].DUMSIZD,null|string,text,,,,19,true,true,false,,,2,62260,5618,"[""50 PERCENTILE"", ""5 PERCENTILE"", ""6 YEAR OLD CHILD"", ""3 YEAR OLD CHILD"", ""12 MONTH OLD CHILD""]",documented_exception,raw_preserved_unmapped_schema_backlog_or_raw_only_policy
nhtsa_crash,metadata_export,manifest_tests,HB,hb,$.results[*].OCCUPANT[*].HB,null|number,numeric,,0,99999999,,true,true,false,,,2,62260,5618,"[0.0, 544.0, 493.0, 551.0, 401.0]",documented_exception,raw_preserved_unmapped_schema_backlog_or_raw_only_policy
nhtsa_crash,metadata_export,manifest_tests,HD,hd,$.results[*].OCCUPANT[*].HD,null|number,numeric,,0,348,,true,true,false,,,2,62260,5618,"[182.0, 187.0, 181.0, 157.0, 184.0]",documented_exception,raw_preserved_unmapped_schema_backlog_or_raw_only_policy
nhtsa_crash,metadata_export,manifest_tests,HH,hh,$.results[*].OCCUPANT[*].HH,null|number,numeric,,0,3811,,true,true,false,,,2,62260,5618,"[358.0, 325.0, 259.0, 368.0, 328.0]",documented_exception,raw_preserved_unmapped_schema_backlog_or_raw_only_policy
nhtsa_crash,metadata_export,injury_metrics,HIC,hic,$.results[*].OCCUPANT[*].HIC,null|number,numeric,,0,12246,,true,true,false,,,2,62260,5618,"[249.0, 371.0, 290.0, 173.0, 183.0]",mapped,
nhtsa_crash,metadata_export,manifest_tests,HR,hr,$.results[*].OCCUPANT[*].HR,null|number,numeric,,0,690,,true,true,false,,,2,62260,5618,"[224.0, 252.0, 248.0, 210.0, 258.0]",documented_exception,raw_preserved_unmapped_schema_backlog_or_raw_only_policy
nhtsa_crash,metadata_export,manifest_tests,HS,hs,$.results[*].OCCUPANT[*].HS,null|number,numeric,,0,745,,true,true,false,,,2,62260,5618,"[340.0, 357.0, 372.0, 333.0, 370.0]",documented_exception,raw_preserved_unmapped_schema_backlog_or_raw_only_policy
nhtsa_crash,metadata_export,manifest_tests,HW,hw,$.results[*].OCCUPANT[*].HW,null|number,numeric,,0,1013,,true,true,false,,,2,62260,5618,"[622.0, 681.0, 567.0, 674.0, 761.0]",documented_exception,raw_preserved_unmapped_schema_backlog_or_raw_only_policy
nhtsa_crash,metadata_export,manifest_tests,KB,kb,$.results[*].OCCUPANT[*].KB,null|number,numeric,,0,99999999,,true,true,false,,,2,62260,5618,"[0.0, 252.0, 292.0, 261.0, 276.0]",documented_exception,raw_preserved_unmapped_schema_backlog_or_raw_only_policy
nhtsa_crash,metadata_export,manifest_tests,KD,kd,$.results[*].OCCUPANT[*].KD,null|number,numeric,,0,1463,,true,true,false,,,2,62260,5618,"[177.0, 135.0, 160.0, 212.0, 163.0]",documented_exception,raw_preserved_unmapped_schema_backlog_or_raw_only_policy
nhtsa_crash,metadata_export,manifest_tests,LBELT,lbelt,$.results[*].OCCUPANT[*].LBELT,null|number,numeric,,0,99999999,,true,true,false,,,2,62260,5618,"[7854.0, 5910.0, 0.0, 7691.0, 5669.0]",documented_exception,raw_preserved_unmapped_schema_backlog_or_raw_only_policy
nhtsa_crash,metadata_export,manifest_tests,LFEM,lfem,$.results[*].OCCUPANT[*].LFEM,null|number,numeric,,-15026,155,,true,true,false,,,2,62260,5618,"[-1304.0, -2858.0, 0.0, -305.0, -559.0]",documented_exception,raw_preserved_unmapped_schema_backlog_or_raw_only_policy
nhtsa_crash,metadata_export,manifest_tests,MTHCALD,mthcald,$.results[*].OCCUPANT[*].MTHCALD,null|string,text,,,,24,true,true,false,,,2,62260,5618,"[""HYBRID III"", ""SIDE IMPACT DUMMY"", ""UNKNOWN"", ""THOR-NT 2005 GESAC"", ""PART 572""]",documented_exception,raw_preserved_unmapped_schema_backlog_or_raw_only_policy
nhtsa_crash,metadata_export,manifest_tests,NB,nb,$.results[*].OCCUPANT[*].NB,null|number,numeric,,0,99999999,,true,true,false,,,2,62260,5618,"[0.0, 527.0, 535.0, 603.0, 606.0]",documented_exception,raw_preserved_unmapped_schema_backlog_or_raw_only_policy
nhtsa_crash,metadata_export,manifest_tests,OCCAGE,occage,$.results[*].OCCUPANT[*].OCCAGE,integer|null,integer,,0,99999999,,true,true,false,,,2,62260,5618,"[0, 99, 6, 3, 25]",documented_exception,raw_preserved_unmapped_schema_backlog_or_raw_only_policy
nhtsa_crash,metadata_export,manifest_tests,OCCCOM,occcom,$.results[*].OCCUPANT[*].OCCCOM,null|string,text,,,,70,true,true,false,,,2,62260,5618,"[""HEAD TO HEADREST"", ""HEAD TO CURTAIN AIRBAG AND HEADREST"", ""CNTRH2= HEADREST"", ""CNTRH2= HEADREST, CNTRC1= DOOR"", ""CONTACTS: CNTRL1:DOOR TRIM""]",documented_exception,raw_preserved_unmapped_schema_backlog_or_raw_only_policy
nhtsa_crash,metadata_export,manifest_tests,OCCHT,occht,$.results[*].OCCUPANT[*].OCCHT,null|number,numeric,,0,99999999,,true,true,false,,,2,62260,5618,"[0.0, 9999.0, 185.0, 180.0, 99999999.0]",documented_exception,raw_preserved_unmapped_schema_backlog_or_raw_only_policy
nhtsa_crash,metadata_export,occupants,OCCLOC,occloc,$.results[*].OCCUPANT[*].OCCLOC,string,text,,,,2,false,true,true,occupant_location,code_values_v1_5,2,62260,5618,"[""01"", ""02"", ""04"", ""03"", ""NA""]",code_linked,
nhtsa_crash,metadata_export,manifest_tests,OCCSEXD,occsexd,$.results[*].OCCUPANT[*].OCCSEXD,null|string,text,,,,14,true,true,false,,,2,62260,5618,"[""MALE"", ""FEMALE"", ""NOT APPLICABLE"", ""UNKNOWN""]",documented_exception,raw_preserved_unmapped_schema_backlog_or_raw_only_policy
nhtsa_crash,metadata_export,occupants,OCCTYPD,occtypd,$.results[*].OCCUPANT[*].OCCTYPD,string,text,,,,43,false,true,false,,,2,62260,5618,"[""HYBRID III DUMMY"", ""SID-IIS SIDE IMPACT DUMMY"", ""EUROSID 2 (ES-2RE) SIDE IMPACT DUMMY"", ""THOR DUMMY"", ""HYBRID III DUMMY WITH THOR LX LEGS""]",mapped,
nhtsa_crash,metadata_export,manifest_tests,OCCWT,occwt,$.results[*].OCCUPANT[*].OCCWT,null|number,numeric,,0,99999999,,true,true,false,,,2,62260,5618,"[0.0, 999.0, 93.0, 88.0, 99999999.0]",documented_exception,raw_preserved_unmapped_schema_backlog_or_raw_only_policy
nhtsa_crash,metadata_export,manifest_tests,PELVG,pelvg,$.results[*].OCCUPANT[*].PELVG,null|number,numeric,,0,515.33,,true,true,false,,,2,62260,5618,"[0.0, 49.28, 36.74, 39.84, 21.51]",documented_exception,raw_preserved_unmapped_schema_backlog_or_raw_only_policy
nhtsa_crash,metadata_export,manifest_tests,RFEM,rfem,$.results[*].OCCUPANT[*].RFEM,null|number,numeric,,-14418,1636,,true,true,false,,,2,62260,5618,"[-2534.0, -251.0, 0.0, -3376.0, -244.0]",documented_exception,raw_preserved_unmapped_schema_backlog_or_raw_only_policy
nhtsa_crash,metadata_export,manifest_tests,SBELT,sbelt,$.results[*].OCCUPANT[*].SBELT,null|number,numeric,,0,99999999,,true,true,false,,,2,62260,5618,"[4417.0, 0.0, 4295.0, 4893.0, 4010.0]",documented_exception,raw_preserved_unmapped_schema_backlog_or_raw_only_policy
nhtsa_crash,metadata_export,manifest_tests,SEPOSN,seposn,$.results[*].OCCUPANT[*].SEPOSN,null|string,text,,,,2,true,true,false,,,2,62260,5618,"[""CN"", ""FW"", ""NO"", ""RW"", ""UN""]",documented_exception,raw_preserved_unmapped_schema_backlog_or_raw_only_policy
nhtsa_crash,metadata_export,manifest_tests,T1,t1,$.results[*].OCCUPANT[*].T1,null|number,numeric,,0,3109.4,,true,true,false,,,2,62260,5618,"[64.4, 66.1, 52.5, 76.7, 69.7]",documented_exception,raw_preserved_unmapped_schema_backlog_or_raw_only_policy
nhtsa_crash,metadata_export,manifest_tests,T2,t2,$.results[*].OCCUPANT[*].T2,null|number,numeric,,0,3125.4,,true,true,false,,,2,62260,5618,"[79.4, 81.1, 74.8, 91.7, 84.7]",documented_exception,raw_preserved_unmapped_schema_backlog_or_raw_only_policy
nhtsa_crash,metadata_export,manifest_tests,TSTNO,tstno,$.results[*].OCCUPANT[*].TSTNO,integer,integer,,7201,15513,,false,true,false,,,2,62260,5618,"[7201, 7202, 7203, 7204, 7607]",documented_exception,raw_preserved_unmapped_schema_backlog_or_raw_only_policy
nhtsa_crash,metadata_export,manifest_tests,TTI,tti,$.results[*].OCCUPANT[*].TTI,null|number,numeric,,0,0,,true,true,false,,,2,62260,5618,[0.0],documented_exception,raw_preserved_unmapped_schema_backlog_or_raw_only_policy
nhtsa_crash,metadata_export,manifest_tests,VEHNO,vehno,$.results[*].OCCUPANT[*].VEHNO,integer,integer,,1,2,,false,true,false,,,2,62260,5618,"[1, 2]",documented_exception,raw_preserved_unmapped_schema_backlog_or_raw_only_policy
nhtsa_crash,metadata_export,manifest_tests,PHOTOS,photos,$.results[*].PHOTOS,array,json_array,,,,,false,true,false,,,312,62260,853,[[]],documented_exception,observed_payload_path_preserved_without_canonical_promotion
nhtsa_crash,metadata_export,manifest_tests,FILENAME,filename,$.results[*].PHOTOS[*].FILENAME,string,text,,,,114,false,true,false,,,2,62235,228451,"[""v07201P001.jpg"", ""v07201P002.jpg"", ""v07201P003.jpg"", ""v07201P004.jpg"", ""v07201P005.jpg""]",documented_exception,raw_preserved_unmapped_schema_backlog_or_raw_only_policy
nhtsa_crash,metadata_export,manifest_tests,FILESIZE,filesize,$.results[*].PHOTOS[*].FILESIZE,string,text,,,,9,false,true,false,,,2,62235,228451,"[""2602455"", ""3431949"", ""1662752"", ""2410894"", ""2376731""]",documented_exception,raw_preserved_unmapped_schema_backlog_or_raw_only_policy
nhtsa_crash,metadata_export,manifest_tests,ORIG_FILENAME,orig_filename,$.results[*].PHOTOS[*].ORIG_FILENAME,string,text,,,,128,false,true,false,,,2,62235,228451,"[""No. 001 Load Cell Location.jpg"", ""No. 002 Load Cell Wall.jpg"", ""No. 003 Manufacturer Label.jpg"", ""No. 004 Tire Placard.jpg"", ""No. 005 Right Front Three-Quarter View, As Received.jpg""]",documented_exception,raw_preserved_unmapped_schema_backlog_or_raw_only_policy
nhtsa_crash,metadata_export,manifest_tests,PHOTONO,photono,$.results[*].PHOTOS[*].PHOTONO,string,text,,,,3,false,true,false,,,2,62235,228451,"[""1"", ""2"", ""3"", ""4"", ""5""]",documented_exception,raw_preserved_unmapped_schema_backlog_or_raw_only_policy
nhtsa_crash,metadata_export,manifest_tests,PHOTOTSTNO,phototstno,$.results[*].PHOTOS[*].PHOTOTSTNO,integer,integer,,7201,15509,,false,true,false,,,2,62235,228451,"[7201, 7202, 7203, 7204, 7607]",documented_exception,raw_preserved_unmapped_schema_backlog_or_raw_only_policy
nhtsa_crash,metadata_export,manifest_tests,THUMBNAME,thumbname,$.results[*].PHOTOS[*].THUMBNAME,null|string,text,,,,16,true,true,false,,,2,62235,228451,"[""v07201P001tn.jpg"", ""v07201P002tn.jpg"", ""v07201P003tn.jpg"", ""v07201P004tn.jpg"", ""v07201P005tn.jpg""]",documented_exception,raw_preserved_unmapped_schema_backlog_or_raw_only_policy
nhtsa_crash,metadata_export,manifest_tests,THUMBURL,thumburl,$.results[*].PHOTOS[*].THUMBURL,string,text,,,,94,false,true,false,,,2,62235,228451,"[""https://nrd-static.nhtsa.dot.gov/thumbnails/vehdb/v00000/v07000/v07200/v07200/v07201P001tn.jpg"", ""https://nrd-static.nhtsa.dot.gov/thumbnails/vehdb/v00000/v07000/v07200/v07200/v07201P002tn.jpg"", ""https://nrd-static.nhtsa.dot.gov/thumbnails/vehdb/v00000/v07000/v07200/v07200/v07201P003tn.jpg"", ""https://nrd-static.nhtsa.dot.gov/thumbnails/vehdb/v00000/v07000/v07200/v07200/v07201P004tn.jpg"", ""https://nrd-static.nhtsa.dot.gov/thumbnails/vehdb/v00000/v07000/v07200/v07200/v07201P005tn.jpg""]",documented_exception,raw_preserved_unmapped_schema_backlog_or_raw_only_policy
nhtsa_crash,metadata_export,manifest_tests,URL,url,$.results[*].PHOTOS[*].URL,string,text,,,,166,false,true,false,,,2,62235,228451,"[""https://nrd-static.nhtsa.dot.gov/photos/vehdb/v00000/v07200/v07201P001.jpg"", ""https://nrd-static.nhtsa.dot.gov/photos/vehdb/v00000/v07200/v07201P002.jpg"", ""https://nrd-static.nhtsa.dot.gov/photos/vehdb/v00000/v07200/v07201P003.jpg"", ""https://nrd-static.nhtsa.dot.gov/photos/vehdb/v00000/v07200/v07201P004.jpg"", ""https://nrd-static.nhtsa.dot.gov/photos/vehdb/v00000/v07200/v07201P005.jpg""]",documented_exception,raw_preserved_unmapped_schema_backlog_or_raw_only_policy
nhtsa_crash,metadata_export,manifest_tests,REPORTS,reports,$.results[*].REPORTS,array,json_array,,,,,false,true,false,,,312,62260,656,[[]],documented_exception,observed_payload_path_preserved_without_canonical_promotion
nhtsa_crash,metadata_export,manifest_tests,FILENAME,filename,$.results[*].REPORTS[*].FILENAME,string,text,,,,70,false,true,false,,,2,62093,4474,"[""v07201R002.pdf"", ""v07201R001.pdf"", ""v07202R002.pdf"", ""v07202R001.pdf"", ""v07203R002.pdf""]",documented_exception,raw_preserved_unmapped_schema_backlog_or_raw_only_policy
nhtsa_crash,metadata_export,manifest_tests,FILESIZE,filesize,$.results[*].REPORTS[*].FILESIZE,string,text,,,,9,false,true,false,,,2,62093,4474,"[""369576"", ""10028603"", ""365456"", ""9549208"", ""362143""]",documented_exception,raw_preserved_unmapped_schema_backlog_or_raw_only_policy
nhtsa_crash,metadata_export,manifest_tests,ORIG_FILENAME,orig_filename,$.results[*].REPORTS[*].ORIG_FILENAME,string,text,,,,95,false,true,false,,,2,62093,4474,"[""(7201) 11 Kia Forte (Read as 13).pdf"", ""MB0511 2011 Kia Forte LX 4-Dr Sedan NCAP Final Report.pdf"", ""(7202) 11 Kia Forte (Read as 13).pdf"", ""MB0509 2011 Kia Forte LX 4-Dr Sedan SPNCAP Final Report.pdf"", ""(7203) 11 Hyundai Sonata (Read as 13).pdf""]",documented_exception,raw_preserved_unmapped_schema_backlog_or_raw_only_policy
nhtsa_crash,metadata_export,manifest_tests,REPNO,repno,$.results[*].REPORTS[*].REPNO,string,text,,,,2,false,true,false,,,2,62093,4474,"[""2"", ""1"", ""3"", ""5"", ""4""]",documented_exception,raw_preserved_unmapped_schema_backlog_or_raw_only_policy
nhtsa_crash,metadata_export,manifest_tests,REPTTSTNO,repttstno,$.results[*].REPORTS[*].REPTTSTNO,integer,integer,,7201,15505,,false,true,false,,,2,62093,4474,"[7201, 7202, 7203, 7204, 7607]",documented_exception,raw_preserved_unmapped_schema_backlog_or_raw_only_policy
nhtsa_crash,metadata_export,manifest_tests,URL,url,$.results[*].REPORTS[*].URL,string,text,,,,123,false,true,false,,,2,62093,4474,"[""https://nrd-static.nhtsa.dot.gov/reports/vehdb/v00000/v07200/v07201R002.pdf"", ""https://nrd-static.nhtsa.dot.gov/reports/vehdb/v00000/v07200/v07201R001.pdf"", ""https://nrd-static.nhtsa.dot.gov/reports/vehdb/v00000/v07200/v07202R002.pdf"", ""https://nrd-static.nhtsa.dot.gov/reports/vehdb/v00000/v07200/v07202R001.pdf"", ""https://nrd-static.nhtsa.dot.gov/reports/vehdb/v00000/v07200/v07203R002.pdf""]",documented_exception,raw_preserved_unmapped_schema_backlog_or_raw_only_policy
nhtsa_crash,metadata_export,manifest_tests,RESTRAINT,restraint,$.results[*].RESTRAINT,array,json_array,,,,,false,true,false,,,312,57731,470,[[]],documented_exception,observed_payload_path_preserved_without_canonical_promotion
nhtsa_crash,metadata_export,manifest_tests,DEPLOYD,deployd,$.results[*].RESTRAINT[*].DEPLOYD,null|string,text,,,,21,true,true,true,restraint_deployment,code_values_v1_5,2,62260,12526,"[""DEPLOYED PROPERLY"", ""NOT APPLICABLE"", ""NOT DEPLOYED"", ""UNKNOWN"", ""NOT DEPLOYED PROPERLY""]",code_linked,
nhtsa_crash,metadata_export,manifest_tests,OCCLOCD,occlocd,$.results[*].RESTRAINT[*].OCCLOCD,string,text,,,,16,false,true,true,occupant_location,code_values_v1_5,2,62260,12526,"[""LEFT FRONT SEAT"", ""RIGHT FRONT SEAT"", ""LEFT REAR SEAT"", ""RIGHT REAR SEAT"", ""NOT APPLICABLE""]",code_linked,
nhtsa_crash,metadata_export,manifest_tests,RSTCOM,rstcom,$.results[*].RESTRAINT[*].RSTCOM,null|string,text,,,,69,true,true,false,,,2,62260,12526,"[""PRIMARY"", ""SECONDARY"", ""CURTAIN AIRBAG"", ""TORSO/PELVIS AIRBAG"", ""SEAT BELT""]",documented_exception,raw_preserved_unmapped_schema_backlog_or_raw_only_policy
nhtsa_crash,metadata_export,manifest_tests,RSTMNTD,rstmntd,$.results[*].RESTRAINT[*].RSTMNTD,null|string,text,,,,44,true,true,false,,,2,62260,12526,"[""BELT - CONVENTIONAL MOUNT"", ""STEERING WHEEL"", ""DASH PANEL - TOP"", ""HEADER - SIDE"", ""SEAT BACK""]",documented_exception,raw_preserved_unmapped_schema_backlog_or_raw_only_policy
nhtsa_crash,metadata_export,manifest_tests,RSTNO,rstno,$.results[*].RESTRAINT[*].RSTNO,string,text,,,,1,false,true,false,,,2,62260,12526,"[""1"", ""2"", ""3"", ""4"", ""5""]",documented_exception,raw_preserved_unmapped_schema_backlog_or_raw_only_policy
nhtsa_crash,metadata_export,manifest_tests,RSTTYPD,rsttypd,$.results[*].RESTRAINT[*].RSTTYPD,null|string,text,,,,43,true,true,true,restraint_type,code_values_v1_5,2,62260,12526,"[""3 POINT BELT"", ""FRONTAL AIRBAG"", ""CURTAIN AIRBAG"", ""TORSO/PELVIS AIRBAG"", ""TORSO AIRBAG""]",code_linked,
nhtsa_crash,metadata_export,manifest_tests,TSTNO,tstno,$.results[*].RESTRAINT[*].TSTNO,integer,integer,,7201,15513,,false,true,false,,,2,62260,12526,"[7201, 7202, 7203, 7204, 7607]",documented_exception,raw_preserved_unmapped_schema_backlog_or_raw_only_policy
nhtsa_crash,metadata_export,manifest_tests,VEHNO,vehno,$.results[*].RESTRAINT[*].VEHNO,integer,integer,,1,2,,false,true,false,,,2,62260,12526,"[1, 2]",documented_exception,raw_preserved_unmapped_schema_backlog_or_raw_only_policy
nhtsa_crash,metadata_export,manifest_tests,CLSSPD,clsspd,$.results[*].TEST.CLSSPD,null|number,numeric,,0,113,,true,true,false,,,2,62260,3891,"[56.3, 32.3, 56.5, 61.8, 62.02]",documented_exception,observed_payload_path_preserved_without_canonical_promotion
nhtsa_crash,metadata_export,manifest_tests,CONNO,conno,$.results[*].TEST.CONNO,null|string,text,,,,18,true,true,false,,,2,62260,3891,"[""DTNH22-06-D-00028"", ""DTNH22-09-D-00124"", ""DTNH22-D-09-00123"", ""DTNH22-09-D-00126"", "" ""]",documented_exception,observed_payload_path_preserved_without_canonical_promotion
nhtsa_crash,metadata_export,manifest_tests,IMPANG,impang,$.results[*].TEST.IMPANG,integer|null,integer,,0,353,,true,true,false,,,2,62260,3891,"[0, 270, 345, 353, 30]",documented_exception,observed_payload_path_preserved_without_canonical_promotion
nhtsa_crash,metadata_export,manifest_tests,IMPPNT,imppnt,$.results[*].TEST.IMPPNT,integer|null,integer,,-861,1364,,true,true,false,,,2,62260,3891,"[0, -101, 385, 447, 1181]",documented_exception,observed_payload_path_preserved_without_canonical_promotion
nhtsa_crash,metadata_export,manifest_tests,LINK,link,$.results[*].TEST.LINK,null|string,text,,,,3,true,true,false,,,2,62260,3891,"[""OTH"", ""UMB"", ""UNK"", ""TEL"", ""UCT""]",documented_exception,observed_payload_path_preserved_without_canonical_promotion
nhtsa_crash,metadata_export,manifest_tests,MEASURD,measurd,$.results[*].TEST.MEASURD,null,null,,,,,true,true,false,,,2,62260,3891,[],documented_exception,observed_payload_path_preserved_without_canonical_promotion
nhtsa_crash,metadata_export,manifest_tests,OFFSET,offset,$.results[*].TEST.OFFSET,integer|null,integer,,-537,809,,true,true,false,,,2,62260,3891,"[0, 325, 342, 359, 340]",documented_exception,observed_payload_path_preserved_without_canonical_promotion
nhtsa_crash,metadata_export,manifest_tests,RECTYPD,rectypd,$.results[*].TEST.RECTYPD,null|string,text,,,,24,true,true,false,,,2,62260,3891,"[""OTHER"", ""DIGITAL DATA ACQUISITION"", ""UNKNOWN""]",documented_exception,observed_payload_path_preserved_without_canonical_promotion
nhtsa_crash,metadata_export,manifest_tests,TEMP,temp,$.results[*].TEST.TEMP,null|string,text,,,,5,true,true,false,,,2,62260,3891,"[""21"", ""9"", ""22"", ""13"", ""6""]",documented_exception,observed_payload_path_preserved_without_canonical_promotion
nhtsa_crash,metadata_export,manifest_tests,TITLE,title,$.results[*].TEST.TITLE,string,text,,,,79,false,true,false,,,2,62260,3891,"[""NCAP - 2011 KIA FORTE LX 4-DR SEDAN"", ""NCAP SIDE POLE - 2011 KIA FORTE LX 4-DR SEDAN"", ""NCAP - 2011 HYUNDAI SONATA GLS 4-DR SEDAN"", ""SIDE NCAP 2011 KIA FORTE 4-DOOR SEDAN"", ""NEW CAR ASSESSMENT PROGRAM SIDE IMPACT TEST""]",documented_exception,observed_payload_path_preserved_without_canonical_promotion
nhtsa_crash,metadata_export,manifest_tests,TKCOND,tkcond,$.results[*].TEST.TKCOND,null|string,text,,,,3,true,true,false,,,2,62260,3891,"[""DRY"", ""SNO"", ""WET"", ""OTH"", ""UNK""]",documented_exception,observed_payload_path_preserved_without_canonical_promotion
nhtsa_crash,metadata_export,manifest_tests,TKSURFD,tksurfd,$.results[*].TEST.TKSURFD,null|string,text,,,,8,true,true,false,,,2,62260,3891,"[""CONCRETE"", ""ASPHALT"", ""OTHER"", ""UNKNOWN""]",documented_exception,observed_payload_path_preserved_without_canonical_promotion
nhtsa_crash,metadata_export,manifest_tests,TOTCRV,totcrv,$.results[*].TEST.TOTCRV,integer|null,integer,,0,640,,true,true,false,,,2,62260,3891,"[227, 50, 70, 63, 71]",documented_exception,observed_payload_path_preserved_without_canonical_promotion
nhtsa_crash,metadata_export,manifest_tests,TSTCFND,tstcfnd,$.results[*].TEST.TSTCFND,null|string,text,,,,42,true,true,false,,,2,62260,3891,"[""VEHICLE INTO BARRIER"", ""VEHICLE INTO POLE"", ""IMPACTOR INTO VEHICLE"", ""FORWARD COLLISION WARNING PERFORMANCE TEST"", ""LANE DEPARTURE WARNING PERFORMANCE TEST""]",documented_exception,observed_payload_path_preserved_without_canonical_promotion
nhtsa_crash,metadata_export,manifest_tests,TSTCOM,tstcom,$.results[*].TEST.TSTCOM,null|string,text,,,,78,true,true,false,,,2,62260,3891,"[""TDS TDAS PRO ON BOARD DAS"", ""DTS TDAS PRO ON BOARD DAS"", ""CV03002561 - MC0510 KIA SPORTAGE SINCAP (TEST 22)"", ""NCAP SIDE IMPACT - 2011 TOYOTA CAMRY YB5100"", ""MB0218 2011 FORD RANGER SUPERCAB""]",documented_exception,observed_payload_path_preserved_without_canonical_promotion
nhtsa_crash,metadata_export,manifest_tests,TSTDAT,tstdat,$.results[*].TEST.TSTDAT,string,text,,,,19,false,true,false,,,2,62260,3891,"[""2011-01-03 00:00:00"", ""2011-01-04 00:00:00"", ""2011-01-05 00:00:00"", ""2011-01-06 00:00:00"", ""2011-01-07 00:00:00""]",documented_exception,observed_payload_path_preserved_without_canonical_promotion
nhtsa_crash,metadata_export,manifest_tests,TSTNO,tstno,$.results[*].TEST.TSTNO,integer,integer,,7201,15513,,false,true,false,,,2,62260,3891,"[7201, 7202, 7203, 7204, 7607]",documented_exception,observed_payload_path_preserved_without_canonical_promotion
nhtsa_crash,metadata_export,manifest_tests,TSTOBJ,tstobj,$.results[*].TEST.TSTOBJ,null|string,text,,,,70,true,true,false,,,2,62260,3891,"[""VEHICLE CRASHWORTHINESS AND OCCUPANT RESTRAINT PERFORMANCE DATA"", ""VEHICLE CRASHWORTHINESS AND OCCUPANT RESTRAINT PERFORMANCE"", ""TO GENERATE COMPARATIVE SIDE IMPACT PERFORMANCE INFORMATION"", ""TO OBTAIN VEHICLE CRASHWORTHINESS AND OCCUPANT RESTRAINT INFORMATION"", ""OBTAIN ATD AND VEHICLE DATA""]",documented_exception,observed_payload_path_preserved_without_canonical_promotion
nhtsa_crash,metadata_export,manifest_tests,TSTPRFD,tstprfd,$.results[*].TEST.TSTPRFD,string,text,,,,39,false,true,false,,,2,62260,3891,"[""MGA RESEARCH"", ""MEDICAL COLLEGE OF WISCONSIN"", ""CALSPAN"", ""KARCO ENGINEERING"", ""DYNAMIC RESEARCH,INC""]",documented_exception,observed_payload_path_preserved_without_canonical_promotion
nhtsa_crash,metadata_export,manifest_tests,TSTREF,tstref,$.results[*].TEST.TSTREF,null|string,text,,,,16,true,true,false,,,2,62260,3891,"[""BT11010301"", ""BT11010401"", ""BT11010501"", ""11SN04"", ""CV03002561""]",documented_exception,observed_payload_path_preserved_without_canonical_promotion
nhtsa_crash,metadata_export,manifest_tests,TSTTYPD,tsttypd,$.results[*].TEST.TSTTYPD,string,text,,,,64,false,true,false,,,2,62260,3891,"[""NEW CAR ASSESSMENT TEST"", ""OPTIONAL NEW CAR ASSESSMENT TEST"", ""EXPERIMENTAL NEW CAR ASSESSMENT TEST"", ""RMDB INTO FRONT 15 DEGREE STATIONARY VEHICLE, OVERLAP=35 PERCENT"", ""RMDB INTO FRONT 7 DEGREE STATIONARY VEHICLE, OVERLAP=20 PERCENT""]",documented_exception,observed_payload_path_preserved_without_canonical_promotion
nhtsa_crash,metadata_export,manifest_tests,VERNO,verno,$.results[*].TEST.VERNO,string,text,,,,2,false,true,false,,,2,62260,3891,"[""V5"", ""V2""]",documented_exception,observed_payload_path_preserved_without_canonical_promotion
nhtsa_crash,metadata_export,manifest_tests,URL_ABF,url_abf,$.results[*].URL.URL_ABF,null|string,text,,,,76,true,true,false,,,2,62260,3891,"[""https://nrd-static.nhtsa.dot.gov/compress/abf/vehdb/v00000/v07200/v07201.abf"", ""https://nrd-static.nhtsa.dot.gov/compress/abf/vehdb/v00000/v07200/v07202.abf"", ""https://nrd-static.nhtsa.dot.gov/compress/abf/vehdb/v00000/v07200/v07203.abf"", ""https://nrd-static.nhtsa.dot.gov/compress/abf/vehdb/v00000/v07200/v07204.abf"", ""https://nrd-static.nhtsa.dot.gov/compress/abf/vehdb/v00000/v07600/v07607.abf""]",documented_exception,observed_payload_path_preserved_without_canonical_promotion
nhtsa_crash,metadata_export,manifest_tests,URL_EV5,url_ev5,$.results[*].URL.URL_EV5,null|string,text,,,,75,true,true,false,,,2,62260,3891,"[""https://nrd-static.nhtsa.dot.gov/compress/ev/vehdb/v00000/v07200/v07201.zip"", ""https://nrd-static.nhtsa.dot.gov/compress/ev/vehdb/v00000/v07200/v07202.zip"", ""https://nrd-static.nhtsa.dot.gov/compress/ev/vehdb/v00000/v07200/v07203.zip"", ""https://nrd-static.nhtsa.dot.gov/compress/ev/vehdb/v00000/v07200/v07204.zip"", ""https://nrd-static.nhtsa.dot.gov/compress/ev/vehdb/v00000/v07600/v07607.zip""]",documented_exception,observed_payload_path_preserved_without_canonical_promotion
nhtsa_crash,metadata_export,manifest_tests,URL_ISO,url_iso,$.results[*].URL.URL_ISO,null|string,text,,,,79,true,true,false,,,2,62260,3891,"[""https://nrd-static.nhtsa.dot.gov/compress/iso/vehdb/v00000/v07200/v07201ISO.zip"", ""https://nrd-static.nhtsa.dot.gov/compress/iso/vehdb/v00000/v07200/v07202ISO.zip"", ""https://nrd-static.nhtsa.dot.gov/compress/iso/vehdb/v00000/v07200/v07203ISO.zip"", ""https://nrd-static.nhtsa.dot.gov/compress/iso/vehdb/v00000/v07200/v07204ISO.zip"", ""https://nrd-static.nhtsa.dot.gov/compress/iso/vehdb/v00000/v07600/v07607ISO.zip""]",documented_exception,observed_payload_path_preserved_without_canonical_promotion
nhtsa_crash,metadata_export,manifest_tests,URL_TDMS,url_tdms,$.results[*].URL.URL_TDMS,null|string,text,,,,81,true,true,false,,,2,62260,3891,"[""https://nrd-static.nhtsa.dot.gov/compress/tdms/vehdb/v00000/v07200/v07201tdms.zip"", ""https://nrd-static.nhtsa.dot.gov/compress/tdms/vehdb/v00000/v07200/v07202tdms.zip"", ""https://nrd-static.nhtsa.dot.gov/compress/tdms/vehdb/v00000/v07200/v07203tdms.zip"", ""https://nrd-static.nhtsa.dot.gov/compress/tdms/vehdb/v00000/v07200/v07204tdms.zip"", ""https://nrd-static.nhtsa.dot.gov/compress/tdms/vehdb/v00000/v07600/v07607tdms.zip""]",documented_exception,observed_payload_path_preserved_without_canonical_promotion
nhtsa_crash,metadata_export,manifest_tests,URL_UDS,url_uds,$.results[*].URL.URL_UDS,null|string,text,,,,79,true,true,false,,,2,62260,3891,"[""https://nrd-static.nhtsa.dot.gov/compress/uds/vehdb/v00000/v07200/v07201UDS.zip"", ""https://nrd-static.nhtsa.dot.gov/compress/uds/vehdb/v00000/v07200/v07202UDS.zip"", ""https://nrd-static.nhtsa.dot.gov/compress/uds/vehdb/v00000/v07200/v07203UDS.zip"", ""https://nrd-static.nhtsa.dot.gov/compress/uds/vehdb/v00000/v07200/v07204UDS.zip"", ""https://nrd-static.nhtsa.dot.gov/compress/uds/vehdb/v00000/v07600/v07607UDS.zip""]",documented_exception,observed_payload_path_preserved_without_canonical_promotion
nhtsa_crash,metadata_export,manifest_tests,VEHICLE,vehicle,$.results[*].VEHICLE,array,json_array,,,,,false,true,false,,,39521,39521,1,[[]],documented_exception,observed_payload_path_preserved_without_canonical_promotion
nhtsa_crash,metadata_export,manifest_tests,APLENGD,aplengd,$.results[*].VEHICLE[*].APLENGD,null|string,text,,,,20,true,true,false,,,2,62260,4693,"[""NOT APPLICABLE"", ""DIRECT ENGAGEMENT"", ""UNKNOWN"", ""NO DIRECT ENGAGEMENT""]",documented_exception,raw_preserved_unmapped_schema_backlog_or_raw_only_policy
nhtsa_crash,metadata_export,manifest_tests,AX1,ax1,$.results[*].VEHICLE[*].AX1,null|number,numeric,,0,6141,,true,true,false,,,2,62260,4693,"[4041.0, 4499.0, 4278.0, 0.0, 4534.0]",documented_exception,raw_preserved_unmapped_schema_backlog_or_raw_only_policy
nhtsa_crash,metadata_export,manifest_tests,AX10,ax10,$.results[*].VEHICLE[*].AX10,null|number,numeric,,0,3927,,true,true,false,,,2,62260,4693,"[2046.0, 0.0, 2188.0, 258.0, 2235.0]",documented_exception,raw_preserved_unmapped_schema_backlog_or_raw_only_policy
nhtsa_crash,metadata_export,manifest_tests,AX11,ax11,$.results[*].VEHICLE[*].AX11,null|number,numeric,,0,3936,,true,true,false,,,2,62260,4693,"[2049.0, 0.0, 2197.0, 242.0, 2228.0]",documented_exception,raw_preserved_unmapped_schema_backlog_or_raw_only_policy
nhtsa_crash,metadata_export,manifest_tests,AX12,ax12,$.results[*].VEHICLE[*].AX12,null|number,numeric,,0,5180,,true,true,false,,,2,62260,4693,"[3106.0, 0.0, 3285.0, 314.0, 3324.0]",documented_exception,raw_preserved_unmapped_schema_backlog_or_raw_only_policy
nhtsa_crash,metadata_export,manifest_tests,AX13,ax13,$.results[*].VEHICLE[*].AX13,null|number,numeric,,0,5202,,true,true,false,,,2,62260,4693,"[3102.0, 0.0, 3286.0, 160.0, 3340.0]",documented_exception,raw_preserved_unmapped_schema_backlog_or_raw_only_policy
nhtsa_crash,metadata_export,manifest_tests,AX14,ax14,$.results[*].VEHICLE[*].AX14,null|number,numeric,,0,5517,,true,true,false,,,2,62260,4693,"[3406.0, 0.0, 3688.0, 542.0, 3645.0]",documented_exception,raw_preserved_unmapped_schema_backlog_or_raw_only_policy
nhtsa_crash,metadata_export,manifest_tests,AX15,ax15,$.results[*].VEHICLE[*].AX15,null|number,numeric,,0,5539,,true,true,false,,,2,62260,4693,"[3436.0, 0.0, 3645.0, 730.0, 3579.0]",documented_exception,raw_preserved_unmapped_schema_backlog_or_raw_only_policy
nhtsa_crash,metadata_export,manifest_tests,AX16,ax16,$.results[*].VEHICLE[*].AX16,null|number,numeric,,0,4666,,true,true,false,,,2,62260,4693,"[2665.0, 0.0, 2882.0, 730.0, 2801.0]",documented_exception,raw_preserved_unmapped_schema_backlog_or_raw_only_policy
nhtsa_crash,metadata_export,manifest_tests,AX17,ax17,$.results[*].VEHICLE[*].AX17,null|number,numeric,,0,3617,,true,true,false,,,2,62260,4693,"[361.0, 0.0, 370.0, 1202.0, 395.0]",documented_exception,raw_preserved_unmapped_schema_backlog_or_raw_only_policy
nhtsa_crash,metadata_export,manifest_tests,AX18,ax18,$.results[*].VEHICLE[*].AX18,null|number,numeric,,0,4546,,true,true,false,,,2,62260,4693,"[403.0, 0.0, 447.0, 426.0, 495.0]",documented_exception,raw_preserved_unmapped_schema_backlog_or_raw_only_policy
nhtsa_crash,metadata_export,manifest_tests,AX19,ax19,$.results[*].VEHICLE[*].AX19,null|number,numeric,,0,6295,,true,true,false,,,2,62260,4693,"[3986.0, 3482.0, 4280.0, 0.0, 4003.0]",documented_exception,raw_preserved_unmapped_schema_backlog_or_raw_only_policy
nhtsa_crash,metadata_export,manifest_tests,AX2,ax2,$.results[*].VEHICLE[*].AX2,null|number,numeric,,0,6365,,true,true,false,,,2,62260,4693,"[3901.0, 0.0, 4038.0, 844.0, 4079.0]",documented_exception,raw_preserved_unmapped_schema_backlog_or_raw_only_policy
nhtsa_crash,metadata_export,manifest_tests,AX20,ax20,$.results[*].VEHICLE[*].AX20,null|number,numeric,,0,6296,,true,true,false,,,2,62260,4693,"[3993.0, 3353.0, 4283.0, 0.0, 3986.0]",documented_exception,raw_preserved_unmapped_schema_backlog_or_raw_only_policy
nhtsa_crash,metadata_export,manifest_tests,AX21,ax21,$.results[*].VEHICLE[*].AX21,null|number,numeric,,0,4728,,true,true,false,,,2,62260,4693,"[479.0, 0.0, 478.0, 1602.0, 459.0]",documented_exception,raw_preserved_unmapped_schema_backlog_or_raw_only_policy
nhtsa_crash,metadata_export,manifest_tests,AX3,ax3,$.results[*].VEHICLE[*].AX3,null|number,numeric,,0,5514,,true,true,false,,,2,62260,4693,"[0.0, 2491.0, 3278.0, 3751.0, 2182.0]",documented_exception,raw_preserved_unmapped_schema_backlog_or_raw_only_policy
nhtsa_crash,metadata_export,manifest_tests,AX4,ax4,$.results[*].VEHICLE[*].AX4,null|number,numeric,,0,6356,,true,true,false,,,2,62260,4693,"[3094.0, 0.0, 3314.0, 4432.0, 3327.0]",documented_exception,raw_preserved_unmapped_schema_backlog_or_raw_only_policy
nhtsa_crash,metadata_export,manifest_tests,AX5,ax5,$.results[*].VEHICLE[*].AX5,null|number,numeric,,0,5152,,true,true,false,,,2,62260,4693,"[3109.0, 0.0, 3317.0, 90.0, 3330.0]",documented_exception,raw_preserved_unmapped_schema_backlog_or_raw_only_policy
nhtsa_crash,metadata_export,manifest_tests,AX6,ax6,$.results[*].VEHICLE[*].AX6,null|number,numeric,,0,5095,,true,true,false,,,2,62260,4693,"[3102.0, 0.0, 3278.0, 503.0, 3302.0]",documented_exception,raw_preserved_unmapped_schema_backlog_or_raw_only_policy
nhtsa_crash,metadata_export,manifest_tests,AX7,ax7,$.results[*].VEHICLE[*].AX7,null|number,numeric,,0,5094,,true,true,false,,,2,62260,4693,"[3102.0, 0.0, 3283.0, 203.0, 3299.0]",documented_exception,raw_preserved_unmapped_schema_backlog_or_raw_only_policy
nhtsa_crash,metadata_export,manifest_tests,AX8,ax8,$.results[*].VEHICLE[*].AX8,null|number,numeric,,0,4463,,true,true,false,,,2,62260,4693,"[2043.0, 0.0, 2194.0, 206.0, 2215.0]",documented_exception,raw_preserved_unmapped_schema_backlog_or_raw_only_policy
nhtsa_crash,metadata_export,manifest_tests,AX9,ax9,$.results[*].VEHICLE[*].AX9,null|number,numeric,,0,3931,,true,true,false,,,2,62260,4693,"[2044.0, 0.0, 2212.0, 227.0, 2218.0]",documented_exception,raw_preserved_unmapped_schema_backlog_or_raw_only_policy
nhtsa_crash,metadata_export,manifest_tests,BMPENGD,bmpengd,$.results[*].VEHICLE[*].BMPENGD,null|string,text,,,,17,true,true,false,,,2,62260,4693,"[""DIRECT ENGAGEMENT"", ""NOT APPLICABLE"", ""UNKNOWN""]",documented_exception,raw_preserved_unmapped_schema_backlog_or_raw_only_policy
nhtsa_crash,metadata_export,manifest_tests,BODYD,bodyd,$.results[*].VEHICLE[*].BODYD,null|string,text,,,,22,true,true,false,,,2,62260,4693,"[""FOUR DOOR SEDAN"", ""NOT APPLICABLE"", ""UTILITY VEHICLE"", ""EXTENDED CAB PICKUP"", ""4 DOOR PICKUP""]",documented_exception,raw_preserved_unmapped_schema_backlog_or_raw_only_policy
nhtsa_crash,metadata_export,manifest_tests,BX1,bx1,$.results[*].VEHICLE[*].BX1,null|number,numeric,,0,6810,,true,true,false,,,2,62260,4693,"[4535.0, 4820.0, 0.0, 4534.0, 2642.0]",documented_exception,raw_preserved_unmapped_schema_backlog_or_raw_only_policy
nhtsa_crash,metadata_export,manifest_tests,BX10,bx10,$.results[*].VEHICLE[*].BX10,null|number,numeric,,0,4084,,true,true,false,,,2,62260,4693,"[2054.0, 0.0, 2200.0, 257.0, 2242.0]",documented_exception,raw_preserved_unmapped_schema_backlog_or_raw_only_policy
nhtsa_crash,metadata_export,manifest_tests,BX11,bx11,$.results[*].VEHICLE[*].BX11,null|number,numeric,,0,4093,,true,true,false,,,2,62260,4693,"[2054.0, 0.0, 2200.0, 244.0, 2242.0]",documented_exception,raw_preserved_unmapped_schema_backlog_or_raw_only_policy
nhtsa_crash,metadata_export,manifest_tests,BX12,bx12,$.results[*].VEHICLE[*].BX12,null|number,numeric,,0,5245,,true,true,false,,,2,62260,4693,"[3109.0, 0.0, 3314.0, 306.0, 3335.0]",documented_exception,raw_preserved_unmapped_schema_backlog_or_raw_only_policy
nhtsa_crash,metadata_export,manifest_tests,BX13,bx13,$.results[*].VEHICLE[*].BX13,null|number,numeric,,0,5245,,true,true,false,,,2,62260,4693,"[3107.0, 0.0, 3307.0, 160.0, 3335.0]",documented_exception,raw_preserved_unmapped_schema_backlog_or_raw_only_policy
nhtsa_crash,metadata_export,manifest_tests,BX14,bx14,$.results[*].VEHICLE[*].BX14,null|number,numeric,,0,6725,,true,true,false,,,2,62260,4693,"[3490.0, 0.0, 3672.0, 341.0, 3692.0]",documented_exception,raw_preserved_unmapped_schema_backlog_or_raw_only_policy
nhtsa_crash,metadata_export,manifest_tests,BX15,bx15,$.results[*].VEHICLE[*].BX15,null|number,numeric,,0,6725,,true,true,false,,,2,62260,4693,"[3490.0, 0.0, 3703.0, 769.0, 3687.0]",documented_exception,raw_preserved_unmapped_schema_backlog_or_raw_only_policy
nhtsa_crash,metadata_export,manifest_tests,BX16,bx16,$.results[*].VEHICLE[*].BX16,null|number,numeric,,0,4965,,true,true,false,,,2,62260,4693,"[2670.0, 0.0, 2835.0, 738.0, 2815.0]",documented_exception,raw_preserved_unmapped_schema_backlog_or_raw_only_policy
nhtsa_crash,metadata_export,manifest_tests,BX17,bx17,$.results[*].VEHICLE[*].BX17,null|number,numeric,,0,3648,,true,true,false,,,2,62260,4693,"[377.0, 0.0, 360.0, 1252.0, 345.0]",documented_exception,raw_preserved_unmapped_schema_backlog_or_raw_only_policy
nhtsa_crash,metadata_export,manifest_tests,BX18,bx18,$.results[*].VEHICLE[*].BX18,null|number,numeric,,0,4239,,true,true,false,,,2,62260,4693,"[421.0, 0.0, 407.0, 404.0, 450.0]",documented_exception,raw_preserved_unmapped_schema_backlog_or_raw_only_policy
nhtsa_crash,metadata_export,manifest_tests,BX19,bx19,$.results[*].VEHICLE[*].BX19,null|number,numeric,,0,6725,,true,true,false,,,2,62260,4693,"[4260.0, 3472.0, 4604.0, 0.0, 3998.0]",documented_exception,raw_preserved_unmapped_schema_backlog_or_raw_only_policy
nhtsa_crash,metadata_export,manifest_tests,BX2,bx2,$.results[*].VEHICLE[*].BX2,null|number,numeric,,0,6080,,true,true,false,,,2,62260,4693,"[4043.0, 0.0, 4311.0, 891.0, 4272.0]",documented_exception,raw_preserved_unmapped_schema_backlog_or_raw_only_policy
nhtsa_crash,metadata_export,manifest_tests,BX20,bx20,$.results[*].VEHICLE[*].BX20,null|number,numeric,,0,7372,,true,true,false,,,2,62260,4693,"[4260.0, 3472.0, 4604.0, 0.0, 3998.0]",documented_exception,raw_preserved_unmapped_schema_backlog_or_raw_only_policy
nhtsa_crash,metadata_export,manifest_tests,BX21,bx21,$.results[*].VEHICLE[*].BX21,null|number,numeric,,0,4733,,true,true,false,,,2,62260,4693,"[479.0, 0.0, 478.0, 1797.0, 459.0]",documented_exception,raw_preserved_unmapped_schema_backlog_or_raw_only_policy
nhtsa_crash,metadata_export,manifest_tests,BX3,bx3,$.results[*].VEHICLE[*].BX3,null|number,numeric,,0,5620,,true,true,false,,,2,62260,4693,"[3522.0, 0.0, 3692.0, 913.0, 3635.0]",documented_exception,raw_preserved_unmapped_schema_backlog_or_raw_only_policy
nhtsa_crash,metadata_export,manifest_tests,BX4,bx4,$.results[*].VEHICLE[*].BX4,null|number,numeric,,0,6362,,true,true,false,,,2,62260,4693,"[3092.0, 0.0, 3295.0, 4444.0, 3317.0]",documented_exception,raw_preserved_unmapped_schema_backlog_or_raw_only_policy
nhtsa_crash,metadata_export,manifest_tests,BX5,bx5,$.results[*].VEHICLE[*].BX5,null|number,numeric,,0,5543,,true,true,false,,,2,62260,4693,"[3092.0, 0.0, 3295.0, 90.0, 3317.0]",documented_exception,raw_preserved_unmapped_schema_backlog_or_raw_only_policy
nhtsa_crash,metadata_export,manifest_tests,BX6,bx6,$.results[*].VEHICLE[*].BX6,null|number,numeric,,0,5185,,true,true,false,,,2,62260,4693,"[3102.0, 0.0, 3290.0, 446.0, 3310.0]",documented_exception,raw_preserved_unmapped_schema_backlog_or_raw_only_policy
nhtsa_crash,metadata_export,manifest_tests,BX7,bx7,$.results[*].VEHICLE[*].BX7,null|number,numeric,,0,5200,,true,true,false,,,2,62260,4693,"[3102.0, 0.0, 3290.0, 249.0, 3310.0]",documented_exception,raw_preserved_unmapped_schema_backlog_or_raw_only_policy
nhtsa_crash,metadata_export,manifest_tests,BX8,bx8,$.results[*].VEHICLE[*].BX8,null|number,numeric,,0,4467,,true,true,false,,,2,62260,4693,"[2035.0, 0.0, 2174.0, 253.0, 2208.0]",documented_exception,raw_preserved_unmapped_schema_backlog_or_raw_only_policy
nhtsa_crash,metadata_export,manifest_tests,BX9,bx9,$.results[*].VEHICLE[*].BX9,null|number,numeric,,0,4105,,true,true,false,,,2,62260,4693,"[2035.0, 0.0, 2174.0, 257.0, 2208.0]",documented_exception,raw_preserved_unmapped_schema_backlog_or_raw_only_policy
nhtsa_crash,metadata_export,manifest_tests,CARANG,carang,$.results[*].VEHICLE[*].CARANG,null|number,numeric,,0,99999999,,true,true,false,,,2,62260,4693,"[0.0, 27.0, 99999999.0, 285.0]",documented_exception,raw_preserved_unmapped_schema_backlog_or_raw_only_policy
nhtsa_crash,metadata_export,manifest_tests,COLMECD,colmecd,$.results[*].VEHICLE[*].COLMECD,null|string,text,,,,17,true,true,false,,,2,62260,4693,"[""UNKNOWN"", ""NOT APPLICABLE"", ""NONE"", ""EXTRUDED ABSORBER""]",documented_exception,raw_preserved_unmapped_schema_backlog_or_raw_only_policy
nhtsa_crash,metadata_export,manifest_tests,CRBANG,crbang,$.results[*].VEHICLE[*].CRBANG,null|number,numeric,,0,297,,true,true,false,,,2,62260,4693,"[0.0, 285.0, 27.0, 15.0, 7.0]",documented_exception,raw_preserved_unmapped_schema_backlog_or_raw_only_policy
nhtsa_crash,metadata_export,manifest_tests,CRHDST,crhdst,$.results[*].VEHICLE[*].CRHDST,null|number,numeric,,0,4333,,true,true,false,,,2,62260,4693,"[494.0, 393.0, 542.0, 0.0, 270.0]",documented_exception,raw_preserved_unmapped_schema_backlog_or_raw_only_policy
nhtsa_crash,metadata_export,manifest_tests,CURBWT,curbwt,$.results[*].VEHICLE[*].CURBWT,null|string,text,,,,4,true,true,false,,,2,62260,4693,"[""1302"", ""1299"", ""1466"", ""1300"", ""1468""]",documented_exception,raw_preserved_unmapped_schema_backlog_or_raw_only_policy
nhtsa_crash,metadata_export,manifest_tests,DAMDST,damdst,$.results[*].VEHICLE[*].DAMDST,null|number,numeric,,-1428,99999999,,true,true,false,,,2,62260,4693,"[0.0, -61.0, -398.0, -380.0, 680.0]",documented_exception,raw_preserved_unmapped_schema_backlog_or_raw_only_policy
nhtsa_crash,metadata_export,manifest_tests,DPD1,dpd1,$.results[*].VEHICLE[*].DPD1,null|number,numeric,,-847,3803,,true,true,false,,,2,62260,4693,"[267.0, 0.0, 321.0, 20.0, 433.0]",documented_exception,raw_preserved_unmapped_schema_backlog_or_raw_only_policy
nhtsa_crash,metadata_export,manifest_tests,DPD2,dpd2,$.results[*].VEHICLE[*].DPD2,null|number,numeric,,-607,3861,,true,true,false,,,2,62260,4693,"[402.0, 0.0, 395.0, 253.0, 89.0]",documented_exception,raw_preserved_unmapped_schema_backlog_or_raw_only_policy
nhtsa_crash,metadata_export,manifest_tests,DPD3,dpd3,$.results[*].VEHICLE[*].DPD3,null|number,numeric,,-472,3883,,true,true,false,,,2,62260,4693,"[444.0, 0.0, 502.0, 248.0, 222.0]",documented_exception,raw_preserved_unmapped_schema_backlog_or_raw_only_policy
nhtsa_crash,metadata_export,manifest_tests,DPD4,dpd4,$.results[*].VEHICLE[*].DPD4,null|number,numeric,,-415,3865,,true,true,false,,,2,62260,4693,"[442.0, 0.0, 511.0, 244.0, 196.0]",documented_exception,raw_preserved_unmapped_schema_backlog_or_raw_only_policy
nhtsa_crash,metadata_export,manifest_tests,DPD5,dpd5,$.results[*].VEHICLE[*].DPD5,null|number,numeric,,-444,3855,,true,true,false,,,2,62260,4693,"[399.0, 0.0, 435.0, 120.0, 169.0]",documented_exception,raw_preserved_unmapped_schema_backlog_or_raw_only_policy
nhtsa_crash,metadata_export,manifest_tests,DPD6,dpd6,$.results[*].VEHICLE[*].DPD6,null|number,numeric,,-487,3353,,true,true,false,,,2,62260,4693,"[274.0, 0.0, 324.0, 11.0, 423.0]",documented_exception,raw_preserved_unmapped_schema_backlog_or_raw_only_policy
nhtsa_crash,metadata_export,manifest_tests,ENGDSP,engdsp,$.results[*].VEHICLE[*].ENGDSP,null|string,text,,,,4,true,true,false,,,2,62260,4693,"[""2.0"", ""2.4"", ""0.0"", ""5.3"", ""2.5""]",documented_exception,raw_preserved_unmapped_schema_backlog_or_raw_only_policy
nhtsa_crash,metadata_export,manifest_tests,ENGINED,engined,$.results[*].VEHICLE[*].ENGINED,null|string,text,,,,27,true,true,false,,,2,62260,4693,"[""4 CYLINDER TRANSVERSE FRONT"", ""NOT APPLICABLE"", ""V6 TRANSVERSE FRONT"", ""V8 INLINE FRONT"", ""4 CYLINDER INLINE FRONT""]",documented_exception,raw_preserved_unmapped_schema_backlog_or_raw_only_policy
nhtsa_crash,metadata_export,manifest_tests,LENCNT,lencnt,$.results[*].VEHICLE[*].LENCNT,null|number,numeric,,-600,5250,,true,true,false,,,2,62260,4693,"[1514.0, 2850.0, 1450.0, 0.0, 3000.0]",documented_exception,raw_preserved_unmapped_schema_backlog_or_raw_only_policy
nhtsa_crash,metadata_export,vehicles,MAKED,maked,$.results[*].VEHICLE[*].MAKED,string,text,,,,10,false,true,false,,,2,62260,4693,"[""KIA"", ""HYUNDAI"", ""NHTSA"", ""TOYOTA"", ""FORD""]",mapped,
nhtsa_crash,metadata_export,manifest_tests,MODDSC,moddsc,$.results[*].VEHICLE[*].MODDSC,null|string,text,,,,70,true,true,false,,,2,62260,4693,"[""VEHICLE MODEL: FORTE"", "" "", ""NONE"", ""UNMODIFIED"", ""NO COMMENTS""]",documented_exception,raw_preserved_unmapped_schema_backlog_or_raw_only_policy
nhtsa_crash,metadata_export,vehicles,MODELD,modeld,$.results[*].VEHICLE[*].MODELD,null|string,text,,,,22,true,true,false,,,2,62260,4693,"[""FORTE"", ""SONATA"", ""DEFORMABLE IMPACTOR"", ""SPORTAGE"", ""CAMRY""]",mapped,
nhtsa_crash,metadata_export,manifest_tests,MODINDD,modindd,$.results[*].VEHICLE[*].MODINDD,null|string,text,,,,18,true,true,false,,,2,62260,4693,"[""PRODUCTION VEHICLE"", ""RESEARCH VEHICLE"", ""UNKNOWN"", ""MODIFIED VEHICLE"", ""P""]",documented_exception,raw_preserved_unmapped_schema_backlog_or_raw_only_policy
nhtsa_crash,metadata_export,manifest_tests,NHTSANO,nhtsano,$.results[*].VEHICLE[*].NHTSANO,null|string,text,,,,9,true,true,false,,,2,62260,4693,"[""MB0511"", ""MB0509"", ""UB0501"", "" "", ""MB0510""]",documented_exception,raw_preserved_unmapped_schema_backlog_or_raw_only_policy
nhtsa_crash,metadata_export,manifest_tests,PDOF,pdof,$.results[*].VEHICLE[*].PDOF,null|number,numeric,,0,353,,true,true,false,,,2,62260,4693,"[0.0, 285.0, 297.0, 27.0, 345.0]",documented_exception,raw_preserved_unmapped_schema_backlog_or_raw_only_policy
nhtsa_crash,metadata_export,manifest_tests,SILENGD,silengd,$.results[*].VEHICLE[*].SILENGD,null|string,text,,,,20,true,true,false,,,2,62260,4693,"[""NOT APPLICABLE"", ""DIRECT ENGAGEMENT"", ""UNKNOWN"", ""NO DIRECT ENGAGEMENT""]",documented_exception,raw_preserved_unmapped_schema_backlog_or_raw_only_policy
nhtsa_crash,metadata_export,manifest_tests,STRSEPD,strsepd,$.results[*].VEHICLE[*].STRSEPD,null|string,text,,,,14,true,true,false,,,2,62260,4693,"[""UNKNOWN"", ""NOT APPLICABLE"", ""NO SEPARATION"", ""SEPARATION""]",documented_exception,raw_preserved_unmapped_schema_backlog_or_raw_only_policy
nhtsa_crash,metadata_export,manifest_tests,TRANSMD,transmd,$.results[*].VEHICLE[*].TRANSMD,null|string,text,,,,32,true,true,false,,,2,62260,4693,"[""AUTOMATIC - FRONT WHEEL DRIVE"", ""MANUAL - FRONT WHEEL DRIVE"", ""NOT APPLICABLE"", ""AUTOMATIC - REAR WHEEL DRIVE"", ""MANUAL - REAR WHEEL DRIVE""]",documented_exception,raw_preserved_unmapped_schema_backlog_or_raw_only_policy
nhtsa_crash,metadata_export,manifest_tests,TSTNO,tstno,$.results[*].VEHICLE[*].TSTNO,integer,integer,,7201,15513,,false,true,false,,,2,62260,4693,"[7201, 7202, 7203, 7204, 7607]",documented_exception,raw_preserved_unmapped_schema_backlog_or_raw_only_policy
nhtsa_crash,metadata_export,manifest_tests,VDI,vdi,$.results[*].VEHICLE[*].VDI,null|string,text,,,,7,true,true,false,,,2,62260,4693,"[""12FDEW6"", ""09LPAN3"", "" "", ""09LPEW2"", ""0""]",documented_exception,raw_preserved_unmapped_schema_backlog_or_raw_only_policy
nhtsa_crash,metadata_export,manifest_tests,VEHCG,vehcg,$.results[*].VEHICLE[*].VEHCG,null|number,numeric,,0,3149,,true,true,false,,,2,62260,4693,"[1091.0, 1028.0, 1256.0, 0.0, 1114.0]",documented_exception,raw_preserved_unmapped_schema_backlog_or_raw_only_policy
nhtsa_crash,metadata_export,manifest_tests,VEHCOM,vehcom,$.results[*].VEHICLE[*].VEHCOM,null|string,text,,,,70,true,true,false,,,2,62260,4693,"[""MCW MDB 001"", ""NHTSA SIDE IMPACT CART WITH DEFORMABLE FACE"", ""CV03002561 - MC0510 KIA SPORTAGE SINCAP (TEST 22)"", ""2011 TOYOTA CAMRY"", ""MB0218 2011 FORD RANGER SUPERCAB""]",documented_exception,raw_preserved_unmapped_schema_backlog_or_raw_only_policy
nhtsa_crash,metadata_export,manifest_tests,VEHLEN,vehlen,$.results[*].VEHICLE[*].VEHLEN,null|number,numeric,,0,6810,,true,true,false,,,2,62260,4693,"[4535.0, 4820.0, 4116.0, 4534.0, 4120.0]",documented_exception,raw_preserved_unmapped_schema_backlog_or_raw_only_policy
nhtsa_crash,metadata_export,manifest_tests,VEHNO,vehno,$.results[*].VEHICLE[*].VEHNO,integer,integer,,1,2,,false,true,false,,,2,62260,4693,"[1, 2]",documented_exception,raw_preserved_unmapped_schema_backlog_or_raw_only_policy
nhtsa_crash,metadata_export,manifest_tests,VEHOR,vehor,$.results[*].VEHICLE[*].VEHOR,null|number,numeric,,0,99999999,,true,true,false,,,2,62260,4693,"[0.0, 90.0, 15.0, 7.0, 75.0]",documented_exception,raw_preserved_unmapped_schema_backlog_or_raw_only_policy
nhtsa_crash,metadata_export,vehicles,VEHSPD,vehspd,$.results[*].VEHICLE[*].VEHSPD,null|number,numeric,,0,113,,true,true,false,,,2,62260,4693,"[56.3, 32.3, 56.5, 61.8, 0.0]",mapped,
nhtsa_crash,metadata_export,manifest_tests,VEHTWT,vehtwt,$.results[*].VEHICLE[*].VEHTWT,null|number,numeric,,0,23420,,true,true,false,,,2,62260,4693,"[1480.0, 1390.0, 1670.0, 1359.0, 1460.0]",documented_exception,raw_preserved_unmapped_schema_backlog_or_raw_only_policy
nhtsa_crash,metadata_export,manifest_tests,VEHWID,vehwid,$.results[*].VEHICLE[*].VEHWID,null|number,numeric,,0,2199,,true,true,false,,,2,62260,4693,"[1755.0, 1821.0, 1250.0, 1797.0, 1819.0]",documented_exception,raw_preserved_unmapped_schema_backlog_or_raw_only_policy
nhtsa_crash,metadata_export,manifest_tests,VIN,vin,$.results[*].VEHICLE[*].VIN,null|string,text,,,,17,true,true,false,,,2,62260,4693,"[""KNAFT4A21B5888933"", ""KNAFT4A24B5344944"", ""5NPEB4AC0BH159820"", "" "", ""KNAFT4A29B5889215""]",documented_exception,raw_preserved_unmapped_schema_backlog_or_raw_only_policy
nhtsa_crash,metadata_export,manifest_tests,WHLBAS,whlbas,$.results[*].VEHICLE[*].WHLBAS,null|number,numeric,,0,5969,,true,true,false,,,2,62260,4693,"[2653.0, 2796.0, 2578.0, 2650.0, 2600.0]",documented_exception,raw_preserved_unmapped_schema_backlog_or_raw_only_policy
nhtsa_crash,metadata_export,vehicles,YEAR,year,$.results[*].VEHICLE[*].YEAR,integer|null,integer,,0,2026,,true,true,false,,,2,62260,4693,"[2011, 0, 2012, 2007, 2010]",mapped,
nhtsa_crash,metadata_export,manifest_tests,VIDEOS,videos,$.results[*].VIDEOS,array,json_array,,,,,false,true,false,,,312,62260,621,[[]],documented_exception,observed_payload_path_preserved_without_canonical_promotion
nhtsa_crash,metadata_export,manifest_tests,CAMNO,camno,$.results[*].VIDEOS[*].CAMNO,string,text,,,,3,false,true,false,,,2,62235,37679,"[""1"", ""2"", ""3"", ""4"", ""5""]",documented_exception,raw_preserved_unmapped_schema_backlog_or_raw_only_policy
nhtsa_crash,metadata_export,manifest_tests,FILENAME,filename,$.results[*].VIDEOS[*].FILENAME,string,text,,,,77,false,true,false,,,2,62235,37679,"[""v07201C001.avi"", ""v07201C002.avi"", ""v07201C003.avi"", ""v07201C004.avi"", ""v07201C005.avi""]",documented_exception,raw_preserved_unmapped_schema_backlog_or_raw_only_policy
nhtsa_crash,metadata_export,manifest_tests,FILESIZE,filesize,$.results[*].VIDEOS[*].FILESIZE,string,text,,,,11,false,true,false,,,2,62235,37679,"[""11033748"", ""11005426"", ""10063174"", ""9993834"", ""10898698""]",documented_exception,raw_preserved_unmapped_schema_backlog_or_raw_only_policy
nhtsa_crash,metadata_export,manifest_tests,ORIG_FILENAME,orig_filename,$.results[*].VIDEOS[*].ORIG_FILENAME,string,text,,,,99,false,true,false,,,2,62235,37679,"[""Camera No. 10 - Right Angle.avi"", ""Camera No. 11 - Windshield.avi"", ""Camera No. 12 - Driver Windshield.avi"", ""Camera No. 13 - Passenger Windshield.avi"", ""Camera No. 14 - Pit Front.avi""]",documented_exception,raw_preserved_unmapped_schema_backlog_or_raw_only_policy
nhtsa_crash,metadata_export,manifest_tests,TSTNO,tstno,$.results[*].VIDEOS[*].TSTNO,integer,integer,,7201,15509,,false,true,false,,,2,62235,37679,"[7201, 7202, 7203, 7204, 7607]",documented_exception,raw_preserved_unmapped_schema_backlog_or_raw_only_policy
nhtsa_crash,metadata_export,manifest_tests,URL,url,$.results[*].VIDEOS[*].URL,string,text,,,,129,false,true,false,,,2,62235,37679,"[""https://nrd-static.nhtsa.dot.gov/videos/vehdb/v00000/v07200/v07201C001.avi"", ""https://nrd-static.nhtsa.dot.gov/videos/vehdb/v00000/v07200/v07201C002.avi"", ""https://nrd-static.nhtsa.dot.gov/videos/vehdb/v00000/v07200/v07201C003.avi"", ""https://nrd-static.nhtsa.dot.gov/videos/vehdb/v00000/v07200/v07201C004.avi"", ""https://nrd-static.nhtsa.dot.gov/videos/vehdb/v00000/v07200/v07201C005.avi""]",documented_exception,raw_preserved_unmapped_schema_backlog_or_raw_only_policy
nhtsa_crash,metadata_export,manifest_tests,VIEWDESC,viewdesc,$.results[*].VIDEOS[*].VIEWDESC,null|string,text,,,,1,true,true,false,,,2,62235,37679,"["" ""]",documented_exception,raw_preserved_unmapped_schema_backlog_or_raw_only_policy
nhtsa_crash,multimedia_files,native_multimedia_listing,error,error,$.meta.error,string,text,,,,,false,true,false,,,7,62265,3891,"[""""]",documented_exception,observed_payload_path_preserved_without_canonical_promotion
nhtsa_crash,multimedia_files,native_multimedia_listing,message,message,$.meta.message,string,text,,,,7,false,true,false,,,7,62265,3891,"[""Success""]",documented_exception,observed_payload_path_preserved_without_canonical_promotion
nhtsa_crash,multimedia_files,native_multimedia_listing,count,count,$.meta.pagination.count,integer,integer,,1,1,,false,true,false,,,7,62265,3891,[1],documented_exception,observed_payload_path_preserved_without_canonical_promotion
nhtsa_crash,multimedia_files,native_multimedia_listing,currentUrl,current_url,$.meta.pagination.currentUrl,string,text,,,,106,false,true,false,,,7,62265,3891,"[""http://nrd.api.nhtsa.dot.gov/nhtsa/vehicle/api/v1/vehicle-database-test-results/get-multimedia-files/7201"", ""http://nrd.api.nhtsa.dot.gov/nhtsa/vehicle/api/v1/vehicle-database-test-results/get-multimedia-files/7202"", ""http://nrd.api.nhtsa.dot.gov/nhtsa/vehicle/api/v1/vehicle-database-test-results/get-multimedia-files/7203"", ""http://nrd.api.nhtsa.dot.gov/nhtsa/vehicle/api/v1/vehicle-database-test-results/get-multimedia-files/7204"", ""http://nrd.api.nhtsa.dot.gov/nhtsa/vehicle/api/v1/vehicle-database-test-results/get-multimedia-files/7607""]",documented_exception,observed_payload_path_preserved_without_canonical_promotion
nhtsa_crash,multimedia_files,native_multimedia_listing,nextUrl,next_url,$.meta.pagination.nextUrl,null,null,,,,,true,true,false,,,7,62265,3891,[],documented_exception,observed_payload_path_preserved_without_canonical_promotion
nhtsa_crash,multimedia_files,native_multimedia_listing,pageNumber,page_number,$.meta.pagination.pageNumber,integer,integer,,0,0,,false,true,false,,,7,62265,3891,[0],documented_exception,observed_payload_path_preserved_without_canonical_promotion
nhtsa_crash,multimedia_files,native_multimedia_listing,previousUrl,previous_url,$.meta.pagination.previousUrl,null,null,,,,,true,true,false,,,7,62265,3891,[],documented_exception,observed_payload_path_preserved_without_canonical_promotion
nhtsa_crash,multimedia_files,native_multimedia_listing,total,total,$.meta.pagination.total,integer,integer,,1,1,,false,true,false,,,7,62265,3891,[1],documented_exception,observed_payload_path_preserved_without_canonical_promotion
nhtsa_crash,multimedia_files,native_multimedia_listing,status,status,$.meta.status,integer,integer,,200,200,,false,true,false,,,7,62265,3891,[200],documented_exception,observed_payload_path_preserved_without_canonical_promotion
nhtsa_crash,multimedia_files,native_multimedia_listing,photos,photos,$.results[*].photos,null,null,,,,,true,true,false,,,317,62265,853,[],documented_exception,raw_preserved_unmapped_schema_backlog_or_raw_only_policy
nhtsa_crash,multimedia_files,native_multimedia_listing,fileName,file_name,$.results[*].photos[*].fileName,string,text,,,,114,false,true,false,,,7,62240,228451,"[""v07201P001.jpg"", ""v07201P002.jpg"", ""v07201P003.jpg"", ""v07201P004.jpg"", ""v07201P005.jpg""]",documented_exception,observed_payload_path_preserved_without_canonical_promotion
nhtsa_crash,multimedia_files,native_multimedia_listing,fileSize,file_size,$.results[*].photos[*].fileSize,string,text,,,,9,false,true,false,,,7,62240,228451,"[""2602455"", ""3431949"", ""1662752"", ""2410894"", ""2376731""]",documented_exception,observed_payload_path_preserved_without_canonical_promotion
nhtsa_crash,multimedia_files,native_multimedia_listing,index,index,$.results[*].photos[*].index,integer,integer,,1,621,,false,true,false,,,7,62240,228451,"[1, 2, 3, 4, 5]",documented_exception,observed_payload_path_preserved_without_canonical_promotion
nhtsa_crash,multimedia_files,native_multimedia_listing,media,media,$.results[*].photos[*].media,string,text,,,,166,false,true,false,,,7,62240,228451,"[""https://nrd-static.nhtsa.dot.gov/photos/vehdb/v00000/v07200/v07201P001.jpg"", ""https://nrd-static.nhtsa.dot.gov/photos/vehdb/v00000/v07200/v07201P002.jpg"", ""https://nrd-static.nhtsa.dot.gov/photos/vehdb/v00000/v07200/v07201P003.jpg"", ""https://nrd-static.nhtsa.dot.gov/photos/vehdb/v00000/v07200/v07201P004.jpg"", ""https://nrd-static.nhtsa.dot.gov/photos/vehdb/v00000/v07200/v07201P005.jpg""]",documented_exception,observed_payload_path_preserved_without_canonical_promotion
nhtsa_crash,multimedia_files,native_multimedia_listing,originalFileName,original_file_name,$.results[*].photos[*].originalFileName,string,text,,,,128,false,true,false,,,7,62240,228451,"[""No. 001 Load Cell Location.jpg"", ""No. 002 Load Cell Wall.jpg"", ""No. 003 Manufacturer Label.jpg"", ""No. 004 Tire Placard.jpg"", ""No. 005 Right Front Three-Quarter View, As Received.jpg""]",documented_exception,observed_payload_path_preserved_without_canonical_promotion
nhtsa_crash,multimedia_files,native_multimedia_listing,thumbnail,thumbnail,$.results[*].photos[*].thumbnail,string,text,,,,166,false,true,false,,,7,62240,228451,"[""https://nrd-static.nhtsa.dot.gov/thumbnails/vehdb/v00000/v07000/v07200/v07200/v07201P001tn.jpg"", ""https://nrd-static.nhtsa.dot.gov/thumbnails/vehdb/v00000/v07000/v07200/v07200/v07201P002tn.jpg"", ""https://nrd-static.nhtsa.dot.gov/thumbnails/vehdb/v00000/v07000/v07200/v07200/v07201P003tn.jpg"", ""https://nrd-static.nhtsa.dot.gov/thumbnails/vehdb/v00000/v07000/v07200/v07200/v07201P004tn.jpg"", ""https://nrd-static.nhtsa.dot.gov/thumbnails/vehdb/v00000/v07000/v07200/v07200/v07201P005tn.jpg""]",documented_exception,observed_payload_path_preserved_without_canonical_promotion
nhtsa_crash,multimedia_files,native_multimedia_listing,reports,reports,$.results[*].reports,null,null,,,,,true,true,false,,,317,62265,656,[],documented_exception,raw_preserved_unmapped_schema_backlog_or_raw_only_policy
nhtsa_crash,multimedia_files,native_multimedia_listing,fileName,file_name,$.results[*].reports[*].fileName,string,text,,,,70,false,true,false,,,7,62098,4474,"[""v07201R002.pdf"", ""v07201R001.pdf"", ""v07202R002.pdf"", ""v07202R001.pdf"", ""v07203R002.pdf""]",documented_exception,observed_payload_path_preserved_without_canonical_promotion
nhtsa_crash,multimedia_files,native_multimedia_listing,fileSize,file_size,$.results[*].reports[*].fileSize,string,text,,,,9,false,true,false,,,7,62098,4474,"[""369576"", ""10028603"", ""365456"", ""9549208"", ""362143""]",documented_exception,observed_payload_path_preserved_without_canonical_promotion
nhtsa_crash,multimedia_files,native_multimedia_listing,index,index,$.results[*].reports[*].index,integer,integer,,1,13,,false,true,false,,,7,62098,4474,"[2, 1, 3, 5, 4]",documented_exception,observed_payload_path_preserved_without_canonical_promotion
nhtsa_crash,multimedia_files,native_multimedia_listing,media,media,$.results[*].reports[*].media,string,text,,,,123,false,true,false,,,7,62098,4474,"[""https://nrd-static.nhtsa.dot.gov/reports/vehdb/v00000/v07200/v07201R002.pdf"", ""https://nrd-static.nhtsa.dot.gov/reports/vehdb/v00000/v07200/v07201R001.pdf"", ""https://nrd-static.nhtsa.dot.gov/reports/vehdb/v00000/v07200/v07202R002.pdf"", ""https://nrd-static.nhtsa.dot.gov/reports/vehdb/v00000/v07200/v07202R001.pdf"", ""https://nrd-static.nhtsa.dot.gov/reports/vehdb/v00000/v07200/v07203R002.pdf""]",documented_exception,observed_payload_path_preserved_without_canonical_promotion
nhtsa_crash,multimedia_files,native_multimedia_listing,originalFileName,original_file_name,$.results[*].reports[*].originalFileName,string,text,,,,95,false,true,false,,,7,62098,4474,"[""(7201) 11 Kia Forte (Read as 13).pdf"", ""MB0511 2011 Kia Forte LX 4-Dr Sedan NCAP Final Report.pdf"", ""(7202) 11 Kia Forte (Read as 13).pdf"", ""MB0509 2011 Kia Forte LX 4-Dr Sedan SPNCAP Final Report.pdf"", ""(7203) 11 Hyundai Sonata (Read as 13).pdf""]",documented_exception,observed_payload_path_preserved_without_canonical_promotion
nhtsa_crash,multimedia_files,native_multimedia_listing,videos,videos,$.results[*].videos,null,null,,,,,true,true,false,,,317,62265,621,[],documented_exception,raw_preserved_unmapped_schema_backlog_or_raw_only_policy
nhtsa_crash,multimedia_files,native_multimedia_listing,fileName,file_name,$.results[*].videos[*].fileName,string,text,,,,77,false,true,false,,,7,62240,37679,"[""v07201C001.avi"", ""v07201C002.avi"", ""v07201C003.avi"", ""v07201C004.avi"", ""v07201C005.avi""]",documented_exception,observed_payload_path_preserved_without_canonical_promotion
nhtsa_crash,multimedia_files,native_multimedia_listing,fileSize,file_size,$.results[*].videos[*].fileSize,string,text,,,,11,false,true,false,,,7,62240,37679,"[""11033748"", ""11005426"", ""10063174"", ""9993834"", ""10898698""]",documented_exception,observed_payload_path_preserved_without_canonical_promotion
nhtsa_crash,multimedia_files,native_multimedia_listing,index,index,$.results[*].videos[*].index,integer,integer,,1,102,,false,true,false,,,7,62240,37679,"[1, 2, 3, 4, 5]",documented_exception,observed_payload_path_preserved_without_canonical_promotion
nhtsa_crash,multimedia_files,native_multimedia_listing,media,media,$.results[*].videos[*].media,string,text,,,,129,false,true,false,,,7,62240,37679,"[""https://nrd-static.nhtsa.dot.gov/videos/vehdb/v00000/v07200/v07201C001.avi"", ""https://nrd-static.nhtsa.dot.gov/videos/vehdb/v00000/v07200/v07201C002.avi"", ""https://nrd-static.nhtsa.dot.gov/videos/vehdb/v00000/v07200/v07201C003.avi"", ""https://nrd-static.nhtsa.dot.gov/videos/vehdb/v00000/v07200/v07201C004.avi"", ""https://nrd-static.nhtsa.dot.gov/videos/vehdb/v00000/v07200/v07201C005.avi""]",documented_exception,observed_payload_path_preserved_without_canonical_promotion
nhtsa_crash,multimedia_files,native_multimedia_listing,originalFileName,original_file_name,$.results[*].videos[*].originalFileName,string,text,,,,99,false,true,false,,,7,62240,37679,"[""Camera No. 10 - Right Angle.avi"", ""Camera No. 11 - Windshield.avi"", ""Camera No. 12 - Driver Windshield.avi"", ""Camera No. 13 - Passenger Windshield.avi"", ""Camera No. 14 - Pit Front.avi""]",documented_exception,observed_payload_path_preserved_without_canonical_promotion
nhtsa_crash,multimedia_files,native_multimedia_listing,viewDescription,view_description,$.results[*].videos[*].viewDescription,null|string,text,,,,1,true,true,false,,,7,62240,37679,"["" ""]",documented_exception,observed_payload_path_preserved_without_canonical_promotion
nhtsa_crash,occupant_info,occupants,error,error,$.meta.error,string,text,,,,19,false,true,false,,,6,62264,3891,"["""", ""No Matching Results""]",documented_exception,observed_payload_path_preserved_without_canonical_promotion
nhtsa_crash,occupant_info,occupants,message,message,$.meta.message,string,text,,,,76,false,true,false,,,6,62264,3891,"[""Success"", ""No Data Found for the Search Request, please check your params and try again""]",documented_exception,observed_payload_path_preserved_without_canonical_promotion
nhtsa_crash,occupant_info,occupants,count,count,$.meta.pagination.count,integer,integer,,0,4,,false,true,false,,,6,62264,3891,"[2, 1, 0, 4, 3]",documented_exception,observed_payload_path_preserved_without_canonical_promotion
nhtsa_crash,occupant_info,occupants,currentUrl,current_url,$.meta.pagination.currentUrl,null|string,text,,,,103,true,true,false,,,6,62264,3891,"[""http://nrd.api.nhtsa.dot.gov/nhtsa/vehicle/api/v1/vehicle-database-test-results/get-occupant-info/7201"", ""http://nrd.api.nhtsa.dot.gov/nhtsa/vehicle/api/v1/vehicle-database-test-results/get-occupant-info/7202"", ""http://nrd.api.nhtsa.dot.gov/nhtsa/vehicle/api/v1/vehicle-database-test-results/get-occupant-info/7203"", ""http://nrd.api.nhtsa.dot.gov/nhtsa/vehicle/api/v1/vehicle-database-test-results/get-occupant-info/7204"", ""http://nrd.api.nhtsa.dot.gov/nhtsa/vehicle/api/v1/vehicle-database-test-results/get-occupant-info/7607""]",documented_exception,observed_payload_path_preserved_without_canonical_promotion
nhtsa_crash,occupant_info,occupants,nextUrl,next_url,$.meta.pagination.nextUrl,null,null,,,,,true,true,false,,,6,62264,3891,[],documented_exception,observed_payload_path_preserved_without_canonical_promotion
nhtsa_crash,occupant_info,occupants,pageNumber,page_number,$.meta.pagination.pageNumber,integer,integer,,0,0,,false,true,false,,,6,62264,3891,[0],documented_exception,observed_payload_path_preserved_without_canonical_promotion
nhtsa_crash,occupant_info,occupants,previousUrl,previous_url,$.meta.pagination.previousUrl,null,null,,,,,true,true,false,,,6,62264,3891,[],documented_exception,observed_payload_path_preserved_without_canonical_promotion
nhtsa_crash,occupant_info,occupants,total,total,$.meta.pagination.total,integer,integer,,0,4,,false,true,false,,,6,62264,3891,"[2, 1, 0, 4, 3]",documented_exception,observed_payload_path_preserved_without_canonical_promotion
nhtsa_crash,occupant_info,occupants,status,status,$.meta.status,integer,integer,,200,200,,false,true,false,,,6,62264,3891,[200],documented_exception,observed_payload_path_preserved_without_canonical_promotion
nhtsa_crash,occupant_info,occupants,results,results,$.results,null,null,,,,,true,true,false,,,316,57735,222,[],documented_exception,observed_payload_path_preserved_without_canonical_promotion
nhtsa_crash,occupant_info,occupants,chestSeverityIndex,chest_severity_index,$.results[*].chestSeverityIndex,null|string,text,,,,4,true,true,false,,,6,62264,5618,"[""0"", ""374"", ""264"", ""279"", ""122""]",documented_exception,raw_preserved_unmapped_schema_backlog_or_raw_only_policy
nhtsa_crash,occupant_info,occupants,dummySizePercentile,dummy_size_percentile,$.results[*].dummySizePercentile,null|string,text,,,,19,true,true,false,,,6,62264,5618,"[""50 PERCENTILE"", ""5 PERCENTILE"", ""6 YEAR OLD CHILD"", ""3 YEAR OLD CHILD"", ""12 MONTH OLD CHILD""]",documented_exception,raw_preserved_unmapped_schema_backlog_or_raw_only_policy
nhtsa_crash,occupant_info,occupants,headInjuryCriterion,head_injury_criterion,$.results[*].headInjuryCriterion,null|string,text,,,,5,true,true,false,,,6,62264,5618,"[""249"", ""371"", ""290"", ""173"", ""183""]",documented_exception,raw_preserved_unmapped_schema_backlog_or_raw_only_policy
nhtsa_crash,occupant_info,occupants,lapBeltPeakLoadMeasurement,lap_belt_peak_load_measurement,$.results[*].lapBeltPeakLoadMeasurement,null|string,text,source_units,,,8,true,true,false,,,6,62264,5618,"[""7854"", ""5910"", ""0"", ""7691"", ""5669""]",documented_exception,raw_preserved_unmapped_schema_backlog_or_raw_only_policy
nhtsa_crash,occupant_info,occupants,leftFemurPeakLoadMeasure,left_femur_peak_load_measure,$.results[*].leftFemurPeakLoadMeasure,null|string,text,source_units,,,6,true,true,false,,,6,62264,5618,"[""-1304"", ""-2858"", ""0"", ""-305"", ""-559""]",documented_exception,raw_preserved_unmapped_schema_backlog_or_raw_only_policy
nhtsa_crash,occupant_info,occupants,lowerBoundaryofHICTimeInterval,lower_boundaryof_hictime_interval,$.results[*].lowerBoundaryofHICTimeInterval,null|string,text,,,,7,true,true,false,,,6,62264,5618,"[""64.40"", ""66.10"", ""52.50"", ""76.70"", ""69.70""]",documented_exception,raw_preserved_unmapped_schema_backlog_or_raw_only_policy
nhtsa_crash,occupant_info,occupants,millisecCliptDoraxRegionPeakAcceleration,millisec_clipt_dorax_region_peak_acceleration,$.results[*].millisecCliptDoraxRegionPeakAcceleration,null|string,text,,,,6,true,true,false,,,6,62264,5618,"[""44.00"", ""0.00"", ""38.00"", ""37.00"", ""41.00""]",documented_exception,raw_preserved_unmapped_schema_backlog_or_raw_only_policy
nhtsa_crash,occupant_info,occupants,occupantLocation,occupant_location,$.results[*].occupantLocation,string,text,,,,16,false,true,true,occupant_location,code_values_v1_5,6,62264,5618,"[""LEFT FRONT SEAT"", ""RIGHT FRONT SEAT"", ""LEFT REAR SEAT"", ""RIGHT REAR SEAT"", ""NOT APPLICABLE""]",code_linked,
nhtsa_crash,occupant_info,occupants,occupantSex,occupant_sex,$.results[*].occupantSex,null|string,text,,,,1,true,true,false,,,6,62264,5618,"[""M"", ""F"", ""N"", ""U"", """"]",documented_exception,raw_preserved_unmapped_schema_backlog_or_raw_only_policy
nhtsa_crash,occupant_info,occupants,occupantType,occupant_type,$.results[*].occupantType,string,text,,,,43,false,true,true,occupant_type,code_values_v1_5,6,62264,5618,"[""HYBRID III DUMMY"", ""SID-IIS SIDE IMPACT DUMMY"", ""EUROSID 2 (ES-2RE) SIDE IMPACT DUMMY"", ""THOR DUMMY"", ""HYBRID III DUMMY WITH THOR LX LEGS""]",code_linked,
nhtsa_crash,occupant_info,occupants,restraintInformation,restraint_information,$.results[*].restraintInformation,string,text,,,,124,false,true,false,,,6,62264,5618,"[""https://nrd.api.nhtsa.dot.gov/nhtsa/vehicle/api/v1/vehicle-database-test-results/get-restraint-info/1/7201/LEFT FRONT SEAT"", ""https://nrd.api.nhtsa.dot.gov/nhtsa/vehicle/api/v1/vehicle-database-test-results/get-restraint-info/1/7201/RIGHT FRONT SEAT"", ""https://nrd.api.nhtsa.dot.gov/nhtsa/vehicle/api/v1/vehicle-database-test-results/get-restraint-info/1/7202/LEFT FRONT SEAT"", ""https://nrd.api.nhtsa.dot.gov/nhtsa/vehicle/api/v1/vehicle-database-test-results/get-restraint-info/1/7203/LEFT FRONT SEAT"", ""https://nrd.api.nhtsa.dot.gov/nhtsa/vehicle/api/v1/vehicle-database-test-results/get-restraint-info/1/7203/RIGHT FRONT SEAT""]",documented_exception,raw_preserved_unmapped_schema_backlog_or_raw_only_policy
nhtsa_crash,occupant_info,occupants,rightFemurPeakLoadMeasure,right_femur_peak_load_measure,$.results[*].rightFemurPeakLoadMeasure,null|string,text,source_units,,,6,true,true,false,,,6,62264,5618,"[""-2534"", ""-251"", ""0"", ""-3376"", ""-244""]",documented_exception,raw_preserved_unmapped_schema_backlog_or_raw_only_policy
nhtsa_crash,occupant_info,occupants,shoulderBeltPeakLoadMeasurement,shoulder_belt_peak_load_measurement,$.results[*].shoulderBeltPeakLoadMeasurement,null|string,text,source_units,,,8,true,true,false,,,6,62264,5618,"[""4417"", ""0"", ""4295"", ""4893"", ""4010""]",documented_exception,raw_preserved_unmapped_schema_backlog_or_raw_only_policy
nhtsa_crash,occupant_info,occupants,testNo,test_no,$.results[*].testNo,integer,integer,,7201,15513,,false,true,false,,,6,62264,5618,"[7201, 7202, 7203, 7204, 7607]",documented_exception,raw_preserved_unmapped_schema_backlog_or_raw_only_policy
nhtsa_crash,occupant_info,occupants,upperBoundaryofHICTimeInterval,upper_boundaryof_hictime_interval,$.results[*].upperBoundaryofHICTimeInterval,null|string,text,,,,7,true,true,false,,,6,62264,5618,"[""79.40"", ""81.10"", ""74.80"", ""91.70"", ""84.70""]",documented_exception,raw_preserved_unmapped_schema_backlog_or_raw_only_policy
nhtsa_crash,occupant_info,occupants,vehicleNo,vehicle_no,$.results[*].vehicleNo,integer,integer,,1,2,,false,true,false,,,6,62264,5618,"[1, 2]",mapped,
nhtsa_crash,restraint_info,restraints,error,error,$.meta.error,string,text,,,,19,false,true,false,,,9,62268,5618,"["""", ""No Matching Results""]",documented_exception,observed_payload_path_preserved_without_canonical_promotion
nhtsa_crash,restraint_info,restraints,message,message,$.meta.message,string,text,,,,76,false,true,false,,,9,62268,5618,"[""Success"", ""No Data Found for the Search Request, please check your params and try again""]",documented_exception,observed_payload_path_preserved_without_canonical_promotion
nhtsa_crash,restraint_info,restraints,count,count,$.meta.pagination.count,integer,integer,,0,6,,false,true,false,,,9,62268,5618,"[2, 3, 5, 4, 1]",documented_exception,observed_payload_path_preserved_without_canonical_promotion
nhtsa_crash,restraint_info,restraints,currentUrl,current_url,$.meta.pagination.currentUrl,null|string,text,,,,127,true,true,false,,,9,62268,5618,"[""http://nrd.api.nhtsa.dot.gov/nhtsa/vehicle/api/v1/vehicle-database-test-results/get-restraint-info/1/7201/LEFT%20FRONT%20SEAT"", ""http://nrd.api.nhtsa.dot.gov/nhtsa/vehicle/api/v1/vehicle-database-test-results/get-restraint-info/1/7201/RIGHT%20FRONT%20SEAT"", ""http://nrd.api.nhtsa.dot.gov/nhtsa/vehicle/api/v1/vehicle-database-test-results/get-restraint-info/1/7202/LEFT%20FRONT%20SEAT"", ""http://nrd.api.nhtsa.dot.gov/nhtsa/vehicle/api/v1/vehicle-database-test-results/get-restraint-info/1/7203/LEFT%20FRONT%20SEAT"", ""http://nrd.api.nhtsa.dot.gov/nhtsa/vehicle/api/v1/vehicle-database-test-results/get-restraint-info/1/7203/RIGHT%20FRONT%20SEAT""]",documented_exception,observed_payload_path_preserved_without_canonical_promotion
nhtsa_crash,restraint_info,restraints,nextUrl,next_url,$.meta.pagination.nextUrl,null,null,,,,,true,true,false,,,9,62268,5618,[],documented_exception,observed_payload_path_preserved_without_canonical_promotion
nhtsa_crash,restraint_info,restraints,pageNumber,page_number,$.meta.pagination.pageNumber,integer,integer,,0,0,,false,true,false,,,9,62268,5618,[0],documented_exception,observed_payload_path_preserved_without_canonical_promotion
nhtsa_crash,restraint_info,restraints,previousUrl,previous_url,$.meta.pagination.previousUrl,null,null,,,,,true,true,false,,,9,62268,5618,[],documented_exception,observed_payload_path_preserved_without_canonical_promotion
nhtsa_crash,restraint_info,restraints,total,total,$.meta.pagination.total,integer,integer,,0,6,,false,true,false,,,9,62268,5618,"[2, 3, 5, 4, 1]",documented_exception,observed_payload_path_preserved_without_canonical_promotion
nhtsa_crash,restraint_info,restraints,status,status,$.meta.status,integer,integer,,200,200,,false,true,false,,,9,62268,5618,[200],documented_exception,observed_payload_path_preserved_without_canonical_promotion
nhtsa_crash,restraint_info,restraints,results,results,$.results,null,null,,,,,true,true,false,,,26527,53590,262,[],documented_exception,observed_payload_path_preserved_without_canonical_promotion
nhtsa_crash,restraint_info,restraints,inflationer/BeltPretensionerDeployment,inflationer_belt_pretensioner_deployment,$.results[*].inflationer/BeltPretensionerDeployment,null|string,text,,,,21,true,true,true,restraint_deployment,code_values_v1_5,9,62268,12526,"[""DEPLOYED PROPERLY"", ""NOT APPLICABLE"", ""NOT DEPLOYED"", ""UNKNOWN"", ""NOT DEPLOYED PROPERLY""]",code_linked,
nhtsa_crash,restraint_info,restraints,restraintCommentary,restraint_commentary,$.results[*].restraintCommentary,null|string,text,,,,69,true,true,false,,,9,62268,12526,"[""PRIMARY"", ""SECONDARY"", ""CURTAIN AIRBAG"", ""TORSO/PELVIS AIRBAG"", ""SEAT BELT""]",documented_exception,raw_preserved_unmapped_schema_backlog_or_raw_only_policy
nhtsa_crash,restraint_info,restraints,restraintMount,restraint_mount,$.results[*].restraintMount,null|string,text,,,,44,true,true,false,,,9,62268,12526,"[""BELT - CONVENTIONAL MOUNT"", ""STEERING WHEEL"", ""DASH PANEL - TOP"", ""HEADER - SIDE"", ""SEAT BACK""]",documented_exception,raw_preserved_unmapped_schema_backlog_or_raw_only_policy
nhtsa_crash,restraint_info,restraints,restraintType,restraint_type,$.results[*].restraintType,null|string,text,,,,43,true,true,true,restraint_type,code_values_v1_5,9,62268,12526,"[""3 POINT BELT"", ""FRONTAL AIRBAG"", ""CURTAIN AIRBAG"", ""TORSO/PELVIS AIRBAG"", ""TORSO AIRBAG""]",code_linked,
nhtsa_crash,restraint_info,restraints,testNo,test_no,$.results[*].testNo,integer,integer,,7201,15513,,false,true,false,,,9,62268,12526,"[7201, 7202, 7203, 7204, 7607]",documented_exception,raw_preserved_unmapped_schema_backlog_or_raw_only_policy
nhtsa_crash,restraint_info,restraints,vehicleNo,vehicle_no,$.results[*].vehicleNo,integer,integer,,1,2,,false,true,false,,,9,62268,12526,"[1, 2]",mapped,
nhtsa_crash,test_detail,native_test_detail,error,error,$.meta.error,string,text,,,,,false,true,false,,,3,62261,3891,"[""""]",documented_exception,observed_payload_path_preserved_without_canonical_promotion
nhtsa_crash,test_detail,native_test_detail,message,message,$.meta.message,string,text,,,,7,false,true,false,,,3,62261,3891,"[""Success""]",documented_exception,observed_payload_path_preserved_without_canonical_promotion
nhtsa_crash,test_detail,native_test_detail,count,count,$.meta.pagination.count,integer,integer,,1,1,,false,true,false,,,3,62261,3891,[1],documented_exception,observed_payload_path_preserved_without_canonical_promotion
nhtsa_crash,test_detail,native_test_detail,currentUrl,current_url,$.meta.pagination.currentUrl,string,text,,,,101,false,true,false,,,3,62261,3891,"[""http://nrd.api.nhtsa.dot.gov/nhtsa/vehicle/api/v1/vehicle-database-test-results/get-test-detail/7201"", ""http://nrd.api.nhtsa.dot.gov/nhtsa/vehicle/api/v1/vehicle-database-test-results/get-test-detail/7202"", ""http://nrd.api.nhtsa.dot.gov/nhtsa/vehicle/api/v1/vehicle-database-test-results/get-test-detail/7203"", ""http://nrd.api.nhtsa.dot.gov/nhtsa/vehicle/api/v1/vehicle-database-test-results/get-test-detail/7204"", ""http://nrd.api.nhtsa.dot.gov/nhtsa/vehicle/api/v1/vehicle-database-test-results/get-test-detail/7607""]",documented_exception,observed_payload_path_preserved_without_canonical_promotion
nhtsa_crash,test_detail,native_test_detail,nextUrl,next_url,$.meta.pagination.nextUrl,null,null,,,,,true,true,false,,,3,62261,3891,[],documented_exception,observed_payload_path_preserved_without_canonical_promotion
nhtsa_crash,test_detail,native_test_detail,pageNumber,page_number,$.meta.pagination.pageNumber,integer,integer,,0,0,,false,true,false,,,3,62261,3891,[0],documented_exception,observed_payload_path_preserved_without_canonical_promotion
nhtsa_crash,test_detail,native_test_detail,previousUrl,previous_url,$.meta.pagination.previousUrl,null,null,,,,,true,true,false,,,3,62261,3891,[],documented_exception,observed_payload_path_preserved_without_canonical_promotion
nhtsa_crash,test_detail,native_test_detail,total,total,$.meta.pagination.total,integer,integer,,1,1,,false,true,false,,,3,62261,3891,[1],documented_exception,observed_payload_path_preserved_without_canonical_promotion
nhtsa_crash,test_detail,native_test_detail,status,status,$.meta.status,integer,integer,,200,200,,false,true,false,,,3,62261,3891,[200],documented_exception,observed_payload_path_preserved_without_canonical_promotion
nhtsa_crash,test_detail,native_test_detail,ambientTemperature,ambient_temperature,$.results[*].ambientTemperature,null|string,text,,,,5,true,true,false,,,3,62261,3891,"[""21"", ""9"", ""22"", ""13"", ""6""]",documented_exception,raw_preserved_unmapped_schema_backlog_or_raw_only_policy
nhtsa_crash,test_detail,native_test_detail,closingSpeed,closing_speed,$.results[*].closingSpeed,null|number,numeric,km/h_or_source_units,0,113,,true,true,false,,,3,62261,3891,"[56.3, 32.3, 56.5, 61.8, 62.02]",documented_exception,raw_preserved_unmapped_schema_backlog_or_raw_only_policy
nhtsa_crash,test_detail,native_test_detail,contractNo,contract_no,$.results[*].contractNo,null|string,text,,,,18,true,true,false,,,3,62261,3891,"[""DTNH22-06-D-00028"", ""DTNH22-09-D-00124"", ""DTNH22-D-09-00123"", ""DTNH22-09-D-00126"", "" ""]",documented_exception,raw_preserved_unmapped_schema_backlog_or_raw_only_policy
nhtsa_crash,test_detail,native_test_detail,contractorStudyTitle,contractor_study_title,$.results[*].contractorStudyTitle,string,text,,,,79,false,true,false,,,3,62261,3891,"[""NCAP - 2011 KIA FORTE LX 4-DR SEDAN"", ""NCAP SIDE POLE - 2011 KIA FORTE LX 4-DR SEDAN"", ""NCAP - 2011 HYUNDAI SONATA GLS 4-DR SEDAN"", ""SIDE NCAP 2011 KIA FORTE 4-DOOR SEDAN"", ""NEW CAR ASSESSMENT PROGRAM SIDE IMPACT TEST""]",documented_exception,raw_preserved_unmapped_schema_backlog_or_raw_only_policy
nhtsa_crash,test_detail,native_test_detail,impactAngle,impact_angle,$.results[*].impactAngle,null|string,text,degrees,,,3,true,true,false,,,3,62261,3891,"[""0"", ""270"", ""345"", ""353"", ""30""]",documented_exception,raw_preserved_unmapped_schema_backlog_or_raw_only_policy
nhtsa_crash,test_detail,native_test_detail,isTestPublishedViaPortal,is_test_published_via_portal,$.results[*].isTestPublishedViaPortal,boolean|null,boolean,,,,,true,true,false,,,3,62261,3891,[true],documented_exception,raw_preserved_unmapped_schema_backlog_or_raw_only_policy
nhtsa_crash,test_detail,native_test_detail,offsetDistance,offset_distance,$.results[*].offsetDistance,null|string,text,mm_or_source_units,,,4,true,true,false,,,3,62261,3891,"[""0"", ""325"", ""342"", ""359"", ""340""]",documented_exception,raw_preserved_unmapped_schema_backlog_or_raw_only_policy
nhtsa_crash,test_detail,native_test_detail,testCommentary,test_commentary,$.results[*].testCommentary,null|string,text,,,,78,true,true,false,,,3,62261,3891,"[""TDS TDAS PRO ON BOARD DAS"", ""DTS TDAS PRO ON BOARD DAS"", ""CV03002561 - MC0510 KIA SPORTAGE SINCAP (TEST 22)"", ""NCAP SIDE IMPACT - 2011 TOYOTA CAMRY YB5100"", ""MB0218 2011 FORD RANGER SUPERCAB""]",documented_exception,raw_preserved_unmapped_schema_backlog_or_raw_only_policy
nhtsa_crash,test_detail,native_test_detail,testConfiguration,test_configuration,$.results[*].testConfiguration,null|string,text,,,,42,true,true,false,,,3,62261,3891,"[""VEHICLE INTO BARRIER"", ""VEHICLE INTO POLE"", ""IMPACTOR INTO VEHICLE"", ""FORWARD COLLISION WARNING PERFORMANCE TEST"", ""LANE DEPARTURE WARNING PERFORMANCE TEST""]",documented_exception,raw_preserved_unmapped_schema_backlog_or_raw_only_policy
nhtsa_crash,test_detail,native_test_detail,testDate,test_date,$.results[*].testDate,string,text,,,,19,false,true,false,,,3,62261,3891,"[""2011-01-03 00:00:00"", ""2011-01-04 00:00:00"", ""2011-01-05 00:00:00"", ""2011-01-06 00:00:00"", ""2011-01-07 00:00:00""]",documented_exception,raw_preserved_unmapped_schema_backlog_or_raw_only_policy
nhtsa_crash,test_detail,native_test_detail,testNo,test_no,$.results[*].testNo,integer,integer,,7201,15513,,false,true,false,,,3,62261,3891,"[7201, 7202, 7203, 7204, 7607]",documented_exception,raw_preserved_unmapped_schema_backlog_or_raw_only_policy
nhtsa_crash,test_detail,native_test_detail,testObjectives,test_objectives,$.results[*].testObjectives,null|string,text,,,,70,true,true,false,,,3,62261,3891,"[""VEHICLE CRASHWORTHINESS AND OCCUPANT RESTRAINT PERFORMANCE DATA"", ""VEHICLE CRASHWORTHINESS AND OCCUPANT RESTRAINT PERFORMANCE"", ""TO GENERATE COMPARATIVE SIDE IMPACT PERFORMANCE INFORMATION"", ""TO OBTAIN VEHICLE CRASHWORTHINESS AND OCCUPANT RESTRAINT INFORMATION"", ""OBTAIN ATD AND VEHICLE DATA""]",documented_exception,raw_preserved_unmapped_schema_backlog_or_raw_only_policy
nhtsa_crash,test_detail,native_test_detail,testPerformer,test_performer,$.results[*].testPerformer,string,text,,,,39,false,true,false,,,3,62261,3891,"[""MGA RESEARCH"", ""MEDICAL COLLEGE OF WISCONSIN"", ""CALSPAN"", ""KARCO ENGINEERING"", ""DYNAMIC RESEARCH,INC""]",documented_exception,raw_preserved_unmapped_schema_backlog_or_raw_only_policy
nhtsa_crash,test_detail,native_test_detail,testReferenceNo,test_reference_no,$.results[*].testReferenceNo,null|string,text,,,,16,true,true,false,,,3,62261,3891,"[""BT11010301"", ""BT11010401"", ""BT11010501"", ""11SN04"", ""CV03002561""]",documented_exception,raw_preserved_unmapped_schema_backlog_or_raw_only_policy
nhtsa_crash,test_detail,native_test_detail,testTrackCondition,test_track_condition,$.results[*].testTrackCondition,null|string,text,,,,3,true,true,false,,,3,62261,3891,"[""DRY"", ""SNO"", ""WET"", ""OTH"", ""UNK""]",documented_exception,raw_preserved_unmapped_schema_backlog_or_raw_only_policy
nhtsa_crash,test_detail,native_test_detail,testTrackSurface,test_track_surface,$.results[*].testTrackSurface,null|string,text,,,,8,true,true,false,,,3,62261,3891,"[""CONCRETE"", ""ASPHALT"", ""OTHER"", ""UNKNOWN""]",documented_exception,raw_preserved_unmapped_schema_backlog_or_raw_only_policy
nhtsa_crash,test_detail,native_test_detail,testType,test_type,$.results[*].testType,string,text,,,,64,false,true,false,,,3,62261,3891,"[""NEW CAR ASSESSMENT TEST"", ""OPTIONAL NEW CAR ASSESSMENT TEST"", ""EXPERIMENTAL NEW CAR ASSESSMENT TEST"", ""RMDB INTO FRONT 15 DEGREE STATIONARY VEHICLE, OVERLAP=35 PERCENT"", ""RMDB INTO FRONT 7 DEGREE STATIONARY VEHICLE, OVERLAP=20 PERCENT""]",documented_exception,raw_preserved_unmapped_schema_backlog_or_raw_only_policy
nhtsa_crash,test_detail,native_test_detail,totalNoofCurves,total_noof_curves,$.results[*].totalNoofCurves,null|string,text,,,,3,true,true,false,,,3,62261,3891,"[""227"", ""50"", ""70"", ""63"", ""71""]",documented_exception,raw_preserved_unmapped_schema_backlog_or_raw_only_policy
nhtsa_crash,test_detail,native_test_detail,typeofRecorder,typeof_recorder,$.results[*].typeofRecorder,null|string,text,,,,24,true,true,false,,,3,62261,3891,"[""OTHER"", ""DIGITAL DATA ACQUISITION"", ""UNKNOWN""]",documented_exception,raw_preserved_unmapped_schema_backlog_or_raw_only_policy
nhtsa_crash,test_detail,native_test_detail,versionNo,version_no,$.results[*].versionNo,string,text,,,,2,false,true,false,,,3,62261,3891,"[""V5"", ""V2""]",documented_exception,raw_preserved_unmapped_schema_backlog_or_raw_only_policy
nhtsa_crash,test_summary,manifest_tests,error,error,$.meta.error,string,text,,,,,false,true,false,,,1,62259,3891,"[""""]",documented_exception,observed_payload_path_preserved_without_canonical_promotion
nhtsa_crash,test_summary,manifest_tests,message,message,$.meta.message,string,text,,,,7,false,true,false,,,1,62259,3891,"[""Success""]",documented_exception,observed_payload_path_preserved_without_canonical_promotion
nhtsa_crash,test_summary,manifest_tests,count,count,$.meta.pagination.count,integer,integer,,1,1,,false,true,false,,,1,62259,3891,[1],documented_exception,observed_payload_path_preserved_without_canonical_promotion
nhtsa_crash,test_summary,manifest_tests,currentUrl,current_url,$.meta.pagination.currentUrl,string,text,,,,93,false,true,false,,,1,62259,3891,"[""http://nrd.api.nhtsa.dot.gov/nhtsa/vehicle/api/v1/vehicle-database-test-results/test-no/7201"", ""http://nrd.api.nhtsa.dot.gov/nhtsa/vehicle/api/v1/vehicle-database-test-results/test-no/7202"", ""http://nrd.api.nhtsa.dot.gov/nhtsa/vehicle/api/v1/vehicle-database-test-results/test-no/7203"", ""http://nrd.api.nhtsa.dot.gov/nhtsa/vehicle/api/v1/vehicle-database-test-results/test-no/7204"", ""http://nrd.api.nhtsa.dot.gov/nhtsa/vehicle/api/v1/vehicle-database-test-results/test-no/7607""]",documented_exception,observed_payload_path_preserved_without_canonical_promotion
nhtsa_crash,test_summary,manifest_tests,nextUrl,next_url,$.meta.pagination.nextUrl,null,null,,,,,true,true,false,,,1,62259,3891,[],documented_exception,observed_payload_path_preserved_without_canonical_promotion
nhtsa_crash,test_summary,manifest_tests,pageNumber,page_number,$.meta.pagination.pageNumber,integer,integer,,0,0,,false,true,false,,,1,62259,3891,[0],documented_exception,observed_payload_path_preserved_without_canonical_promotion
nhtsa_crash,test_summary,manifest_tests,previousUrl,previous_url,$.meta.pagination.previousUrl,null,null,,,,,true,true,false,,,1,62259,3891,[],documented_exception,observed_payload_path_preserved_without_canonical_promotion
nhtsa_crash,test_summary,manifest_tests,total,total,$.meta.pagination.total,integer,integer,,1,1,,false,true,false,,,1,62259,3891,[1],documented_exception,observed_payload_path_preserved_without_canonical_promotion
nhtsa_crash,test_summary,manifest_tests,status,status,$.meta.status,integer,integer,,200,200,,false,true,false,,,1,62259,3891,[200],documented_exception,observed_payload_path_preserved_without_canonical_promotion
nhtsa_crash,test_summary,manifest_tests,barrierInformation,barrier_information,$.results[*].barrierInformation,string,text,,,,103,false,true,false,,,1,62259,3891,"[""https://nrd.api.nhtsa.dot.gov/nhtsa/vehicle/api/v1/vehicle-database-test-results/get-vehicle-info/7201"", ""https://nrd.api.nhtsa.dot.gov/nhtsa/vehicle/api/v1/vehicle-database-test-results/get-vehicle-info/7202"", ""https://nrd.api.nhtsa.dot.gov/nhtsa/vehicle/api/v1/vehicle-database-test-results/get-vehicle-info/7203"", ""https://nrd.api.nhtsa.dot.gov/nhtsa/vehicle/api/v1/vehicle-database-test-results/get-vehicle-info/7204"", ""https://nrd.api.nhtsa.dot.gov/nhtsa/vehicle/api/v1/vehicle-database-test-results/get-vehicle-info/7607""]",documented_exception,raw_preserved_unmapped_schema_backlog_or_raw_only_policy
nhtsa_crash,test_summary,manifest_tests,closingSpeed,closing_speed,$.results[*].closingSpeed,null|number,numeric,km/h_or_source_units,0,113,,true,true,false,,,1,62259,3891,"[56.3, 32.3, 56.5, 61.8, 62.02]",documented_exception,raw_preserved_unmapped_schema_backlog_or_raw_only_policy
nhtsa_crash,test_summary,manifest_tests,contractorStudyTitle,contractor_study_title,$.results[*].contractorStudyTitle,string,text,,,,79,false,true,false,,,1,62259,3891,"[""NCAP - 2011 KIA FORTE LX 4-DR SEDAN"", ""NCAP SIDE POLE - 2011 KIA FORTE LX 4-DR SEDAN"", ""NCAP - 2011 HYUNDAI SONATA GLS 4-DR SEDAN"", ""SIDE NCAP 2011 KIA FORTE 4-DOOR SEDAN"", ""NEW CAR ASSESSMENT PROGRAM SIDE IMPACT TEST""]",documented_exception,raw_preserved_unmapped_schema_backlog_or_raw_only_policy
nhtsa_crash,test_summary,manifest_tests,documentInformation,document_information,$.results[*].documentInformation,string,text,,,,82,false,true,false,,,1,62259,3891,"[""https://nrd.api.nhtsa.dot.gov/nhtsa/vehicle/api/v1/vehicle-documents/test-no/7201"", ""https://nrd.api.nhtsa.dot.gov/nhtsa/vehicle/api/v1/vehicle-documents/test-no/7202"", ""https://nrd.api.nhtsa.dot.gov/nhtsa/vehicle/api/v1/vehicle-documents/test-no/7203"", ""https://nrd.api.nhtsa.dot.gov/nhtsa/vehicle/api/v1/vehicle-documents/test-no/7204"", ""https://nrd.api.nhtsa.dot.gov/nhtsa/vehicle/api/v1/vehicle-documents/test-no/7607""]",documented_exception,raw_preserved_unmapped_schema_backlog_or_raw_only_policy
nhtsa_crash,test_summary,manifest_tests,impactAngle,impact_angle,$.results[*].impactAngle,integer|null,integer,degrees,0,353,,true,true,false,,,1,62259,3891,"[0, 270, 345, 353, 30]",documented_exception,raw_preserved_unmapped_schema_backlog_or_raw_only_policy
nhtsa_crash,test_summary,manifest_tests,instrumentationInformation,instrumentation_information,$.results[*].instrumentationInformation,string,text,,,,111,false,true,false,,,1,62259,3891,"[""https://nrd.api.nhtsa.dot.gov/nhtsa/vehicle/api/v1/vehicle-database-test-results/get-instrumentation-info/7201"", ""https://nrd.api.nhtsa.dot.gov/nhtsa/vehicle/api/v1/vehicle-database-test-results/get-instrumentation-info/7202"", ""https://nrd.api.nhtsa.dot.gov/nhtsa/vehicle/api/v1/vehicle-database-test-results/get-instrumentation-info/7203"", ""https://nrd.api.nhtsa.dot.gov/nhtsa/vehicle/api/v1/vehicle-database-test-results/get-instrumentation-info/7204"", ""https://nrd.api.nhtsa.dot.gov/nhtsa/vehicle/api/v1/vehicle-database-test-results/get-instrumentation-info/7607""]",documented_exception,raw_preserved_unmapped_schema_backlog_or_raw_only_policy
nhtsa_crash,test_summary,manifest_tests,multimediaFiles,multimedia_files,$.results[*].multimediaFiles,string,text,,,,107,false,true,false,,,1,62259,3891,"[""https://nrd.api.nhtsa.dot.gov/nhtsa/vehicle/api/v1/vehicle-database-test-results/get-multimedia-files/7201"", ""https://nrd.api.nhtsa.dot.gov/nhtsa/vehicle/api/v1/vehicle-database-test-results/get-multimedia-files/7202"", ""https://nrd.api.nhtsa.dot.gov/nhtsa/vehicle/api/v1/vehicle-database-test-results/get-multimedia-files/7203"", ""https://nrd.api.nhtsa.dot.gov/nhtsa/vehicle/api/v1/vehicle-database-test-results/get-multimedia-files/7204"", ""https://nrd.api.nhtsa.dot.gov/nhtsa/vehicle/api/v1/vehicle-database-test-results/get-multimedia-files/7607""]",documented_exception,raw_preserved_unmapped_schema_backlog_or_raw_only_policy
nhtsa_crash,test_summary,manifest_tests,offsetDistance,offset_distance,$.results[*].offsetDistance,integer|null,integer,mm_or_source_units,-537,809,,true,true,false,,,1,62259,3891,"[0, 325, 342, 359, 340]",documented_exception,raw_preserved_unmapped_schema_backlog_or_raw_only_policy
nhtsa_crash,test_summary,manifest_tests,testConfiguration,test_configuration,$.results[*].testConfiguration,null|string,text,,,,42,true,true,true,test_configuration_key,code_values_v1_5,1,62259,3891,"[""VEHICLE INTO BARRIER"", ""VEHICLE INTO POLE"", ""IMPACTOR INTO VEHICLE"", ""FORWARD COLLISION WARNING PERFORMANCE TEST"", ""LANE DEPARTURE WARNING PERFORMANCE TEST""]",code_linked,
nhtsa_crash,test_summary,manifest_tests,testConfigurationKey,test_configuration_key,$.results[*].testConfigurationKey,null|string,text,,,,3,true,true,false,,,1,62259,3891,"[""VTB"", ""VTP"", ""ITV"", ""FCW"", ""LDW""]",documented_exception,raw_preserved_unmapped_schema_backlog_or_raw_only_policy
nhtsa_crash,test_summary,manifest_tests,testDate,test_date,$.results[*].testDate,string,text,,,,10,false,true,false,,,1,62259,3891,"[""2011-01-03"", ""2011-01-04"", ""2011-01-05"", ""2011-01-06"", ""2011-01-07""]",documented_exception,raw_preserved_unmapped_schema_backlog_or_raw_only_policy
nhtsa_crash,test_summary,manifest_tests,testNo,test_no,$.results[*].testNo,integer,integer,,7201,15513,,false,true,false,,,1,62259,3891,"[7201, 7202, 7203, 7204, 7607]",documented_exception,raw_preserved_unmapped_schema_backlog_or_raw_only_policy
nhtsa_crash,test_summary,manifest_tests,testPerformer,test_performer,$.results[*].testPerformer,string,text,,,,39,false,true,false,,,1,62259,3891,"[""MGA RESEARCH"", ""MEDICAL COLLEGE OF WISCONSIN"", ""CALSPAN"", ""KARCO ENGINEERING"", ""DYNAMIC RESEARCH,INC""]",documented_exception,raw_preserved_unmapped_schema_backlog_or_raw_only_policy
nhtsa_crash,test_summary,manifest_tests,testReferenceNo,test_reference_no,$.results[*].testReferenceNo,null|string,text,,,,16,true,true,false,,,1,62259,3891,"[""BT11010301"", ""BT11010401"", ""BT11010501"", ""11SN04"", ""CV03002561""]",documented_exception,raw_preserved_unmapped_schema_backlog_or_raw_only_policy
nhtsa_crash,test_summary,manifest_tests,testType,test_type,$.results[*].testType,string,text,,,,64,false,true,false,,,1,62259,3891,"[""NEW CAR ASSESSMENT TEST"", ""OPTIONAL NEW CAR ASSESSMENT TEST"", ""EXPERIMENTAL NEW CAR ASSESSMENT TEST"", ""RMDB INTO FRONT 15 DEGREE STATIONARY VEHICLE, OVERLAP=35 PERCENT"", ""RMDB INTO FRONT 7 DEGREE STATIONARY VEHICLE, OVERLAP=20 PERCENT""]",documented_exception,raw_preserved_unmapped_schema_backlog_or_raw_only_policy
nhtsa_crash,test_summary,manifest_tests,vehicleInformation,vehicle_information,$.results[*].vehicleInformation,string,text,,,,103,false,true,false,,,1,62259,3891,"[""https://nrd.api.nhtsa.dot.gov/nhtsa/vehicle/api/v1/vehicle-database-test-results/get-vehicle-info/7201"", ""https://nrd.api.nhtsa.dot.gov/nhtsa/vehicle/api/v1/vehicle-database-test-results/get-vehicle-info/7202"", ""https://nrd.api.nhtsa.dot.gov/nhtsa/vehicle/api/v1/vehicle-database-test-results/get-vehicle-info/7203"", ""https://nrd.api.nhtsa.dot.gov/nhtsa/vehicle/api/v1/vehicle-database-test-results/get-vehicle-info/7204"", ""https://nrd.api.nhtsa.dot.gov/nhtsa/vehicle/api/v1/vehicle-database-test-results/get-vehicle-info/7607""]",documented_exception,raw_preserved_unmapped_schema_backlog_or_raw_only_policy
nhtsa_crash,vehicle_documents,media_assets,error,error,$.meta.error,string,text,,,,,false,true,false,,,8,62266,3891,"[""""]",documented_exception,observed_payload_path_preserved_without_canonical_promotion
nhtsa_crash,vehicle_documents,media_assets,message,message,$.meta.message,string,text,,,,7,false,true,false,,,8,62266,3891,"[""Success""]",documented_exception,observed_payload_path_preserved_without_canonical_promotion
nhtsa_crash,vehicle_documents,media_assets,count,count,$.meta.pagination.count,integer,integer,,1,1,,false,true,false,,,8,62266,3891,[1],documented_exception,observed_payload_path_preserved_without_canonical_promotion
nhtsa_crash,vehicle_documents,media_assets,currentUrl,current_url,$.meta.pagination.currentUrl,string,text,,,,81,false,true,false,,,8,62266,3891,"[""http://nrd.api.nhtsa.dot.gov/nhtsa/vehicle/api/v1/vehicle-documents/test-no/7201"", ""http://nrd.api.nhtsa.dot.gov/nhtsa/vehicle/api/v1/vehicle-documents/test-no/7202"", ""http://nrd.api.nhtsa.dot.gov/nhtsa/vehicle/api/v1/vehicle-documents/test-no/7203"", ""http://nrd.api.nhtsa.dot.gov/nhtsa/vehicle/api/v1/vehicle-documents/test-no/7204"", ""http://nrd.api.nhtsa.dot.gov/nhtsa/vehicle/api/v1/vehicle-documents/test-no/7607""]",documented_exception,observed_payload_path_preserved_without_canonical_promotion
nhtsa_crash,vehicle_documents,media_assets,nextUrl,next_url,$.meta.pagination.nextUrl,null,null,,,,,true,true,false,,,8,62266,3891,[],documented_exception,observed_payload_path_preserved_without_canonical_promotion
nhtsa_crash,vehicle_documents,media_assets,pageNumber,page_number,$.meta.pagination.pageNumber,integer,integer,,0,0,,false,true,false,,,8,62266,3891,[0],documented_exception,observed_payload_path_preserved_without_canonical_promotion
nhtsa_crash,vehicle_documents,media_assets,previousUrl,previous_url,$.meta.pagination.previousUrl,null,null,,,,,true,true,false,,,8,62266,3891,[],documented_exception,observed_payload_path_preserved_without_canonical_promotion
nhtsa_crash,vehicle_documents,media_assets,total,total,$.meta.pagination.total,integer,integer,,1,1,,false,true,false,,,8,62266,3891,[1],documented_exception,observed_payload_path_preserved_without_canonical_promotion
nhtsa_crash,vehicle_documents,media_assets,status,status,$.meta.status,integer,integer,,200,200,,false,true,false,,,8,62266,3891,[200],documented_exception,observed_payload_path_preserved_without_canonical_promotion
nhtsa_crash,vehicle_documents,media_assets,abfFiles,abf_files,$.results[*].abfFiles,null|string,text,,,,76,true,true,false,,,8,62266,3891,"[""https://nrd-static.nhtsa.dot.gov/compress/abf/vehdb/v00000/v07200/v07201.abf"", ""https://nrd-static.nhtsa.dot.gov/compress/abf/vehdb/v00000/v07200/v07202.abf"", ""https://nrd-static.nhtsa.dot.gov/compress/abf/vehdb/v00000/v07200/v07203.abf"", ""https://nrd-static.nhtsa.dot.gov/compress/abf/vehdb/v00000/v07200/v07204.abf"", ""https://nrd-static.nhtsa.dot.gov/compress/abf/vehdb/v00000/v07600/v07607.abf""]",documented_exception,raw_preserved_unmapped_schema_backlog_or_raw_only_policy
nhtsa_crash,vehicle_documents,media_assets,evFiles,ev_files,$.results[*].evFiles,null|string,text,,,,75,true,true,false,,,8,62266,3891,"[""https://nrd-static.nhtsa.dot.gov/compress/ev/vehdb/v00000/v07200/v07201.zip"", ""https://nrd-static.nhtsa.dot.gov/compress/ev/vehdb/v00000/v07200/v07202.zip"", ""https://nrd-static.nhtsa.dot.gov/compress/ev/vehdb/v00000/v07200/v07203.zip"", ""https://nrd-static.nhtsa.dot.gov/compress/ev/vehdb/v00000/v07200/v07204.zip"", ""https://nrd-static.nhtsa.dot.gov/compress/ev/vehdb/v00000/v07600/v07607.zip""]",documented_exception,raw_preserved_unmapped_schema_backlog_or_raw_only_policy
nhtsa_crash,vehicle_documents,media_assets,isoFiles,iso_files,$.results[*].isoFiles,null|string,text,,,,79,true,true,false,,,8,62266,3891,"[""https://nrd-static.nhtsa.dot.gov/compress/iso/vehdb/v00000/v07200/v07201ISO.zip"", ""https://nrd-static.nhtsa.dot.gov/compress/iso/vehdb/v00000/v07200/v07202ISO.zip"", ""https://nrd-static.nhtsa.dot.gov/compress/iso/vehdb/v00000/v07200/v07203ISO.zip"", ""https://nrd-static.nhtsa.dot.gov/compress/iso/vehdb/v00000/v07200/v07204ISO.zip"", ""https://nrd-static.nhtsa.dot.gov/compress/iso/vehdb/v00000/v07600/v07607ISO.zip""]",documented_exception,raw_preserved_unmapped_schema_backlog_or_raw_only_policy
nhtsa_crash,vehicle_documents,media_assets,tdmsFiles,tdms_files,$.results[*].tdmsFiles,null|string,text,,,,81,true,true,false,,,8,62266,3891,"[""https://nrd-static.nhtsa.dot.gov/compress/tdms/vehdb/v00000/v07200/v07201tdms.zip"", ""https://nrd-static.nhtsa.dot.gov/compress/tdms/vehdb/v00000/v07200/v07202tdms.zip"", ""https://nrd-static.nhtsa.dot.gov/compress/tdms/vehdb/v00000/v07200/v07203tdms.zip"", ""https://nrd-static.nhtsa.dot.gov/compress/tdms/vehdb/v00000/v07200/v07204tdms.zip"", ""https://nrd-static.nhtsa.dot.gov/compress/tdms/vehdb/v00000/v07600/v07607tdms.zip""]",documented_exception,raw_preserved_unmapped_schema_backlog_or_raw_only_policy
nhtsa_crash,vehicle_documents,media_assets,testNo,test_no,$.results[*].testNo,integer,integer,,7201,15513,,false,true,false,,,8,62266,3891,"[7201, 7202, 7203, 7204, 7607]",documented_exception,raw_preserved_unmapped_schema_backlog_or_raw_only_policy
nhtsa_crash,vehicle_documents,media_assets,udsFiles,uds_files,$.results[*].udsFiles,null|string,text,,,,79,true,true,false,,,8,62266,3891,"[""https://nrd-static.nhtsa.dot.gov/compress/uds/vehdb/v00000/v07200/v07201UDS.zip"", ""https://nrd-static.nhtsa.dot.gov/compress/uds/vehdb/v00000/v07200/v07202UDS.zip"", ""https://nrd-static.nhtsa.dot.gov/compress/uds/vehdb/v00000/v07200/v07203UDS.zip"", ""https://nrd-static.nhtsa.dot.gov/compress/uds/vehdb/v00000/v07200/v07204UDS.zip"", ""https://nrd-static.nhtsa.dot.gov/compress/uds/vehdb/v00000/v07600/v07607UDS.zip""]",documented_exception,raw_preserved_unmapped_schema_backlog_or_raw_only_policy
nhtsa_crash,vehicle_info,vehicles,error,error,$.meta.error,string,text,,,,19,false,true,false,,,4,62262,3891,"["""", ""No Matching Results""]",documented_exception,observed_payload_path_preserved_without_canonical_promotion
nhtsa_crash,vehicle_info,vehicles,message,message,$.meta.message,string,text,,,,76,false,true,false,,,4,62262,3891,"[""Success"", ""No Data Found for the Search Request, please check your params and try again""]",documented_exception,observed_payload_path_preserved_without_canonical_promotion
nhtsa_crash,vehicle_info,vehicles,count,count,$.meta.pagination.count,integer,integer,,0,2,,false,true,false,,,4,62262,3891,"[1, 2, 0]",documented_exception,observed_payload_path_preserved_without_canonical_promotion
nhtsa_crash,vehicle_info,vehicles,currentUrl,current_url,$.meta.pagination.currentUrl,null|string,text,,,,102,true,true,false,,,4,62262,3891,"[""http://nrd.api.nhtsa.dot.gov/nhtsa/vehicle/api/v1/vehicle-database-test-results/get-vehicle-info/7201"", ""http://nrd.api.nhtsa.dot.gov/nhtsa/vehicle/api/v1/vehicle-database-test-results/get-vehicle-info/7202"", ""http://nrd.api.nhtsa.dot.gov/nhtsa/vehicle/api/v1/vehicle-database-test-results/get-vehicle-info/7203"", ""http://nrd.api.nhtsa.dot.gov/nhtsa/vehicle/api/v1/vehicle-database-test-results/get-vehicle-info/7204"", ""http://nrd.api.nhtsa.dot.gov/nhtsa/vehicle/api/v1/vehicle-database-test-results/get-vehicle-info/7607""]",documented_exception,observed_payload_path_preserved_without_canonical_promotion
nhtsa_crash,vehicle_info,vehicles,nextUrl,next_url,$.meta.pagination.nextUrl,null,null,,,,,true,true,false,,,4,62262,3891,[],documented_exception,observed_payload_path_preserved_without_canonical_promotion
nhtsa_crash,vehicle_info,vehicles,pageNumber,page_number,$.meta.pagination.pageNumber,integer,integer,,0,0,,false,true,false,,,4,62262,3891,[0],documented_exception,observed_payload_path_preserved_without_canonical_promotion
nhtsa_crash,vehicle_info,vehicles,previousUrl,previous_url,$.meta.pagination.previousUrl,null,null,,,,,true,true,false,,,4,62262,3891,[],documented_exception,observed_payload_path_preserved_without_canonical_promotion
nhtsa_crash,vehicle_info,vehicles,total,total,$.meta.pagination.total,integer,integer,,0,2,,false,true,false,,,4,62262,3891,"[1, 2, 0]",documented_exception,observed_payload_path_preserved_without_canonical_promotion
nhtsa_crash,vehicle_info,vehicles,status,status,$.meta.status,integer,integer,,200,200,,false,true,false,,,4,62262,3891,[200],documented_exception,observed_payload_path_preserved_without_canonical_promotion
nhtsa_crash,vehicle_info,vehicles,results,results,$.results,null,null,,,,,true,true,false,,,39523,39523,1,[],documented_exception,observed_payload_path_preserved_without_canonical_promotion
nhtsa_crash,vehicle_info,vehicles,barrierInformation,barrier_information,$.results[*].barrierInformation,string,text,,,,103,false,true,false,,,4,62262,4693,"[""https://nrd.api.nhtsa.dot.gov/nhtsa/vehicle/api/v1/vehicle-database-test-results/get-barrier-info/7201"", ""https://nrd.api.nhtsa.dot.gov/nhtsa/vehicle/api/v1/vehicle-database-test-results/get-barrier-info/7202"", ""https://nrd.api.nhtsa.dot.gov/nhtsa/vehicle/api/v1/vehicle-database-test-results/get-barrier-info/7203"", ""https://nrd.api.nhtsa.dot.gov/nhtsa/vehicle/api/v1/vehicle-database-test-results/get-barrier-info/7204"", ""https://nrd.api.nhtsa.dot.gov/nhtsa/vehicle/api/v1/vehicle-database-test-results/get-barrier-info/7607""]",documented_exception,raw_preserved_unmapped_schema_backlog_or_raw_only_policy
nhtsa_crash,vehicle_info,vehicles,engineType,engine_type,$.results[*].engineType,null|string,text,,,,27,true,true,false,,,4,62262,4693,"[""4 CYLINDER TRANSVERSE FRONT"", ""NOT APPLICABLE"", ""V6 TRANSVERSE FRONT"", ""V8 INLINE FRONT"", ""4 CYLINDER INLINE FRONT""]",documented_exception,raw_preserved_unmapped_schema_backlog_or_raw_only_policy
nhtsa_crash,vehicle_info,vehicles,instrumentationInformation,instrumentation_information,$.results[*].instrumentationInformation,string,text,,,,111,false,true,false,,,4,62262,4693,"[""https://nrd.api.nhtsa.dot.gov/nhtsa/vehicle/api/v1/vehicle-database-test-results/get-instrumentation-info/7201"", ""https://nrd.api.nhtsa.dot.gov/nhtsa/vehicle/api/v1/vehicle-database-test-results/get-instrumentation-info/7202"", ""https://nrd.api.nhtsa.dot.gov/nhtsa/vehicle/api/v1/vehicle-database-test-results/get-instrumentation-info/7203"", ""https://nrd.api.nhtsa.dot.gov/nhtsa/vehicle/api/v1/vehicle-database-test-results/get-instrumentation-info/7204"", ""https://nrd.api.nhtsa.dot.gov/nhtsa/vehicle/api/v1/vehicle-database-test-results/get-instrumentation-info/7607""]",documented_exception,raw_preserved_unmapped_schema_backlog_or_raw_only_policy
nhtsa_crash,vehicle_info,vehicles,modelYear,model_year,$.results[*].modelYear,integer|null,integer,,0,2026,,true,true,false,,,4,62262,4693,"[2011, 0, 2012, 2007, 2010]",mapped,
nhtsa_crash,vehicle_info,vehicles,multimediaFiles,multimedia_files,$.results[*].multimediaFiles,string,text,,,,107,false,true,false,,,4,62262,4693,"[""https://nrd.api.nhtsa.dot.gov/nhtsa/vehicle/api/v1/vehicle-database-test-results/get-multimedia-files/7201"", ""https://nrd.api.nhtsa.dot.gov/nhtsa/vehicle/api/v1/vehicle-database-test-results/get-multimedia-files/7202"", ""https://nrd.api.nhtsa.dot.gov/nhtsa/vehicle/api/v1/vehicle-database-test-results/get-multimedia-files/7203"", ""https://nrd.api.nhtsa.dot.gov/nhtsa/vehicle/api/v1/vehicle-database-test-results/get-multimedia-files/7204"", ""https://nrd.api.nhtsa.dot.gov/nhtsa/vehicle/api/v1/vehicle-database-test-results/get-multimedia-files/7607""]",documented_exception,raw_preserved_unmapped_schema_backlog_or_raw_only_policy
nhtsa_crash,vehicle_info,vehicles,occupantInformation,occupant_information,$.results[*].occupantInformation,string,text,,,,104,false,true,false,,,4,62262,4693,"[""https://nrd.api.nhtsa.dot.gov/nhtsa/vehicle/api/v1/vehicle-database-test-results/get-occupant-info/7201"", ""https://nrd.api.nhtsa.dot.gov/nhtsa/vehicle/api/v1/vehicle-database-test-results/get-occupant-info/7202"", ""https://nrd.api.nhtsa.dot.gov/nhtsa/vehicle/api/v1/vehicle-database-test-results/get-occupant-info/7203"", ""https://nrd.api.nhtsa.dot.gov/nhtsa/vehicle/api/v1/vehicle-database-test-results/get-occupant-info/7204"", ""https://nrd.api.nhtsa.dot.gov/nhtsa/vehicle/api/v1/vehicle-database-test-results/get-occupant-info/7607""]",documented_exception,raw_preserved_unmapped_schema_backlog_or_raw_only_policy
nhtsa_crash,vehicle_info,vehicles,testNo,test_no,$.results[*].testNo,integer,integer,,7201,15513,,false,true,false,,,4,62262,4693,"[7201, 7202, 7203, 7204, 7607]",documented_exception,raw_preserved_unmapped_schema_backlog_or_raw_only_policy
nhtsa_crash,vehicle_info,vehicles,vaxCrushDistance,vax_crush_distance,$.results[*].vaxCrushDistance,null|string,text,mm_or_source_units,,,4,true,true,false,,,4,62262,4693,"[""494"", ""393"", ""542"", ""0"", ""270""]",documented_exception,raw_preserved_unmapped_schema_backlog_or_raw_only_policy
nhtsa_crash,vehicle_info,vehicles,vehicleLength,vehicle_length,$.results[*].vehicleLength,null|string,text,mm_or_source_units,,,4,true,true,false,,,4,62262,4693,"[""4535"", ""4820"", ""4116"", ""4534"", ""4120""]",documented_exception,raw_preserved_unmapped_schema_backlog_or_raw_only_policy
nhtsa_crash,vehicle_info,vehicles,vehicleMake,vehicle_make,$.results[*].vehicleMake,string,text,,,,10,false,true,false,,,4,62262,4693,"[""KIA"", ""HYUNDAI"", ""NHTSA"", ""TOYOTA"", ""FORD""]",mapped,
nhtsa_crash,vehicle_info,vehicles,vehicleModel,vehicle_model,$.results[*].vehicleModel,null|string,text,,,,22,true,true,false,,,4,62262,4693,"[""FORTE"", ""SONATA"", ""DEFORMABLE IMPACTOR"", ""SPORTAGE"", ""CAMRY""]",mapped,
nhtsa_crash,vehicle_info,vehicles,vehicleNo,vehicle_no,$.results[*].vehicleNo,integer,integer,,1,2,,false,true,false,,,4,62262,4693,"[1, 2]",mapped,
nhtsa_crash,vehicle_info,vehicles,vehicleSpeed,vehicle_speed,$.results[*].vehicleSpeed,null|string,text,km/h_or_source_units,,,6,true,true,false,,,4,62262,4693,"[""56.30"", ""32.30"", ""56.50"", ""61.80"", ""0.00""]",mapped,
nhtsa_crash,vehicle_info,vehicles,vehicleTestWeight,vehicle_test_weight,$.results[*].vehicleTestWeight,null|string,text,source_units,,,5,true,true,false,,,4,62262,4693,"[""1480"", ""1390"", ""1670"", ""1359"", ""1460""]",mapped,
nhtsa_crash,vehicle_info,vehicles,vehicleWidth,vehicle_width,$.results[*].vehicleWidth,null|string,text,mm_or_source_units,,,4,true,true,false,,,4,62262,4693,"[""1755"", ""1821"", ""1250"", ""1797"", ""1819""]",documented_exception,raw_preserved_unmapped_schema_backlog_or_raw_only_policy
