failure_group,test_no,test_reference_no,test_date,test_date_raw,test_date_parse_status,test_type,test_configuration,test_configuration_key,contractor_study_title,closing_speed,closing_speed_raw,impact_angle,impact_angle_raw,offset_distance,offset_distance_raw,matched_rule_id,canonical_rule_id,rule_family_id,classification_status,specificity_level,confidence,margin_over_second,candidate_rules_top5,candidate_rules_json,candidate_rule_families_json,matched_evidence_json,canonical_parameters_json,validation_flags_json,feature_summary,known_false_positive_check_name,expected_domain,expected_rule_if_known,recommended_action_if_already_written,source_endpoint_name,source_section_name,source_row_path,source_row_hash
unclassified,7939,120411,2012-04-11,2012-04-11,parsed,MODIFIED VEHICLE TEST,IMPACTOR INTO VEHICLE,ITV,RIGID MOVING BARRIER INTO REAR OF HYDROGEN FUEL CELL VEHICLE,48,48.0,180,180,0,0,,,,unclassified,unclassified,0.0,0.0,[],[],[],{},{},"[""unclassified""]","{""angles_deg"": [180.0], ""barrier_types"": [""mdb"", ""moving_deformable_barrier""], ""contractor_study_title"": ""RIGID MOVING BARRIER INTO REAR OF HYDROGEN FUEL CELL VEHICLE"", ""device_types"": [""mdb"", ""moving_deformable_barrier""], ""directions"": [""rear""], ""overlaps_percent"": [], ""speeds_kmh"": [0.0, 29.84, 48.0], ""test_configuration"": ""IMPACTOR INTO VEHICLE"", ""test_type"": ""MODIFIED VEHICLE TEST""}",,UNCLASSIFIED_MANUAL_RULE_REVIEW,,Group by physical mode and add targeted rules only after confirming evidence fields; do not broaden existing rules automatically.,test_summary,test_summary,$.results[0],969fcc19154221b58c0352690c9ebac40e2ef64701771d375a89fdc1ec189495
unclassified,8061,120808,2012-08-08,2012-08-08,parsed,OTHER,VEHICLE INTO BARRIER,VTB,CRABBED MOVING DEFORMABLE BARRIER INTO RIGHT ANGLED LOAD CELL BARRIER,0,0.0,0,0,0,0,,,,unclassified,unclassified,0.0,0.0,[],[],[],{},{},"[""unclassified""]","{""angles_deg"": [0.0], ""barrier_types"": [""fixed_collision_barrier"", ""fixed_rigid_barrier"", ""mdb"", ""moving_deformable_barrier""], ""contractor_study_title"": ""CRABBED MOVING DEFORMABLE BARRIER INTO RIGHT ANGLED LOAD CELL BARRIER"", ""device_types"": [""fixed_collision_barrier"", ""fixed_rigid_barrier"", ""mdb"", ""moving_deformable_barrier""], ""directions"": [""front"", ""frontal""], ""overlaps_percent"": [], ""speeds_kmh"": [0.0, 27.0], ""test_configuration"": ""VEHICLE INTO BARRIER"", ""test_type"": ""OTHER""}",,UNCLASSIFIED_MANUAL_RULE_REVIEW,,Group by physical mode and add targeted rules only after confirming evidence fields; do not broaden existing rules automatically.,test_summary,test_summary,$.results[0],3d89b4d23cca548b37089fa50bb7532cf06d56351a3c7affc175ab3435864db2
unclassified,8062,121010,2012-10-10,2012-10-10,parsed,OTHER,VEHICLE INTO BARRIER,VTB,CRABBED MOVING DEFORMABLE BARRIER INTO LEFT ANGLED LOAD CELL BARRIER,0,0.0,0,0,0,0,,,,unclassified,unclassified,0.0,0.0,[],[],[],{},{},"[""unclassified""]","{""angles_deg"": [0.0], ""barrier_types"": [""fixed_collision_barrier"", ""fixed_rigid_barrier"", ""mdb"", ""moving_deformable_barrier""], ""contractor_study_title"": ""CRABBED MOVING DEFORMABLE BARRIER INTO LEFT ANGLED LOAD CELL BARRIER"", ""device_types"": [""fixed_collision_barrier"", ""fixed_rigid_barrier"", ""mdb"", ""moving_deformable_barrier""], ""directions"": [""front"", ""frontal""], ""overlaps_percent"": [], ""speeds_kmh"": [0.0, 36.0], ""test_configuration"": ""VEHICLE INTO BARRIER"", ""test_type"": ""OTHER""}",,UNCLASSIFIED_MANUAL_RULE_REVIEW,,Group by physical mode and add targeted rules only after confirming evidence fields; do not broaden existing rules automatically.,test_summary,test_summary,$.results[0],207a49437baf9f204045d8fb0e936be8de225aee96c1aead085be6a18ab0812a
unclassified,8343,120628,2012-06-28,2012-06-28,parsed,OCCUPANT PERFORMANCE TEST,IMPACTOR INTO VEHICLE,ITV,2010 FORD F150 XL LEFT SIDE FMVSS 214 MDB AT 62 KPH,61.7,61.7,270,270,0,0,,,,unclassified,unclassified,0.0,0.0,[],[],[],{},{},"[""unclassified""]","{""angles_deg"": [90.0, 270.0], ""barrier_types"": [""mdb"", ""moving_deformable_barrier""], ""contractor_study_title"": ""2010 FORD F150 XL LEFT SIDE FMVSS 214 MDB AT 62 KPH"", ""device_types"": [""mdb"", ""moving_deformable_barrier""], ""directions"": [""front"", ""frontal"", ""side""], ""overlaps_percent"": [], ""speeds_kmh"": [0.0, 61.7], ""test_configuration"": ""IMPACTOR INTO VEHICLE"", ""test_type"": ""OCCUPANT PERFORMANCE TEST""}",,UNCLASSIFIED_MANUAL_RULE_REVIEW,,Group by physical mode and add targeted rules only after confirming evidence fields; do not broaden existing rules automatically.,test_summary,test_summary,$.results[0],7531d69498a165b7d2ad26eea591a73190a592e4a9fe921e1528fd01ebc592f3
unclassified,8344,120815,2012-08-15,2012-08-15,parsed,RESEARCH SAFETY VEHICLE TEST,IMPACTOR INTO VEHICLE,ITV,2011 FORD EXPLORER LEFT SIDE FMVSS 214 MDB AT 62 KPH,61.4,61.4,270,270,0,0,,,,unclassified,unclassified,0.0,0.0,[],[],[],{},{},"[""unclassified""]","{""angles_deg"": [90.0, 270.0], ""barrier_types"": [""mdb"", ""moving_deformable_barrier""], ""contractor_study_title"": ""2011 FORD EXPLORER LEFT SIDE FMVSS 214 MDB AT 62 KPH"", ""device_types"": [""mdb"", ""moving_deformable_barrier""], ""directions"": [""front"", ""frontal"", ""side""], ""overlaps_percent"": [], ""speeds_kmh"": [0.0, 61.4], ""test_configuration"": ""IMPACTOR INTO VEHICLE"", ""test_type"": ""RESEARCH SAFETY VEHICLE TEST""}",,UNCLASSIFIED_MANUAL_RULE_REVIEW,,Group by physical mode and add targeted rules only after confirming evidence fields; do not broaden existing rules automatically.,test_summary,test_summary,$.results[0],0db90a0fc635d1775c843a3d1f5ddd29b5620cda3a4626da7387e8f11581ee1f
unclassified,8511,CV02002632,2013-04-11,2013-04-11,parsed,TEST PROCEDURE DEVELOPMENT,IMPACTOR INTO VEHICLE,ITV,RESEARCH AND DEVELOPMENT LEFT OBLIQUE OFFSET FRONTAL IMPACT,90.26,90.26,345,345,0,0,,,,unclassified,unclassified,0.0,0.0,[],[],[],{},{},"[""unclassified""]","{""angles_deg"": [15.0, 345.0], ""barrier_types"": [""mdb"", ""moving_deformable_barrier""], ""contractor_study_title"": ""RESEARCH AND DEVELOPMENT LEFT OBLIQUE OFFSET FRONTAL IMPACT"", ""device_types"": [""mdb"", ""moving_deformable_barrier""], ""directions"": [""front"", ""frontal"", ""oblique""], ""overlaps_percent"": [], ""speeds_kmh"": [0.0, 90.26], ""test_configuration"": ""IMPACTOR INTO VEHICLE"", ""test_type"": ""TEST PROCEDURE DEVELOPMENT""}",,UNCLASSIFIED_MANUAL_RULE_REVIEW,,Group by physical mode and add targeted rules only after confirming evidence fields; do not broaden existing rules automatically.,test_summary,test_summary,$.results[0],c07bb8ed4be3924731b07a6072a0761edf85cdeacfaf65d2a08c0ba18821ee7f
unclassified,8603,131114,2013-11-14,2013-11-14,parsed,OTHER,VEHICLE INTO BARRIER,VTB,25MPH HIGH RESOLUTION LOAD CELL BARRIER TEST W/HYBRID III 5TH FEMALE,40.36,40.36,0,0,0,0,,,,unclassified,unclassified,0.0,0.0,[],[],[],{},{},"[""unclassified""]","{""angles_deg"": [0.0], ""barrier_types"": [""fixed_collision_barrier"", ""fixed_rigid_barrier""], ""contractor_study_title"": ""25MPH HIGH RESOLUTION LOAD CELL BARRIER TEST W/HYBRID III 5TH FEMALE"", ""device_types"": [""fixed_collision_barrier"", ""fixed_rigid_barrier""], ""directions"": [""front"", ""frontal""], ""overlaps_percent"": [], ""speeds_kmh"": [40.36], ""test_configuration"": ""VEHICLE INTO BARRIER"", ""test_type"": ""OTHER""}",,UNCLASSIFIED_MANUAL_RULE_REVIEW,,Group by physical mode and add targeted rules only after confirming evidence fields; do not broaden existing rules automatically.,test_summary,test_summary,$.results[0],9ad2ac68e22f6e3bec43e7b65e4d8c044ff4aa5f9940b04a9352f0a5aceb9e75
unclassified,8627,DRI-TM-12-61,2012-06-06,2012-06-06,parsed,NEW CAR ASSESSMENT TEST,VEHICLE INTO BARRIER,VTB,NCAP FORWARD COLLISION WARNING CONFIRMATION TEST,13.04,13.04,0,0,0,0,,,,unclassified,unclassified,0.0,0.0,[],[],[],{},{},"[""unclassified""]","{""angles_deg"": [0.0], ""barrier_types"": [""fixed_collision_barrier"", ""fixed_rigid_barrier""], ""contractor_study_title"": ""NCAP FORWARD COLLISION WARNING CONFIRMATION TEST"", ""device_types"": [""fixed_collision_barrier"", ""fixed_rigid_barrier""], ""directions"": [""front"", ""frontal""], ""overlaps_percent"": [], ""speeds_kmh"": [0.0, 13.04], ""test_configuration"": ""VEHICLE INTO BARRIER"", ""test_type"": ""NEW CAR ASSESSMENT TEST""}",,UNCLASSIFIED_MANUAL_RULE_REVIEW,,Group by physical mode and add targeted rules only after confirming evidence fields; do not broaden existing rules automatically.,test_summary,test_summary,$.results[0],ce3cb60d16956ce632163ec98710423c50fe519f8faa491d5f26c96d4017698c
unclassified,9169,M20154301,2015-04-13,2015-04-13,parsed,NEW CAR ASSESSMENT TEST,VEHICLE INTO POLE,VTP,NCAP SIDE IMPACT POLE BARRIER- 2015 MERCEDES-BENZ C300 4-DOOR SEDAN,30.76,30.76,270,270,0,0,,,,unclassified,unclassified,0.0,0.0,[],[],[],{},{},"[""unclassified""]","{""angles_deg"": [0.0, 75.0, 90.0, 270.0, 285.0], ""barrier_types"": [""fixed_rigid_barrier"", ""pole"", ""rigid_pole"", ""side_rigid_pole""], ""contractor_study_title"": ""NCAP SIDE IMPACT POLE BARRIER- 2015 MERCEDES-BENZ C300 4-DOOR SEDAN"", ""device_types"": [""fixed_rigid_barrier"", ""pole"", ""rigid_pole"", ""side_rigid_pole""], ""directions"": [""front"", ""frontal"", ""side""], ""overlaps_percent"": [], ""speeds_kmh"": [30.76], ""test_configuration"": ""VEHICLE INTO POLE"", ""test_type"": ""NEW CAR ASSESSMENT TEST""}",,UNCLASSIFIED_MANUAL_RULE_REVIEW,,Group by physical mode and add targeted rules only after confirming evidence fields; do not broaden existing rules automatically.,test_summary,test_summary,$.results[0],20a04eae3a36f617fe00df928c2a322b29264a097bd28882ef4e8267fe2d15e3
known_false_positive,9230,M1V1T1B,2014-10-27,2014-10-27,parsed,"RMDB INTO FRONT 15 DEGREE STATIONARY VEHICLE, OVERLAP=35 PERCENT",SLED WITH VEHICLE BODY,SLB,SLED BUCK RESEARCH AND DEVELOPMENT OFFSET TEST,88.12,88.12,22,22,0,0,NHTSA_RESEARCH_FRONTAL_OBLIQUE_RMDB_LEGACY_OR_MATRIX,NHTSA_RESEARCH_FRONTAL_OBLIQUE_RMDB_LEGACY_OR_MATRIX,NHTSA_RESEARCH_FRONTAL_OBLIQUE_RMDB_LEGACY_OR_MATRIX,classified,research_specific,0.99,2445.0,"[{""canonical_rule_id"": ""NHTSA_RESEARCH_FRONTAL_OBLIQUE_RMDB_LEGACY_OR_MATRIX"", ""priority"": 82, ""program_domain"": ""NHTSA_RESEARCH"", ""rule_family_id"": ""NHTSA_RESEARCH_FRONTAL_OBLIQUE_RMDB_LEGACY_OR_MATRIX"", ""rule_id"": ""NHTSA_RESEARCH_FRONTAL_OBLIQUE_RMDB_LEGACY_OR_MATRIX"", ""score"": 8275, ""specificity_level"": ""research_specific""}, {""canonical_rule_id"": ""GENERIC_FRONT_OBLIQUE_MDB_15DEG_35PCT"", ""priority"": 58, ""program_domain"": ""GENERIC_PHYSICAL_MODE"", ""rule_family_id"": ""GENERIC_FRONT_OBLIQUE_MDB_15DEG_35PCT"", ""rule_id"": ""GENERIC_FRONT_OBLIQUE_MDB_15DEG_35PCT"", ""score"": 5830, ""specificity_level"": ""generic_physical_mode""}, {""canonical_rule_id"": ""GENERIC_SLED_TEST_UNKNOWN_SUBTYPE"", ""priority"": 45, ""program_domain"": ""GENERIC_PHYSICAL_MODE"", ""rule_family_id"": ""GENERIC_SLED_TEST_UNKNOWN_SUBTYPE"", ""rule_id"": ""GENERIC_SLED_TEST_UNKNOWN_SUBTYPE"", ""score"": 4525, ""specificity_level"": ""generic_physical_mode""}]","[{""canonical_rule_id"": ""NHTSA_RESEARCH_FRONTAL_OBLIQUE_RMDB_LEGACY_OR_MATRIX"", ""fallback_used"": false, ""matched_evidence"": {""angle_near"": 15.0, ""overlap_percent_range"": 35.0, ""required_barrier_type"": [""rmdb""], ""speed_range_kmh"": 88.12, ""text_any"": [""RMDB""]}, ""priority"": 82, ""program_domain"": ""NHTSA_RESEARCH"", ""rule_family_id"": ""NHTSA_RESEARCH_FRONTAL_OBLIQUE_RMDB_LEGACY_OR_MATRIX"", ""rule_id"": ""NHTSA_RESEARCH_FRONTAL_OBLIQUE_RMDB_LEGACY_OR_MATRIX"", ""score"": 8275, ""specificity_level"": ""research_specific""}, {""canonical_rule_id"": ""GENERIC_FRONT_OBLIQUE_MDB_15DEG_35PCT"", ""fallback_used"": true, ""matched_evidence"": {""angle_near"": 15.0, ""direction"": [""front"", ""frontal""], ""overlap_percent_near"": 35.0, ""text_any"": [""MDB"", ""RMDB"", ""15 DEGREE""]}, ""priority"": 58, ""program_domain"": ""GENERIC_PHYSICAL_MODE"", ""rule_family_id"": ""GENERIC_FRONT_OBLIQUE_MDB_15DEG_35PCT"", ""rule_id"": ""GENERIC_FRONT_OBLIQUE_MDB_15DEG_35PCT"", ""score"": 5830, ""specificity_level"": ""generic_physical_mode""}, {""canonical_rule_id"": ""GENERIC_SLED_TEST_UNKNOWN_SUBTYPE"", ""fallback_used"": true, ""matched_evidence"": {""speed_range_kmh"": 88.12, ""test_configuration_any"": [""SLED WITH VEHICLE BODY"", ""SLED""], ""text_any"": [""SLED""]}, ""priority"": 45, ""program_domain"": ""GENERIC_PHYSICAL_MODE"", ""rule_family_id"": ""GENERIC_SLED_TEST_UNKNOWN_SUBTYPE"", ""rule_id"": ""GENERIC_SLED_TEST_UNKNOWN_SUBTYPE"", ""score"": 4525, ""specificity_level"": ""generic_physical_mode""}]","[""GENERIC_FRONT_OBLIQUE_MDB_15DEG_35PCT"", ""GENERIC_SLED_TEST_UNKNOWN_SUBTYPE"", ""NHTSA_RESEARCH_FRONTAL_OBLIQUE_RMDB_LEGACY_OR_MATRIX""]","{""angle_near"": 15.0, ""overlap_percent_range"": 35.0, ""required_barrier_type"": [""rmdb""], ""speed_range_kmh"": 88.12, ""text_any"": [""RMDB""]}","{""angle_reference"": ""barrier_centerline_to_vehicle_longitudinal_centerline"", ""barrier_mass_kg"": 2500, ""barrier_type"": ""oblique_moving_deformable_barrier"", ""component_test"": false, ""device_type"": ""rmdb"", ""dummy_configuration"": ""THOR or Hybrid III depending on test matrix"", ""evaluation_purpose"": ""occupant_protection_research"", ""impact_angle_deg"": 15, ""impact_direction"": ""front"", ""overlap_percent"": null, ""research_or_rulemaking_status"": ""research"", ""speed_condition"": ""range"", ""speed_kmh"": null, ""speed_mph"": null, ""test_vehicle_state"": ""stationary""}","[""multiple_candidates"", ""multiple_rule_families""]","{""angles_deg"": [15.0, 22.0, 345.0], ""barrier_types"": [""mdb"", ""moving_deformable_barrier"", ""rmdb""], ""contractor_study_title"": ""SLED BUCK RESEARCH AND DEVELOPMENT OFFSET TEST"", ""device_types"": [""mdb"", ""moving_deformable_barrier"", ""rmdb"", ""sled""], ""directions"": [""front"", ""frontal""], ""overlaps_percent"": [35.0], ""speeds_kmh"": [88.12], ""test_configuration"": ""SLED WITH VEHICLE BODY"", ""test_type"": ""RMDB INTO FRONT 15 DEGREE STATIONARY VEHICLE, OVERLAP=35 PERCENT""}",sled test classified as full vehicle crash,NHTSA_RESEARCH_SLED_WITH_VEHICLE_BODY,GENERIC_SLED_TEST_UNKNOWN_SUBTYPE_OR_TARGETED_SLED_WITH_BODY_OBLIQUE_RULE,Add a SLED WITH VEHICLE BODY domain gate/priority so full-vehicle oblique RMDB/OMDB rules cannot outrank sled rules.,test_summary,test_summary,$.results[0],072c69ae9d186d23b516bc86c314d5513012e4a8a1d2861948500385e0d65515
known_false_positive,9231,M1V1T2B,2014-10-27,2014-10-27,parsed,"RMDB INTO FRONT 15 DEGREE STATIONARY VEHICLE, OVERLAP=35 PERCENT",SLED WITH VEHICLE BODY,SLB,RESEARCH AND DEVELOPMENT LEFT OBLIQUE OFFSET FRONTAL IMPACT,88.44,88.44,345,345,0,0,NHTSA_RESEARCH_FRONTAL_OBLIQUE_OMDB_90KPH_15DEG_35PCT_THOR50M,NHTSA_RESEARCH_FRONTAL_OBLIQUE_OMDB_90KPH_15DEG_35PCT_THOR50M,NHTSA_RESEARCH_FRONTAL_OBLIQUE_OMDB_90KPH_15DEG_35PCT_THOR50M,classified,research_specific,0.99,2405.0,"[{""canonical_rule_id"": ""NHTSA_RESEARCH_FRONTAL_OBLIQUE_OMDB_90KPH_15DEG_35PCT_THOR50M"", ""priority"": 106, ""program_domain"": ""NHTSA_RESEARCH"", ""rule_family_id"": ""NHTSA_RESEARCH_FRONTAL_OBLIQUE_OMDB_90KPH_15DEG_35PCT_THOR50M"", ""rule_id"": ""NHTSA_RESEARCH_FRONTAL_OBLIQUE_OMDB_90KPH_15DEG_35PCT_THOR50M"", ""score"": 10680, ""specificity_level"": ""research_specific""}, {""canonical_rule_id"": ""NHTSA_RESEARCH_FRONTAL_OBLIQUE_RMDB_LEGACY_OR_MATRIX"", ""priority"": 82, ""program_domain"": ""NHTSA_RESEARCH"", ""rule_family_id"": ""NHTSA_RESEARCH_FRONTAL_OBLIQUE_RMDB_LEGACY_OR_MATRIX"", ""rule_id"": ""NHTSA_RESEARCH_FRONTAL_OBLIQUE_RMDB_LEGACY_OR_MATRIX"", ""score"": 8275, ""specificity_level"": ""research_specific""}, {""canonical_rule_id"": ""GENERIC_FRONT_OBLIQUE_MDB_15DEG_35PCT"", ""priority"": 58, ""program_domain"": ""GENERIC_PHYSICAL_MODE"", ""rule_family_id"": ""GENERIC_FRONT_OBLIQUE_MDB_15DEG_35PCT"", ""rule_id"": ""GENERIC_FRONT_OBLIQUE_MDB_15DEG_35PCT"", ""score"": 5830, ""specificity_level"": ""generic_physical_mode""}, {""canonical_rule_id"": ""GENERIC_SLED_TEST_UNKNOWN_SUBTYPE"", ""priority"": 45, ""program_domain"": ""GENERIC_PHYSICAL_MODE"", ""rule_family_id"": ""GENERIC_SLED_TEST_UNKNOWN_SUBTYPE"", ""rule_id"": ""GENERIC_SLED_TEST_UNKNOWN_SUBTYPE"", ""score"": 4525, ""specificity_level"": ""generic_physical_mode""}]","[{""canonical_rule_id"": ""NHTSA_RESEARCH_FRONTAL_OBLIQUE_OMDB_90KPH_15DEG_35PCT_THOR50M"", ""fallback_used"": false, ""matched_evidence"": {""angle_near"": 15.0, ""direction"": [""front"", ""frontal"", ""oblique""], ""overlap_percent_near"": 35.0, ""required_barrier_type"": [""rmdb""], ""speed_near"": 88.44, ""text_any"": [""OBLIQUE""]}, ""priority"": 106, ""program_domain"": ""NHTSA_RESEARCH"", ""rule_family_id"": ""NHTSA_RESEARCH_FRONTAL_OBLIQUE_OMDB_90KPH_15DEG_35PCT_THOR50M"", ""rule_id"": ""NHTSA_RESEARCH_FRONTAL_OBLIQUE_OMDB_90KPH_15DEG_35PCT_THOR50M"", ""score"": 10680, ""specificity_level"": ""research_specific""}, {""canonical_rule_id"": ""NHTSA_RESEARCH_FRONTAL_OBLIQUE_RMDB_LEGACY_OR_MATRIX"", ""fallback_used"": false, ""matched_evidence"": {""angle_near"": 15.0, ""overlap_percent_range"": 35.0, ""required_barrier_type"": [""rmdb""], ""speed_range_kmh"": 88.44, ""text_any"": [""RMDB"", ""OBLIQUE""]}, ""priority"": 82, ""program_domain"": ""NHTSA_RESEARCH"", ""rule_family_id"": ""NHTSA_RESEARCH_FRONTAL_OBLIQUE_RMDB_LEGACY_OR_MATRIX"", ""rule_id"": ""NHTSA_RESEARCH_FRONTAL_OBLIQUE_RMDB_LEGACY_OR_MATRIX"", ""score"": 8275, ""specificity_level"": ""research_specific""}, {""canonical_rule_id"": ""GENERIC_FRONT_OBLIQUE_MDB_15DEG_35PCT"", ""fallback_used"": true, ""matched_evidence"": {""angle_near"": 15.0, ""direction"": [""front"", ""frontal"", ""oblique""], ""overlap_percent_near"": 35.0, ""text_any"": [""OBLIQUE"", ""MDB"", ""RMDB"", ""15 DEGREE""]}, ""priority"": 58, ""program_domain"": ""GENERIC_PHYSICAL_MODE"", ""rule_family_id"": ""GENERIC_FRONT_OBLIQUE_MDB_15DEG_35PCT"", ""rule_id"": ""GENERIC_FRONT_OBLIQUE_MDB_15DEG_35PCT"", ""score"": 5830, ""specificity_level"": ""generic_physical_mode""}, {""canonical_rule_id"": ""GENERIC_SLED_TEST_UNKNOWN_SUBTYPE"", ""fallback_used"": true, ""matched_evidence"": {""speed_range_kmh"": 88.44, ""test_configuration_any"": [""SLED WITH VEHICLE BODY"", ""SLED""], ""text_any"": [""SLED""]}, ""priority"": 45, ""program_domain"": ""GENERIC_PHYSICAL_MODE"", ""rule_family_id"": ""GENERIC_SLED_TEST_UNKNOWN_SUBTYPE"", ""rule_id"": ""GENERIC_SLED_TEST_UNKNOWN_SUBTYPE"", ""score"": 4525, ""specificity_level"": ""generic_physical_mode""}]","[""GENERIC_FRONT_OBLIQUE_MDB_15DEG_35PCT"", ""GENERIC_SLED_TEST_UNKNOWN_SUBTYPE"", ""NHTSA_RESEARCH_FRONTAL_OBLIQUE_OMDB_90KPH_15DEG_35PCT_THOR50M"", ""NHTSA_RESEARCH_FRONTAL_OBLIQUE_RMDB_LEGACY_OR_MATRIX""]","{""angle_near"": 15.0, ""direction"": [""front"", ""frontal"", ""oblique""], ""overlap_percent_near"": 35.0, ""required_barrier_type"": [""rmdb""], ""speed_near"": 88.44, ""text_any"": [""OBLIQUE""]}","{""angle_reference"": ""barrier_centerline_to_vehicle_longitudinal_centerline"", ""barrier_mass_kg"": 2486, ""barrier_mass_lb"": 5480, ""barrier_type"": ""oblique_moving_deformable_barrier"", ""component_test"": false, ""device_speed_kmh"": null, ""device_type"": ""omdb"", ""dummy_configuration"": ""THOR-50M driver and/or passenger depending on protocol/test series"", ""evaluation_purpose"": ""occupant_protection_research"", ""impact_angle_deg"": 15, ""impact_direction"": ""front"", ""overlap_percent"": 35, ""research_or_rulemaking_status"": ""roadmap"", ""speed_condition"": ""exact"", ""speed_kmh"": 90.0, ""speed_mph"": 56.0, ""test_vehicle_state"": ""stationary""}","[""multiple_candidates"", ""multiple_rule_families""]","{""angles_deg"": [15.0, 345.0], ""barrier_types"": [""mdb"", ""moving_deformable_barrier"", ""rmdb""], ""contractor_study_title"": ""RESEARCH AND DEVELOPMENT LEFT OBLIQUE OFFSET FRONTAL IMPACT"", ""device_types"": [""mdb"", ""moving_deformable_barrier"", ""rmdb"", ""sled""], ""directions"": [""front"", ""frontal"", ""oblique""], ""overlaps_percent"": [35.0], ""speeds_kmh"": [88.44], ""test_configuration"": ""SLED WITH VEHICLE BODY"", ""test_type"": ""RMDB INTO FRONT 15 DEGREE STATIONARY VEHICLE, OVERLAP=35 PERCENT""}",sled test classified as full vehicle crash,NHTSA_RESEARCH_SLED_WITH_VEHICLE_BODY,GENERIC_SLED_TEST_UNKNOWN_SUBTYPE_OR_TARGETED_SLED_WITH_BODY_OBLIQUE_RULE,Add a SLED WITH VEHICLE BODY domain gate/priority so full-vehicle oblique RMDB/OMDB rules cannot outrank sled rules.,test_summary,test_summary,$.results[0],58a21b498100293597f30c34d60e43f0e2e0d2e7a13c3246aaca173c3417750b
known_false_positive,9232,M1V1T3B,2014-10-28,2014-10-28,parsed,"RMDB INTO FRONT 15 DEGREE STATIONARY VEHICLE, OVERLAP=35 PERCENT",SLED WITH VEHICLE BODY,SLB,SLED BUCK RESEARCH AND DEVELOPMENT OFFSET TEST,87.95,87.95,28,28,0,0,NHTSA_RESEARCH_FRONTAL_OBLIQUE_RMDB_LEGACY_OR_MATRIX,NHTSA_RESEARCH_FRONTAL_OBLIQUE_RMDB_LEGACY_OR_MATRIX,NHTSA_RESEARCH_FRONTAL_OBLIQUE_RMDB_LEGACY_OR_MATRIX,classified,research_specific,0.99,2445.0,"[{""canonical_rule_id"": ""NHTSA_RESEARCH_FRONTAL_OBLIQUE_RMDB_LEGACY_OR_MATRIX"", ""priority"": 82, ""program_domain"": ""NHTSA_RESEARCH"", ""rule_family_id"": ""NHTSA_RESEARCH_FRONTAL_OBLIQUE_RMDB_LEGACY_OR_MATRIX"", ""rule_id"": ""NHTSA_RESEARCH_FRONTAL_OBLIQUE_RMDB_LEGACY_OR_MATRIX"", ""score"": 8275, ""specificity_level"": ""research_specific""}, {""canonical_rule_id"": ""GENERIC_FRONT_OBLIQUE_MDB_15DEG_35PCT"", ""priority"": 58, ""program_domain"": ""GENERIC_PHYSICAL_MODE"", ""rule_family_id"": ""GENERIC_FRONT_OBLIQUE_MDB_15DEG_35PCT"", ""rule_id"": ""GENERIC_FRONT_OBLIQUE_MDB_15DEG_35PCT"", ""score"": 5830, ""specificity_level"": ""generic_physical_mode""}, {""canonical_rule_id"": ""GENERIC_SLED_TEST_UNKNOWN_SUBTYPE"", ""priority"": 45, ""program_domain"": ""GENERIC_PHYSICAL_MODE"", ""rule_family_id"": ""GENERIC_SLED_TEST_UNKNOWN_SUBTYPE"", ""rule_id"": ""GENERIC_SLED_TEST_UNKNOWN_SUBTYPE"", ""score"": 4525, ""specificity_level"": ""generic_physical_mode""}]","[{""canonical_rule_id"": ""NHTSA_RESEARCH_FRONTAL_OBLIQUE_RMDB_LEGACY_OR_MATRIX"", ""fallback_used"": false, ""matched_evidence"": {""angle_near"": 15.0, ""overlap_percent_range"": 35.0, ""required_barrier_type"": [""rmdb""], ""speed_range_kmh"": 87.95, ""text_any"": [""RMDB""]}, ""priority"": 82, ""program_domain"": ""NHTSA_RESEARCH"", ""rule_family_id"": ""NHTSA_RESEARCH_FRONTAL_OBLIQUE_RMDB_LEGACY_OR_MATRIX"", ""rule_id"": ""NHTSA_RESEARCH_FRONTAL_OBLIQUE_RMDB_LEGACY_OR_MATRIX"", ""score"": 8275, ""specificity_level"": ""research_specific""}, {""canonical_rule_id"": ""GENERIC_FRONT_OBLIQUE_MDB_15DEG_35PCT"", ""fallback_used"": true, ""matched_evidence"": {""angle_near"": 15.0, ""direction"": [""front"", ""frontal""], ""overlap_percent_near"": 35.0, ""text_any"": [""MDB"", ""RMDB"", ""15 DEGREE""]}, ""priority"": 58, ""program_domain"": ""GENERIC_PHYSICAL_MODE"", ""rule_family_id"": ""GENERIC_FRONT_OBLIQUE_MDB_15DEG_35PCT"", ""rule_id"": ""GENERIC_FRONT_OBLIQUE_MDB_15DEG_35PCT"", ""score"": 5830, ""specificity_level"": ""generic_physical_mode""}, {""canonical_rule_id"": ""GENERIC_SLED_TEST_UNKNOWN_SUBTYPE"", ""fallback_used"": true, ""matched_evidence"": {""speed_range_kmh"": 87.95, ""test_configuration_any"": [""SLED WITH VEHICLE BODY"", ""SLED""], ""text_any"": [""SLED""]}, ""priority"": 45, ""program_domain"": ""GENERIC_PHYSICAL_MODE"", ""rule_family_id"": ""GENERIC_SLED_TEST_UNKNOWN_SUBTYPE"", ""rule_id"": ""GENERIC_SLED_TEST_UNKNOWN_SUBTYPE"", ""score"": 4525, ""specificity_level"": ""generic_physical_mode""}]","[""GENERIC_FRONT_OBLIQUE_MDB_15DEG_35PCT"", ""GENERIC_SLED_TEST_UNKNOWN_SUBTYPE"", ""NHTSA_RESEARCH_FRONTAL_OBLIQUE_RMDB_LEGACY_OR_MATRIX""]","{""angle_near"": 15.0, ""overlap_percent_range"": 35.0, ""required_barrier_type"": [""rmdb""], ""speed_range_kmh"": 87.95, ""text_any"": [""RMDB""]}","{""angle_reference"": ""barrier_centerline_to_vehicle_longitudinal_centerline"", ""barrier_mass_kg"": 2500, ""barrier_type"": ""oblique_moving_deformable_barrier"", ""component_test"": false, ""device_type"": ""rmdb"", ""dummy_configuration"": ""THOR or Hybrid III depending on test matrix"", ""evaluation_purpose"": ""occupant_protection_research"", ""impact_angle_deg"": 15, ""impact_direction"": ""front"", ""overlap_percent"": null, ""research_or_rulemaking_status"": ""research"", ""speed_condition"": ""range"", ""speed_kmh"": null, ""speed_mph"": null, ""test_vehicle_state"": ""stationary""}","[""multiple_candidates"", ""multiple_rule_families""]","{""angles_deg"": [15.0, 28.0, 345.0], ""barrier_types"": [""mdb"", ""moving_deformable_barrier"", ""rmdb""], ""contractor_study_title"": ""SLED BUCK RESEARCH AND DEVELOPMENT OFFSET TEST"", ""device_types"": [""mdb"", ""moving_deformable_barrier"", ""rmdb"", ""sled""], ""directions"": [""front"", ""frontal""], ""overlaps_percent"": [35.0], ""speeds_kmh"": [87.95], ""test_configuration"": ""SLED WITH VEHICLE BODY"", ""test_type"": ""RMDB INTO FRONT 15 DEGREE STATIONARY VEHICLE, OVERLAP=35 PERCENT""}",sled test classified as full vehicle crash,NHTSA_RESEARCH_SLED_WITH_VEHICLE_BODY,GENERIC_SLED_TEST_UNKNOWN_SUBTYPE_OR_TARGETED_SLED_WITH_BODY_OBLIQUE_RULE,Add a SLED WITH VEHICLE BODY domain gate/priority so full-vehicle oblique RMDB/OMDB rules cannot outrank sled rules.,test_summary,test_summary,$.results[0],8397fada3a3b58b96b4eedba49c9b72e818215dae958d934fa70985511006e50
known_false_positive,9233,M1V1T4B,2014-10-28,2014-10-28,parsed,"RMDB INTO FRONT 15 DEGREE STATIONARY VEHICLE, OVERLAP=35 PERCENT",SLED WITH VEHICLE BODY,SLB,SLED BUCK RESEARCH AND DEVELOPMENT OFFSET TEST,87.72,87.72,24,24,0,0,NHTSA_RESEARCH_FRONTAL_OBLIQUE_RMDB_LEGACY_OR_MATRIX,NHTSA_RESEARCH_FRONTAL_OBLIQUE_RMDB_LEGACY_OR_MATRIX,NHTSA_RESEARCH_FRONTAL_OBLIQUE_RMDB_LEGACY_OR_MATRIX,classified,research_specific,0.99,2445.0,"[{""canonical_rule_id"": ""NHTSA_RESEARCH_FRONTAL_OBLIQUE_RMDB_LEGACY_OR_MATRIX"", ""priority"": 82, ""program_domain"": ""NHTSA_RESEARCH"", ""rule_family_id"": ""NHTSA_RESEARCH_FRONTAL_OBLIQUE_RMDB_LEGACY_OR_MATRIX"", ""rule_id"": ""NHTSA_RESEARCH_FRONTAL_OBLIQUE_RMDB_LEGACY_OR_MATRIX"", ""score"": 8275, ""specificity_level"": ""research_specific""}, {""canonical_rule_id"": ""GENERIC_FRONT_OBLIQUE_MDB_15DEG_35PCT"", ""priority"": 58, ""program_domain"": ""GENERIC_PHYSICAL_MODE"", ""rule_family_id"": ""GENERIC_FRONT_OBLIQUE_MDB_15DEG_35PCT"", ""rule_id"": ""GENERIC_FRONT_OBLIQUE_MDB_15DEG_35PCT"", ""score"": 5830, ""specificity_level"": ""generic_physical_mode""}, {""canonical_rule_id"": ""GENERIC_SLED_TEST_UNKNOWN_SUBTYPE"", ""priority"": 45, ""program_domain"": ""GENERIC_PHYSICAL_MODE"", ""rule_family_id"": ""GENERIC_SLED_TEST_UNKNOWN_SUBTYPE"", ""rule_id"": ""GENERIC_SLED_TEST_UNKNOWN_SUBTYPE"", ""score"": 4525, ""specificity_level"": ""generic_physical_mode""}]","[{""canonical_rule_id"": ""NHTSA_RESEARCH_FRONTAL_OBLIQUE_RMDB_LEGACY_OR_MATRIX"", ""fallback_used"": false, ""matched_evidence"": {""angle_near"": 15.0, ""overlap_percent_range"": 35.0, ""required_barrier_type"": [""rmdb""], ""speed_range_kmh"": 87.72, ""text_any"": [""RMDB""]}, ""priority"": 82, ""program_domain"": ""NHTSA_RESEARCH"", ""rule_family_id"": ""NHTSA_RESEARCH_FRONTAL_OBLIQUE_RMDB_LEGACY_OR_MATRIX"", ""rule_id"": ""NHTSA_RESEARCH_FRONTAL_OBLIQUE_RMDB_LEGACY_OR_MATRIX"", ""score"": 8275, ""specificity_level"": ""research_specific""}, {""canonical_rule_id"": ""GENERIC_FRONT_OBLIQUE_MDB_15DEG_35PCT"", ""fallback_used"": true, ""matched_evidence"": {""angle_near"": 15.0, ""direction"": [""front"", ""frontal""], ""overlap_percent_near"": 35.0, ""text_any"": [""MDB"", ""RMDB"", ""15 DEGREE""]}, ""priority"": 58, ""program_domain"": ""GENERIC_PHYSICAL_MODE"", ""rule_family_id"": ""GENERIC_FRONT_OBLIQUE_MDB_15DEG_35PCT"", ""rule_id"": ""GENERIC_FRONT_OBLIQUE_MDB_15DEG_35PCT"", ""score"": 5830, ""specificity_level"": ""generic_physical_mode""}, {""canonical_rule_id"": ""GENERIC_SLED_TEST_UNKNOWN_SUBTYPE"", ""fallback_used"": true, ""matched_evidence"": {""speed_range_kmh"": 87.72, ""test_configuration_any"": [""SLED WITH VEHICLE BODY"", ""SLED""], ""text_any"": [""SLED""]}, ""priority"": 45, ""program_domain"": ""GENERIC_PHYSICAL_MODE"", ""rule_family_id"": ""GENERIC_SLED_TEST_UNKNOWN_SUBTYPE"", ""rule_id"": ""GENERIC_SLED_TEST_UNKNOWN_SUBTYPE"", ""score"": 4525, ""specificity_level"": ""generic_physical_mode""}]","[""GENERIC_FRONT_OBLIQUE_MDB_15DEG_35PCT"", ""GENERIC_SLED_TEST_UNKNOWN_SUBTYPE"", ""NHTSA_RESEARCH_FRONTAL_OBLIQUE_RMDB_LEGACY_OR_MATRIX""]","{""angle_near"": 15.0, ""overlap_percent_range"": 35.0, ""required_barrier_type"": [""rmdb""], ""speed_range_kmh"": 87.72, ""text_any"": [""RMDB""]}","{""angle_reference"": ""barrier_centerline_to_vehicle_longitudinal_centerline"", ""barrier_mass_kg"": 2500, ""barrier_type"": ""oblique_moving_deformable_barrier"", ""component_test"": false, ""device_type"": ""rmdb"", ""dummy_configuration"": ""THOR or Hybrid III depending on test matrix"", ""evaluation_purpose"": ""occupant_protection_research"", ""impact_angle_deg"": 15, ""impact_direction"": ""front"", ""overlap_percent"": null, ""research_or_rulemaking_status"": ""research"", ""speed_condition"": ""range"", ""speed_kmh"": null, ""speed_mph"": null, ""test_vehicle_state"": ""stationary""}","[""multiple_candidates"", ""multiple_rule_families""]","{""angles_deg"": [15.0, 24.0, 345.0], ""barrier_types"": [""mdb"", ""moving_deformable_barrier"", ""rmdb""], ""contractor_study_title"": ""SLED BUCK RESEARCH AND DEVELOPMENT OFFSET TEST"", ""device_types"": [""mdb"", ""moving_deformable_barrier"", ""rmdb"", ""sled""], ""directions"": [""front"", ""frontal""], ""overlaps_percent"": [35.0], ""speeds_kmh"": [87.72], ""test_configuration"": ""SLED WITH VEHICLE BODY"", ""test_type"": ""RMDB INTO FRONT 15 DEGREE STATIONARY VEHICLE, OVERLAP=35 PERCENT""}",sled test classified as full vehicle crash,NHTSA_RESEARCH_SLED_WITH_VEHICLE_BODY,GENERIC_SLED_TEST_UNKNOWN_SUBTYPE_OR_TARGETED_SLED_WITH_BODY_OBLIQUE_RULE,Add a SLED WITH VEHICLE BODY domain gate/priority so full-vehicle oblique RMDB/OMDB rules cannot outrank sled rules.,test_summary,test_summary,$.results[0],93ba7a2f6c6c5e5632016285ec5df7488ee6710e96b6633c9fa4fb2ff962c66c
known_false_positive,9234,M1V1T5C,2014-10-29,2014-10-29,parsed,"RMDB INTO FRONT 15 DEGREE STATIONARY VEHICLE, OVERLAP=35 PERCENT",SLED WITH VEHICLE BODY,SLB,SLED BUCK RESEARCH AND DEVELOPMENT OFFSET TEST,88.01,88.01,22,22,0,0,NHTSA_RESEARCH_FRONTAL_OBLIQUE_RMDB_LEGACY_OR_MATRIX,NHTSA_RESEARCH_FRONTAL_OBLIQUE_RMDB_LEGACY_OR_MATRIX,NHTSA_RESEARCH_FRONTAL_OBLIQUE_RMDB_LEGACY_OR_MATRIX,classified,research_specific,0.99,2445.0,"[{""canonical_rule_id"": ""NHTSA_RESEARCH_FRONTAL_OBLIQUE_RMDB_LEGACY_OR_MATRIX"", ""priority"": 82, ""program_domain"": ""NHTSA_RESEARCH"", ""rule_family_id"": ""NHTSA_RESEARCH_FRONTAL_OBLIQUE_RMDB_LEGACY_OR_MATRIX"", ""rule_id"": ""NHTSA_RESEARCH_FRONTAL_OBLIQUE_RMDB_LEGACY_OR_MATRIX"", ""score"": 8275, ""specificity_level"": ""research_specific""}, {""canonical_rule_id"": ""GENERIC_FRONT_OBLIQUE_MDB_15DEG_35PCT"", ""priority"": 58, ""program_domain"": ""GENERIC_PHYSICAL_MODE"", ""rule_family_id"": ""GENERIC_FRONT_OBLIQUE_MDB_15DEG_35PCT"", ""rule_id"": ""GENERIC_FRONT_OBLIQUE_MDB_15DEG_35PCT"", ""score"": 5830, ""specificity_level"": ""generic_physical_mode""}, {""canonical_rule_id"": ""GENERIC_SLED_TEST_UNKNOWN_SUBTYPE"", ""priority"": 45, ""program_domain"": ""GENERIC_PHYSICAL_MODE"", ""rule_family_id"": ""GENERIC_SLED_TEST_UNKNOWN_SUBTYPE"", ""rule_id"": ""GENERIC_SLED_TEST_UNKNOWN_SUBTYPE"", ""score"": 4525, ""specificity_level"": ""generic_physical_mode""}]","[{""canonical_rule_id"": ""NHTSA_RESEARCH_FRONTAL_OBLIQUE_RMDB_LEGACY_OR_MATRIX"", ""fallback_used"": false, ""matched_evidence"": {""angle_near"": 15.0, ""overlap_percent_range"": 35.0, ""required_barrier_type"": [""rmdb""], ""speed_range_kmh"": 88.01, ""text_any"": [""RMDB""]}, ""priority"": 82, ""program_domain"": ""NHTSA_RESEARCH"", ""rule_family_id"": ""NHTSA_RESEARCH_FRONTAL_OBLIQUE_RMDB_LEGACY_OR_MATRIX"", ""rule_id"": ""NHTSA_RESEARCH_FRONTAL_OBLIQUE_RMDB_LEGACY_OR_MATRIX"", ""score"": 8275, ""specificity_level"": ""research_specific""}, {""canonical_rule_id"": ""GENERIC_FRONT_OBLIQUE_MDB_15DEG_35PCT"", ""fallback_used"": true, ""matched_evidence"": {""angle_near"": 15.0, ""direction"": [""front"", ""frontal""], ""overlap_percent_near"": 35.0, ""text_any"": [""MDB"", ""RMDB"", ""15 DEGREE""]}, ""priority"": 58, ""program_domain"": ""GENERIC_PHYSICAL_MODE"", ""rule_family_id"": ""GENERIC_FRONT_OBLIQUE_MDB_15DEG_35PCT"", ""rule_id"": ""GENERIC_FRONT_OBLIQUE_MDB_15DEG_35PCT"", ""score"": 5830, ""specificity_level"": ""generic_physical_mode""}, {""canonical_rule_id"": ""GENERIC_SLED_TEST_UNKNOWN_SUBTYPE"", ""fallback_used"": true, ""matched_evidence"": {""speed_range_kmh"": 88.01, ""test_configuration_any"": [""SLED WITH VEHICLE BODY"", ""SLED""], ""text_any"": [""SLED""]}, ""priority"": 45, ""program_domain"": ""GENERIC_PHYSICAL_MODE"", ""rule_family_id"": ""GENERIC_SLED_TEST_UNKNOWN_SUBTYPE"", ""rule_id"": ""GENERIC_SLED_TEST_UNKNOWN_SUBTYPE"", ""score"": 4525, ""specificity_level"": ""generic_physical_mode""}]","[""GENERIC_FRONT_OBLIQUE_MDB_15DEG_35PCT"", ""GENERIC_SLED_TEST_UNKNOWN_SUBTYPE"", ""NHTSA_RESEARCH_FRONTAL_OBLIQUE_RMDB_LEGACY_OR_MATRIX""]","{""angle_near"": 15.0, ""overlap_percent_range"": 35.0, ""required_barrier_type"": [""rmdb""], ""speed_range_kmh"": 88.01, ""text_any"": [""RMDB""]}","{""angle_reference"": ""barrier_centerline_to_vehicle_longitudinal_centerline"", ""barrier_mass_kg"": 2500, ""barrier_type"": ""oblique_moving_deformable_barrier"", ""component_test"": false, ""device_type"": ""rmdb"", ""dummy_configuration"": ""THOR or Hybrid III depending on test matrix"", ""evaluation_purpose"": ""occupant_protection_research"", ""impact_angle_deg"": 15, ""impact_direction"": ""front"", ""overlap_percent"": null, ""research_or_rulemaking_status"": ""research"", ""speed_condition"": ""range"", ""speed_kmh"": null, ""speed_mph"": null, ""test_vehicle_state"": ""stationary""}","[""multiple_candidates"", ""multiple_rule_families""]","{""angles_deg"": [15.0, 22.0, 345.0], ""barrier_types"": [""mdb"", ""moving_deformable_barrier"", ""rmdb""], ""contractor_study_title"": ""SLED BUCK RESEARCH AND DEVELOPMENT OFFSET TEST"", ""device_types"": [""mdb"", ""moving_deformable_barrier"", ""rmdb"", ""sled""], ""directions"": [""front"", ""frontal""], ""overlaps_percent"": [35.0], ""speeds_kmh"": [88.01], ""test_configuration"": ""SLED WITH VEHICLE BODY"", ""test_type"": ""RMDB INTO FRONT 15 DEGREE STATIONARY VEHICLE, OVERLAP=35 PERCENT""}",sled test classified as full vehicle crash,NHTSA_RESEARCH_SLED_WITH_VEHICLE_BODY,GENERIC_SLED_TEST_UNKNOWN_SUBTYPE_OR_TARGETED_SLED_WITH_BODY_OBLIQUE_RULE,Add a SLED WITH VEHICLE BODY domain gate/priority so full-vehicle oblique RMDB/OMDB rules cannot outrank sled rules.,test_summary,test_summary,$.results[0],df7ab014e943f9da0c727d5fb0818d86205808f7996d26d8d2384250caa187b4
known_false_positive,9235,M1V1T6C,2014-10-29,2014-10-29,parsed,"RMDB INTO FRONT 15 DEGREE STATIONARY VEHICLE, OVERLAP=35 PERCENT",SLED WITH VEHICLE BODY,SLB,SLED BUCK RESEARCH AND DEVELOPMENT OFFSET TEST,87.82,87.82,22,22,0,0,NHTSA_RESEARCH_FRONTAL_OBLIQUE_RMDB_LEGACY_OR_MATRIX,NHTSA_RESEARCH_FRONTAL_OBLIQUE_RMDB_LEGACY_OR_MATRIX,NHTSA_RESEARCH_FRONTAL_OBLIQUE_RMDB_LEGACY_OR_MATRIX,classified,research_specific,0.99,2445.0,"[{""canonical_rule_id"": ""NHTSA_RESEARCH_FRONTAL_OBLIQUE_RMDB_LEGACY_OR_MATRIX"", ""priority"": 82, ""program_domain"": ""NHTSA_RESEARCH"", ""rule_family_id"": ""NHTSA_RESEARCH_FRONTAL_OBLIQUE_RMDB_LEGACY_OR_MATRIX"", ""rule_id"": ""NHTSA_RESEARCH_FRONTAL_OBLIQUE_RMDB_LEGACY_OR_MATRIX"", ""score"": 8275, ""specificity_level"": ""research_specific""}, {""canonical_rule_id"": ""GENERIC_FRONT_OBLIQUE_MDB_15DEG_35PCT"", ""priority"": 58, ""program_domain"": ""GENERIC_PHYSICAL_MODE"", ""rule_family_id"": ""GENERIC_FRONT_OBLIQUE_MDB_15DEG_35PCT"", ""rule_id"": ""GENERIC_FRONT_OBLIQUE_MDB_15DEG_35PCT"", ""score"": 5830, ""specificity_level"": ""generic_physical_mode""}, {""canonical_rule_id"": ""GENERIC_SLED_TEST_UNKNOWN_SUBTYPE"", ""priority"": 45, ""program_domain"": ""GENERIC_PHYSICAL_MODE"", ""rule_family_id"": ""GENERIC_SLED_TEST_UNKNOWN_SUBTYPE"", ""rule_id"": ""GENERIC_SLED_TEST_UNKNOWN_SUBTYPE"", ""score"": 4525, ""specificity_level"": ""generic_physical_mode""}]","[{""canonical_rule_id"": ""NHTSA_RESEARCH_FRONTAL_OBLIQUE_RMDB_LEGACY_OR_MATRIX"", ""fallback_used"": false, ""matched_evidence"": {""angle_near"": 15.0, ""overlap_percent_range"": 35.0, ""required_barrier_type"": [""rmdb""], ""speed_range_kmh"": 87.82, ""text_any"": [""RMDB""]}, ""priority"": 82, ""program_domain"": ""NHTSA_RESEARCH"", ""rule_family_id"": ""NHTSA_RESEARCH_FRONTAL_OBLIQUE_RMDB_LEGACY_OR_MATRIX"", ""rule_id"": ""NHTSA_RESEARCH_FRONTAL_OBLIQUE_RMDB_LEGACY_OR_MATRIX"", ""score"": 8275, ""specificity_level"": ""research_specific""}, {""canonical_rule_id"": ""GENERIC_FRONT_OBLIQUE_MDB_15DEG_35PCT"", ""fallback_used"": true, ""matched_evidence"": {""angle_near"": 15.0, ""direction"": [""front"", ""frontal""], ""overlap_percent_near"": 35.0, ""text_any"": [""MDB"", ""RMDB"", ""15 DEGREE""]}, ""priority"": 58, ""program_domain"": ""GENERIC_PHYSICAL_MODE"", ""rule_family_id"": ""GENERIC_FRONT_OBLIQUE_MDB_15DEG_35PCT"", ""rule_id"": ""GENERIC_FRONT_OBLIQUE_MDB_15DEG_35PCT"", ""score"": 5830, ""specificity_level"": ""generic_physical_mode""}, {""canonical_rule_id"": ""GENERIC_SLED_TEST_UNKNOWN_SUBTYPE"", ""fallback_used"": true, ""matched_evidence"": {""speed_range_kmh"": 87.82, ""test_configuration_any"": [""SLED WITH VEHICLE BODY"", ""SLED""], ""text_any"": [""SLED""]}, ""priority"": 45, ""program_domain"": ""GENERIC_PHYSICAL_MODE"", ""rule_family_id"": ""GENERIC_SLED_TEST_UNKNOWN_SUBTYPE"", ""rule_id"": ""GENERIC_SLED_TEST_UNKNOWN_SUBTYPE"", ""score"": 4525, ""specificity_level"": ""generic_physical_mode""}]","[""GENERIC_FRONT_OBLIQUE_MDB_15DEG_35PCT"", ""GENERIC_SLED_TEST_UNKNOWN_SUBTYPE"", ""NHTSA_RESEARCH_FRONTAL_OBLIQUE_RMDB_LEGACY_OR_MATRIX""]","{""angle_near"": 15.0, ""overlap_percent_range"": 35.0, ""required_barrier_type"": [""rmdb""], ""speed_range_kmh"": 87.82, ""text_any"": [""RMDB""]}","{""angle_reference"": ""barrier_centerline_to_vehicle_longitudinal_centerline"", ""barrier_mass_kg"": 2500, ""barrier_type"": ""oblique_moving_deformable_barrier"", ""component_test"": false, ""device_type"": ""rmdb"", ""dummy_configuration"": ""THOR or Hybrid III depending on test matrix"", ""evaluation_purpose"": ""occupant_protection_research"", ""impact_angle_deg"": 15, ""impact_direction"": ""front"", ""overlap_percent"": null, ""research_or_rulemaking_status"": ""research"", ""speed_condition"": ""range"", ""speed_kmh"": null, ""speed_mph"": null, ""test_vehicle_state"": ""stationary""}","[""multiple_candidates"", ""multiple_rule_families""]","{""angles_deg"": [15.0, 22.0, 345.0], ""barrier_types"": [""mdb"", ""moving_deformable_barrier"", ""rmdb""], ""contractor_study_title"": ""SLED BUCK RESEARCH AND DEVELOPMENT OFFSET TEST"", ""device_types"": [""mdb"", ""moving_deformable_barrier"", ""rmdb"", ""sled""], ""directions"": [""front"", ""frontal""], ""overlaps_percent"": [35.0], ""speeds_kmh"": [87.82], ""test_configuration"": ""SLED WITH VEHICLE BODY"", ""test_type"": ""RMDB INTO FRONT 15 DEGREE STATIONARY VEHICLE, OVERLAP=35 PERCENT""}",sled test classified as full vehicle crash,NHTSA_RESEARCH_SLED_WITH_VEHICLE_BODY,GENERIC_SLED_TEST_UNKNOWN_SUBTYPE_OR_TARGETED_SLED_WITH_BODY_OBLIQUE_RULE,Add a SLED WITH VEHICLE BODY domain gate/priority so full-vehicle oblique RMDB/OMDB rules cannot outrank sled rules.,test_summary,test_summary,$.results[0],98d43b64363d87ef20d2fe3ee62074994773175cac4580aaa38ea7be4750d3fa
known_false_positive,9236,M1V1T7C,2014-10-30,2014-10-30,parsed,"RMDB INTO FRONT 15 DEGREE STATIONARY VEHICLE, OVERLAP=35 PERCENT",SLED WITH VEHICLE BODY,SLB,SLED BUCK RESEARCH AND DEVELOPMENT OFFSET TEST,88.11,88.11,22,22,0,0,NHTSA_RESEARCH_FRONTAL_OBLIQUE_RMDB_LEGACY_OR_MATRIX,NHTSA_RESEARCH_FRONTAL_OBLIQUE_RMDB_LEGACY_OR_MATRIX,NHTSA_RESEARCH_FRONTAL_OBLIQUE_RMDB_LEGACY_OR_MATRIX,classified,research_specific,0.99,2445.0,"[{""canonical_rule_id"": ""NHTSA_RESEARCH_FRONTAL_OBLIQUE_RMDB_LEGACY_OR_MATRIX"", ""priority"": 82, ""program_domain"": ""NHTSA_RESEARCH"", ""rule_family_id"": ""NHTSA_RESEARCH_FRONTAL_OBLIQUE_RMDB_LEGACY_OR_MATRIX"", ""rule_id"": ""NHTSA_RESEARCH_FRONTAL_OBLIQUE_RMDB_LEGACY_OR_MATRIX"", ""score"": 8275, ""specificity_level"": ""research_specific""}, {""canonical_rule_id"": ""GENERIC_FRONT_OBLIQUE_MDB_15DEG_35PCT"", ""priority"": 58, ""program_domain"": ""GENERIC_PHYSICAL_MODE"", ""rule_family_id"": ""GENERIC_FRONT_OBLIQUE_MDB_15DEG_35PCT"", ""rule_id"": ""GENERIC_FRONT_OBLIQUE_MDB_15DEG_35PCT"", ""score"": 5830, ""specificity_level"": ""generic_physical_mode""}, {""canonical_rule_id"": ""GENERIC_SLED_TEST_UNKNOWN_SUBTYPE"", ""priority"": 45, ""program_domain"": ""GENERIC_PHYSICAL_MODE"", ""rule_family_id"": ""GENERIC_SLED_TEST_UNKNOWN_SUBTYPE"", ""rule_id"": ""GENERIC_SLED_TEST_UNKNOWN_SUBTYPE"", ""score"": 4525, ""specificity_level"": ""generic_physical_mode""}]","[{""canonical_rule_id"": ""NHTSA_RESEARCH_FRONTAL_OBLIQUE_RMDB_LEGACY_OR_MATRIX"", ""fallback_used"": false, ""matched_evidence"": {""angle_near"": 15.0, ""overlap_percent_range"": 35.0, ""required_barrier_type"": [""rmdb""], ""speed_range_kmh"": 88.11, ""text_any"": [""RMDB""]}, ""priority"": 82, ""program_domain"": ""NHTSA_RESEARCH"", ""rule_family_id"": ""NHTSA_RESEARCH_FRONTAL_OBLIQUE_RMDB_LEGACY_OR_MATRIX"", ""rule_id"": ""NHTSA_RESEARCH_FRONTAL_OBLIQUE_RMDB_LEGACY_OR_MATRIX"", ""score"": 8275, ""specificity_level"": ""research_specific""}, {""canonical_rule_id"": ""GENERIC_FRONT_OBLIQUE_MDB_15DEG_35PCT"", ""fallback_used"": true, ""matched_evidence"": {""angle_near"": 15.0, ""direction"": [""front"", ""frontal""], ""overlap_percent_near"": 35.0, ""text_any"": [""MDB"", ""RMDB"", ""15 DEGREE""]}, ""priority"": 58, ""program_domain"": ""GENERIC_PHYSICAL_MODE"", ""rule_family_id"": ""GENERIC_FRONT_OBLIQUE_MDB_15DEG_35PCT"", ""rule_id"": ""GENERIC_FRONT_OBLIQUE_MDB_15DEG_35PCT"", ""score"": 5830, ""specificity_level"": ""generic_physical_mode""}, {""canonical_rule_id"": ""GENERIC_SLED_TEST_UNKNOWN_SUBTYPE"", ""fallback_used"": true, ""matched_evidence"": {""speed_range_kmh"": 88.11, ""test_configuration_any"": [""SLED WITH VEHICLE BODY"", ""SLED""], ""text_any"": [""SLED""]}, ""priority"": 45, ""program_domain"": ""GENERIC_PHYSICAL_MODE"", ""rule_family_id"": ""GENERIC_SLED_TEST_UNKNOWN_SUBTYPE"", ""rule_id"": ""GENERIC_SLED_TEST_UNKNOWN_SUBTYPE"", ""score"": 4525, ""specificity_level"": ""generic_physical_mode""}]","[""GENERIC_FRONT_OBLIQUE_MDB_15DEG_35PCT"", ""GENERIC_SLED_TEST_UNKNOWN_SUBTYPE"", ""NHTSA_RESEARCH_FRONTAL_OBLIQUE_RMDB_LEGACY_OR_MATRIX""]","{""angle_near"": 15.0, ""overlap_percent_range"": 35.0, ""required_barrier_type"": [""rmdb""], ""speed_range_kmh"": 88.11, ""text_any"": [""RMDB""]}","{""angle_reference"": ""barrier_centerline_to_vehicle_longitudinal_centerline"", ""barrier_mass_kg"": 2500, ""barrier_type"": ""oblique_moving_deformable_barrier"", ""component_test"": false, ""device_type"": ""rmdb"", ""dummy_configuration"": ""THOR or Hybrid III depending on test matrix"", ""evaluation_purpose"": ""occupant_protection_research"", ""impact_angle_deg"": 15, ""impact_direction"": ""front"", ""overlap_percent"": null, ""research_or_rulemaking_status"": ""research"", ""speed_condition"": ""range"", ""speed_kmh"": null, ""speed_mph"": null, ""test_vehicle_state"": ""stationary""}","[""multiple_candidates"", ""multiple_rule_families""]","{""angles_deg"": [15.0, 22.0, 345.0], ""barrier_types"": [""mdb"", ""moving_deformable_barrier"", ""rmdb""], ""contractor_study_title"": ""SLED BUCK RESEARCH AND DEVELOPMENT OFFSET TEST"", ""device_types"": [""mdb"", ""moving_deformable_barrier"", ""rmdb"", ""sled""], ""directions"": [""front"", ""frontal""], ""overlaps_percent"": [35.0], ""speeds_kmh"": [88.11], ""test_configuration"": ""SLED WITH VEHICLE BODY"", ""test_type"": ""RMDB INTO FRONT 15 DEGREE STATIONARY VEHICLE, OVERLAP=35 PERCENT""}",sled test classified as full vehicle crash,NHTSA_RESEARCH_SLED_WITH_VEHICLE_BODY,GENERIC_SLED_TEST_UNKNOWN_SUBTYPE_OR_TARGETED_SLED_WITH_BODY_OBLIQUE_RULE,Add a SLED WITH VEHICLE BODY domain gate/priority so full-vehicle oblique RMDB/OMDB rules cannot outrank sled rules.,test_summary,test_summary,$.results[0],05e19d1c62107e821ea24f46201ae0d8edcb12381547bf45cc1f60fa071265e6
known_false_positive,9237,M1V1T8C,2014-10-30,2014-10-30,parsed,"RMDB INTO FRONT 15 DEGREE STATIONARY VEHICLE, OVERLAP=35 PERCENT",SLED WITH VEHICLE BODY,SLB,SLED BUCK RESEARCH AND DEVELOPMENT OFFSET TEST,87.86,87.86,22,22,0,0,NHTSA_RESEARCH_FRONTAL_OBLIQUE_RMDB_LEGACY_OR_MATRIX,NHTSA_RESEARCH_FRONTAL_OBLIQUE_RMDB_LEGACY_OR_MATRIX,NHTSA_RESEARCH_FRONTAL_OBLIQUE_RMDB_LEGACY_OR_MATRIX,classified,research_specific,0.99,2445.0,"[{""canonical_rule_id"": ""NHTSA_RESEARCH_FRONTAL_OBLIQUE_RMDB_LEGACY_OR_MATRIX"", ""priority"": 82, ""program_domain"": ""NHTSA_RESEARCH"", ""rule_family_id"": ""NHTSA_RESEARCH_FRONTAL_OBLIQUE_RMDB_LEGACY_OR_MATRIX"", ""rule_id"": ""NHTSA_RESEARCH_FRONTAL_OBLIQUE_RMDB_LEGACY_OR_MATRIX"", ""score"": 8275, ""specificity_level"": ""research_specific""}, {""canonical_rule_id"": ""GENERIC_FRONT_OBLIQUE_MDB_15DEG_35PCT"", ""priority"": 58, ""program_domain"": ""GENERIC_PHYSICAL_MODE"", ""rule_family_id"": ""GENERIC_FRONT_OBLIQUE_MDB_15DEG_35PCT"", ""rule_id"": ""GENERIC_FRONT_OBLIQUE_MDB_15DEG_35PCT"", ""score"": 5830, ""specificity_level"": ""generic_physical_mode""}, {""canonical_rule_id"": ""GENERIC_SLED_TEST_UNKNOWN_SUBTYPE"", ""priority"": 45, ""program_domain"": ""GENERIC_PHYSICAL_MODE"", ""rule_family_id"": ""GENERIC_SLED_TEST_UNKNOWN_SUBTYPE"", ""rule_id"": ""GENERIC_SLED_TEST_UNKNOWN_SUBTYPE"", ""score"": 4525, ""specificity_level"": ""generic_physical_mode""}]","[{""canonical_rule_id"": ""NHTSA_RESEARCH_FRONTAL_OBLIQUE_RMDB_LEGACY_OR_MATRIX"", ""fallback_used"": false, ""matched_evidence"": {""angle_near"": 15.0, ""overlap_percent_range"": 35.0, ""required_barrier_type"": [""rmdb""], ""speed_range_kmh"": 87.86, ""text_any"": [""RMDB""]}, ""priority"": 82, ""program_domain"": ""NHTSA_RESEARCH"", ""rule_family_id"": ""NHTSA_RESEARCH_FRONTAL_OBLIQUE_RMDB_LEGACY_OR_MATRIX"", ""rule_id"": ""NHTSA_RESEARCH_FRONTAL_OBLIQUE_RMDB_LEGACY_OR_MATRIX"", ""score"": 8275, ""specificity_level"": ""research_specific""}, {""canonical_rule_id"": ""GENERIC_FRONT_OBLIQUE_MDB_15DEG_35PCT"", ""fallback_used"": true, ""matched_evidence"": {""angle_near"": 15.0, ""direction"": [""front"", ""frontal""], ""overlap_percent_near"": 35.0, ""text_any"": [""MDB"", ""RMDB"", ""15 DEGREE""]}, ""priority"": 58, ""program_domain"": ""GENERIC_PHYSICAL_MODE"", ""rule_family_id"": ""GENERIC_FRONT_OBLIQUE_MDB_15DEG_35PCT"", ""rule_id"": ""GENERIC_FRONT_OBLIQUE_MDB_15DEG_35PCT"", ""score"": 5830, ""specificity_level"": ""generic_physical_mode""}, {""canonical_rule_id"": ""GENERIC_SLED_TEST_UNKNOWN_SUBTYPE"", ""fallback_used"": true, ""matched_evidence"": {""speed_range_kmh"": 87.86, ""test_configuration_any"": [""SLED WITH VEHICLE BODY"", ""SLED""], ""text_any"": [""SLED""]}, ""priority"": 45, ""program_domain"": ""GENERIC_PHYSICAL_MODE"", ""rule_family_id"": ""GENERIC_SLED_TEST_UNKNOWN_SUBTYPE"", ""rule_id"": ""GENERIC_SLED_TEST_UNKNOWN_SUBTYPE"", ""score"": 4525, ""specificity_level"": ""generic_physical_mode""}]","[""GENERIC_FRONT_OBLIQUE_MDB_15DEG_35PCT"", ""GENERIC_SLED_TEST_UNKNOWN_SUBTYPE"", ""NHTSA_RESEARCH_FRONTAL_OBLIQUE_RMDB_LEGACY_OR_MATRIX""]","{""angle_near"": 15.0, ""overlap_percent_range"": 35.0, ""required_barrier_type"": [""rmdb""], ""speed_range_kmh"": 87.86, ""text_any"": [""RMDB""]}","{""angle_reference"": ""barrier_centerline_to_vehicle_longitudinal_centerline"", ""barrier_mass_kg"": 2500, ""barrier_type"": ""oblique_moving_deformable_barrier"", ""component_test"": false, ""device_type"": ""rmdb"", ""dummy_configuration"": ""THOR or Hybrid III depending on test matrix"", ""evaluation_purpose"": ""occupant_protection_research"", ""impact_angle_deg"": 15, ""impact_direction"": ""front"", ""overlap_percent"": null, ""research_or_rulemaking_status"": ""research"", ""speed_condition"": ""range"", ""speed_kmh"": null, ""speed_mph"": null, ""test_vehicle_state"": ""stationary""}","[""multiple_candidates"", ""multiple_rule_families""]","{""angles_deg"": [15.0, 22.0, 345.0], ""barrier_types"": [""mdb"", ""moving_deformable_barrier"", ""rmdb""], ""contractor_study_title"": ""SLED BUCK RESEARCH AND DEVELOPMENT OFFSET TEST"", ""device_types"": [""mdb"", ""moving_deformable_barrier"", ""rmdb"", ""sled""], ""directions"": [""front"", ""frontal""], ""overlaps_percent"": [35.0], ""speeds_kmh"": [87.86], ""test_configuration"": ""SLED WITH VEHICLE BODY"", ""test_type"": ""RMDB INTO FRONT 15 DEGREE STATIONARY VEHICLE, OVERLAP=35 PERCENT""}",sled test classified as full vehicle crash,NHTSA_RESEARCH_SLED_WITH_VEHICLE_BODY,GENERIC_SLED_TEST_UNKNOWN_SUBTYPE_OR_TARGETED_SLED_WITH_BODY_OBLIQUE_RULE,Add a SLED WITH VEHICLE BODY domain gate/priority so full-vehicle oblique RMDB/OMDB rules cannot outrank sled rules.,test_summary,test_summary,$.results[0],57b50fc59c394ac503ba921c47f25bfe096c603c10ff0d8942512e19fa3571e6
known_false_positive,9238,M1V1T9C,2014-10-30,2014-10-30,parsed,"RMDB INTO FRONT 15 DEGREE STATIONARY VEHICLE, OVERLAP=35 PERCENT",SLED WITH VEHICLE BODY,SLB,SLED BUCK RESEARCH AND DEVELOPMENT OFFSET TEST,88.01,88.01,22,22,0,0,NHTSA_RESEARCH_FRONTAL_OBLIQUE_RMDB_LEGACY_OR_MATRIX,NHTSA_RESEARCH_FRONTAL_OBLIQUE_RMDB_LEGACY_OR_MATRIX,NHTSA_RESEARCH_FRONTAL_OBLIQUE_RMDB_LEGACY_OR_MATRIX,classified,research_specific,0.99,2445.0,"[{""canonical_rule_id"": ""NHTSA_RESEARCH_FRONTAL_OBLIQUE_RMDB_LEGACY_OR_MATRIX"", ""priority"": 82, ""program_domain"": ""NHTSA_RESEARCH"", ""rule_family_id"": ""NHTSA_RESEARCH_FRONTAL_OBLIQUE_RMDB_LEGACY_OR_MATRIX"", ""rule_id"": ""NHTSA_RESEARCH_FRONTAL_OBLIQUE_RMDB_LEGACY_OR_MATRIX"", ""score"": 8275, ""specificity_level"": ""research_specific""}, {""canonical_rule_id"": ""GENERIC_FRONT_OBLIQUE_MDB_15DEG_35PCT"", ""priority"": 58, ""program_domain"": ""GENERIC_PHYSICAL_MODE"", ""rule_family_id"": ""GENERIC_FRONT_OBLIQUE_MDB_15DEG_35PCT"", ""rule_id"": ""GENERIC_FRONT_OBLIQUE_MDB_15DEG_35PCT"", ""score"": 5830, ""specificity_level"": ""generic_physical_mode""}, {""canonical_rule_id"": ""GENERIC_SLED_TEST_UNKNOWN_SUBTYPE"", ""priority"": 45, ""program_domain"": ""GENERIC_PHYSICAL_MODE"", ""rule_family_id"": ""GENERIC_SLED_TEST_UNKNOWN_SUBTYPE"", ""rule_id"": ""GENERIC_SLED_TEST_UNKNOWN_SUBTYPE"", ""score"": 4525, ""specificity_level"": ""generic_physical_mode""}]","[{""canonical_rule_id"": ""NHTSA_RESEARCH_FRONTAL_OBLIQUE_RMDB_LEGACY_OR_MATRIX"", ""fallback_used"": false, ""matched_evidence"": {""angle_near"": 15.0, ""overlap_percent_range"": 35.0, ""required_barrier_type"": [""rmdb""], ""speed_range_kmh"": 88.01, ""text_any"": [""RMDB""]}, ""priority"": 82, ""program_domain"": ""NHTSA_RESEARCH"", ""rule_family_id"": ""NHTSA_RESEARCH_FRONTAL_OBLIQUE_RMDB_LEGACY_OR_MATRIX"", ""rule_id"": ""NHTSA_RESEARCH_FRONTAL_OBLIQUE_RMDB_LEGACY_OR_MATRIX"", ""score"": 8275, ""specificity_level"": ""research_specific""}, {""canonical_rule_id"": ""GENERIC_FRONT_OBLIQUE_MDB_15DEG_35PCT"", ""fallback_used"": true, ""matched_evidence"": {""angle_near"": 15.0, ""direction"": [""front"", ""frontal""], ""overlap_percent_near"": 35.0, ""text_any"": [""MDB"", ""RMDB"", ""15 DEGREE""]}, ""priority"": 58, ""program_domain"": ""GENERIC_PHYSICAL_MODE"", ""rule_family_id"": ""GENERIC_FRONT_OBLIQUE_MDB_15DEG_35PCT"", ""rule_id"": ""GENERIC_FRONT_OBLIQUE_MDB_15DEG_35PCT"", ""score"": 5830, ""specificity_level"": ""generic_physical_mode""}, {""canonical_rule_id"": ""GENERIC_SLED_TEST_UNKNOWN_SUBTYPE"", ""fallback_used"": true, ""matched_evidence"": {""speed_range_kmh"": 88.01, ""test_configuration_any"": [""SLED WITH VEHICLE BODY"", ""SLED""], ""text_any"": [""SLED""]}, ""priority"": 45, ""program_domain"": ""GENERIC_PHYSICAL_MODE"", ""rule_family_id"": ""GENERIC_SLED_TEST_UNKNOWN_SUBTYPE"", ""rule_id"": ""GENERIC_SLED_TEST_UNKNOWN_SUBTYPE"", ""score"": 4525, ""specificity_level"": ""generic_physical_mode""}]","[""GENERIC_FRONT_OBLIQUE_MDB_15DEG_35PCT"", ""GENERIC_SLED_TEST_UNKNOWN_SUBTYPE"", ""NHTSA_RESEARCH_FRONTAL_OBLIQUE_RMDB_LEGACY_OR_MATRIX""]","{""angle_near"": 15.0, ""overlap_percent_range"": 35.0, ""required_barrier_type"": [""rmdb""], ""speed_range_kmh"": 88.01, ""text_any"": [""RMDB""]}","{""angle_reference"": ""barrier_centerline_to_vehicle_longitudinal_centerline"", ""barrier_mass_kg"": 2500, ""barrier_type"": ""oblique_moving_deformable_barrier"", ""component_test"": false, ""device_type"": ""rmdb"", ""dummy_configuration"": ""THOR or Hybrid III depending on test matrix"", ""evaluation_purpose"": ""occupant_protection_research"", ""impact_angle_deg"": 15, ""impact_direction"": ""front"", ""overlap_percent"": null, ""research_or_rulemaking_status"": ""research"", ""speed_condition"": ""range"", ""speed_kmh"": null, ""speed_mph"": null, ""test_vehicle_state"": ""stationary""}","[""multiple_candidates"", ""multiple_rule_families""]","{""angles_deg"": [15.0, 22.0, 345.0], ""barrier_types"": [""mdb"", ""moving_deformable_barrier"", ""rmdb""], ""contractor_study_title"": ""SLED BUCK RESEARCH AND DEVELOPMENT OFFSET TEST"", ""device_types"": [""mdb"", ""moving_deformable_barrier"", ""rmdb"", ""sled""], ""directions"": [""front"", ""frontal""], ""overlaps_percent"": [35.0], ""speeds_kmh"": [88.01], ""test_configuration"": ""SLED WITH VEHICLE BODY"", ""test_type"": ""RMDB INTO FRONT 15 DEGREE STATIONARY VEHICLE, OVERLAP=35 PERCENT""}",sled test classified as full vehicle crash,NHTSA_RESEARCH_SLED_WITH_VEHICLE_BODY,GENERIC_SLED_TEST_UNKNOWN_SUBTYPE_OR_TARGETED_SLED_WITH_BODY_OBLIQUE_RULE,Add a SLED WITH VEHICLE BODY domain gate/priority so full-vehicle oblique RMDB/OMDB rules cannot outrank sled rules.,test_summary,test_summary,$.results[0],c4c7a7124503a8d91e92f983e7542f9b0a275bcef034b146fd5677eba80bbe1d
known_false_positive,9239,M1V1T10C,2014-10-31,2014-10-31,parsed,"RMDB INTO FRONT 15 DEGREE STATIONARY VEHICLE, OVERLAP=35 PERCENT",SLED WITH VEHICLE BODY,SLB,SLED BUCK RESEARCH AND DEVELOPMENT OFFSET TEST,87.99,87.99,16,16,0,0,NHTSA_RESEARCH_FRONTAL_OBLIQUE_RMDB_LEGACY_OR_MATRIX,NHTSA_RESEARCH_FRONTAL_OBLIQUE_RMDB_LEGACY_OR_MATRIX,NHTSA_RESEARCH_FRONTAL_OBLIQUE_RMDB_LEGACY_OR_MATRIX,classified,research_specific,0.99,2445.0,"[{""canonical_rule_id"": ""NHTSA_RESEARCH_FRONTAL_OBLIQUE_RMDB_LEGACY_OR_MATRIX"", ""priority"": 82, ""program_domain"": ""NHTSA_RESEARCH"", ""rule_family_id"": ""NHTSA_RESEARCH_FRONTAL_OBLIQUE_RMDB_LEGACY_OR_MATRIX"", ""rule_id"": ""NHTSA_RESEARCH_FRONTAL_OBLIQUE_RMDB_LEGACY_OR_MATRIX"", ""score"": 8275, ""specificity_level"": ""research_specific""}, {""canonical_rule_id"": ""GENERIC_FRONT_OBLIQUE_MDB_15DEG_35PCT"", ""priority"": 58, ""program_domain"": ""GENERIC_PHYSICAL_MODE"", ""rule_family_id"": ""GENERIC_FRONT_OBLIQUE_MDB_15DEG_35PCT"", ""rule_id"": ""GENERIC_FRONT_OBLIQUE_MDB_15DEG_35PCT"", ""score"": 5830, ""specificity_level"": ""generic_physical_mode""}, {""canonical_rule_id"": ""GENERIC_SLED_TEST_UNKNOWN_SUBTYPE"", ""priority"": 45, ""program_domain"": ""GENERIC_PHYSICAL_MODE"", ""rule_family_id"": ""GENERIC_SLED_TEST_UNKNOWN_SUBTYPE"", ""rule_id"": ""GENERIC_SLED_TEST_UNKNOWN_SUBTYPE"", ""score"": 4525, ""specificity_level"": ""generic_physical_mode""}]","[{""canonical_rule_id"": ""NHTSA_RESEARCH_FRONTAL_OBLIQUE_RMDB_LEGACY_OR_MATRIX"", ""fallback_used"": false, ""matched_evidence"": {""angle_near"": 15.0, ""overlap_percent_range"": 35.0, ""required_barrier_type"": [""rmdb""], ""speed_range_kmh"": 87.98, ""text_any"": [""RMDB""]}, ""priority"": 82, ""program_domain"": ""NHTSA_RESEARCH"", ""rule_family_id"": ""NHTSA_RESEARCH_FRONTAL_OBLIQUE_RMDB_LEGACY_OR_MATRIX"", ""rule_id"": ""NHTSA_RESEARCH_FRONTAL_OBLIQUE_RMDB_LEGACY_OR_MATRIX"", ""score"": 8275, ""specificity_level"": ""research_specific""}, {""canonical_rule_id"": ""GENERIC_FRONT_OBLIQUE_MDB_15DEG_35PCT"", ""fallback_used"": true, ""matched_evidence"": {""angle_near"": 15.0, ""direction"": [""front"", ""frontal""], ""overlap_percent_near"": 35.0, ""text_any"": [""MDB"", ""RMDB"", ""15 DEGREE""]}, ""priority"": 58, ""program_domain"": ""GENERIC_PHYSICAL_MODE"", ""rule_family_id"": ""GENERIC_FRONT_OBLIQUE_MDB_15DEG_35PCT"", ""rule_id"": ""GENERIC_FRONT_OBLIQUE_MDB_15DEG_35PCT"", ""score"": 5830, ""specificity_level"": ""generic_physical_mode""}, {""canonical_rule_id"": ""GENERIC_SLED_TEST_UNKNOWN_SUBTYPE"", ""fallback_used"": true, ""matched_evidence"": {""speed_range_kmh"": 87.98, ""test_configuration_any"": [""SLED WITH VEHICLE BODY"", ""SLED""], ""text_any"": [""SLED""]}, ""priority"": 45, ""program_domain"": ""GENERIC_PHYSICAL_MODE"", ""rule_family_id"": ""GENERIC_SLED_TEST_UNKNOWN_SUBTYPE"", ""rule_id"": ""GENERIC_SLED_TEST_UNKNOWN_SUBTYPE"", ""score"": 4525, ""specificity_level"": ""generic_physical_mode""}]","[""GENERIC_FRONT_OBLIQUE_MDB_15DEG_35PCT"", ""GENERIC_SLED_TEST_UNKNOWN_SUBTYPE"", ""NHTSA_RESEARCH_FRONTAL_OBLIQUE_RMDB_LEGACY_OR_MATRIX""]","{""angle_near"": 15.0, ""overlap_percent_range"": 35.0, ""required_barrier_type"": [""rmdb""], ""speed_range_kmh"": 87.98, ""text_any"": [""RMDB""]}","{""angle_reference"": ""barrier_centerline_to_vehicle_longitudinal_centerline"", ""barrier_mass_kg"": 2500, ""barrier_type"": ""oblique_moving_deformable_barrier"", ""component_test"": false, ""device_type"": ""rmdb"", ""dummy_configuration"": ""THOR or Hybrid III depending on test matrix"", ""evaluation_purpose"": ""occupant_protection_research"", ""impact_angle_deg"": 15, ""impact_direction"": ""front"", ""overlap_percent"": null, ""research_or_rulemaking_status"": ""research"", ""speed_condition"": ""range"", ""speed_kmh"": null, ""speed_mph"": null, ""test_vehicle_state"": ""stationary""}","[""multiple_candidates"", ""multiple_rule_families""]","{""angles_deg"": [15.0, 16.0, 345.0], ""barrier_types"": [""mdb"", ""moving_deformable_barrier"", ""rmdb""], ""contractor_study_title"": ""SLED BUCK RESEARCH AND DEVELOPMENT OFFSET TEST"", ""device_types"": [""mdb"", ""moving_deformable_barrier"", ""rmdb"", ""sled""], ""directions"": [""front"", ""frontal""], ""overlaps_percent"": [35.0], ""speeds_kmh"": [87.98, 87.99], ""test_configuration"": ""SLED WITH VEHICLE BODY"", ""test_type"": ""RMDB INTO FRONT 15 DEGREE STATIONARY VEHICLE, OVERLAP=35 PERCENT""}",sled test classified as full vehicle crash,NHTSA_RESEARCH_SLED_WITH_VEHICLE_BODY,GENERIC_SLED_TEST_UNKNOWN_SUBTYPE_OR_TARGETED_SLED_WITH_BODY_OBLIQUE_RULE,Add a SLED WITH VEHICLE BODY domain gate/priority so full-vehicle oblique RMDB/OMDB rules cannot outrank sled rules.,test_summary,test_summary,$.results[0],49252a6abd7768a4c15c505d9f94705811233ad6f414a645bc9bdfd05d140eb7
known_false_positive,9240,M1V1T11C,2014-11-17,2014-11-17,parsed,"RMDB INTO FRONT 15 DEGREE STATIONARY VEHICLE, OVERLAP=35 PERCENT",SLED WITH VEHICLE BODY,SLB,SLED BUCK RESEARCH AND DEVELOPMENT OFFSET TEST,88.15,88.15,22,22,0,0,NHTSA_RESEARCH_FRONTAL_OBLIQUE_RMDB_LEGACY_OR_MATRIX,NHTSA_RESEARCH_FRONTAL_OBLIQUE_RMDB_LEGACY_OR_MATRIX,NHTSA_RESEARCH_FRONTAL_OBLIQUE_RMDB_LEGACY_OR_MATRIX,classified,research_specific,0.99,2445.0,"[{""canonical_rule_id"": ""NHTSA_RESEARCH_FRONTAL_OBLIQUE_RMDB_LEGACY_OR_MATRIX"", ""priority"": 82, ""program_domain"": ""NHTSA_RESEARCH"", ""rule_family_id"": ""NHTSA_RESEARCH_FRONTAL_OBLIQUE_RMDB_LEGACY_OR_MATRIX"", ""rule_id"": ""NHTSA_RESEARCH_FRONTAL_OBLIQUE_RMDB_LEGACY_OR_MATRIX"", ""score"": 8275, ""specificity_level"": ""research_specific""}, {""canonical_rule_id"": ""GENERIC_FRONT_OBLIQUE_MDB_15DEG_35PCT"", ""priority"": 58, ""program_domain"": ""GENERIC_PHYSICAL_MODE"", ""rule_family_id"": ""GENERIC_FRONT_OBLIQUE_MDB_15DEG_35PCT"", ""rule_id"": ""GENERIC_FRONT_OBLIQUE_MDB_15DEG_35PCT"", ""score"": 5830, ""specificity_level"": ""generic_physical_mode""}, {""canonical_rule_id"": ""GENERIC_SLED_TEST_UNKNOWN_SUBTYPE"", ""priority"": 45, ""program_domain"": ""GENERIC_PHYSICAL_MODE"", ""rule_family_id"": ""GENERIC_SLED_TEST_UNKNOWN_SUBTYPE"", ""rule_id"": ""GENERIC_SLED_TEST_UNKNOWN_SUBTYPE"", ""score"": 4525, ""specificity_level"": ""generic_physical_mode""}]","[{""canonical_rule_id"": ""NHTSA_RESEARCH_FRONTAL_OBLIQUE_RMDB_LEGACY_OR_MATRIX"", ""fallback_used"": false, ""matched_evidence"": {""angle_near"": 15.0, ""overlap_percent_range"": 35.0, ""required_barrier_type"": [""rmdb""], ""speed_range_kmh"": 88.15, ""text_any"": [""RMDB""]}, ""priority"": 82, ""program_domain"": ""NHTSA_RESEARCH"", ""rule_family_id"": ""NHTSA_RESEARCH_FRONTAL_OBLIQUE_RMDB_LEGACY_OR_MATRIX"", ""rule_id"": ""NHTSA_RESEARCH_FRONTAL_OBLIQUE_RMDB_LEGACY_OR_MATRIX"", ""score"": 8275, ""specificity_level"": ""research_specific""}, {""canonical_rule_id"": ""GENERIC_FRONT_OBLIQUE_MDB_15DEG_35PCT"", ""fallback_used"": true, ""matched_evidence"": {""angle_near"": 15.0, ""direction"": [""front"", ""frontal""], ""overlap_percent_near"": 35.0, ""text_any"": [""MDB"", ""RMDB"", ""15 DEGREE""]}, ""priority"": 58, ""program_domain"": ""GENERIC_PHYSICAL_MODE"", ""rule_family_id"": ""GENERIC_FRONT_OBLIQUE_MDB_15DEG_35PCT"", ""rule_id"": ""GENERIC_FRONT_OBLIQUE_MDB_15DEG_35PCT"", ""score"": 5830, ""specificity_level"": ""generic_physical_mode""}, {""canonical_rule_id"": ""GENERIC_SLED_TEST_UNKNOWN_SUBTYPE"", ""fallback_used"": true, ""matched_evidence"": {""speed_range_kmh"": 88.15, ""test_configuration_any"": [""SLED WITH VEHICLE BODY"", ""SLED""], ""text_any"": [""SLED""]}, ""priority"": 45, ""program_domain"": ""GENERIC_PHYSICAL_MODE"", ""rule_family_id"": ""GENERIC_SLED_TEST_UNKNOWN_SUBTYPE"", ""rule_id"": ""GENERIC_SLED_TEST_UNKNOWN_SUBTYPE"", ""score"": 4525, ""specificity_level"": ""generic_physical_mode""}]","[""GENERIC_FRONT_OBLIQUE_MDB_15DEG_35PCT"", ""GENERIC_SLED_TEST_UNKNOWN_SUBTYPE"", ""NHTSA_RESEARCH_FRONTAL_OBLIQUE_RMDB_LEGACY_OR_MATRIX""]","{""angle_near"": 15.0, ""overlap_percent_range"": 35.0, ""required_barrier_type"": [""rmdb""], ""speed_range_kmh"": 88.15, ""text_any"": [""RMDB""]}","{""angle_reference"": ""barrier_centerline_to_vehicle_longitudinal_centerline"", ""barrier_mass_kg"": 2500, ""barrier_type"": ""oblique_moving_deformable_barrier"", ""component_test"": false, ""device_type"": ""rmdb"", ""dummy_configuration"": ""THOR or Hybrid III depending on test matrix"", ""evaluation_purpose"": ""occupant_protection_research"", ""impact_angle_deg"": 15, ""impact_direction"": ""front"", ""overlap_percent"": null, ""research_or_rulemaking_status"": ""research"", ""speed_condition"": ""range"", ""speed_kmh"": null, ""speed_mph"": null, ""test_vehicle_state"": ""stationary""}","[""multiple_candidates"", ""multiple_rule_families""]","{""angles_deg"": [15.0, 22.0, 345.0], ""barrier_types"": [""mdb"", ""moving_deformable_barrier"", ""rmdb""], ""contractor_study_title"": ""SLED BUCK RESEARCH AND DEVELOPMENT OFFSET TEST"", ""device_types"": [""mdb"", ""moving_deformable_barrier"", ""rmdb"", ""sled""], ""directions"": [""front"", ""frontal""], ""overlaps_percent"": [35.0], ""speeds_kmh"": [88.15, 88.16], ""test_configuration"": ""SLED WITH VEHICLE BODY"", ""test_type"": ""RMDB INTO FRONT 15 DEGREE STATIONARY VEHICLE, OVERLAP=35 PERCENT""}",sled test classified as full vehicle crash,NHTSA_RESEARCH_SLED_WITH_VEHICLE_BODY,GENERIC_SLED_TEST_UNKNOWN_SUBTYPE_OR_TARGETED_SLED_WITH_BODY_OBLIQUE_RULE,Add a SLED WITH VEHICLE BODY domain gate/priority so full-vehicle oblique RMDB/OMDB rules cannot outrank sled rules.,test_summary,test_summary,$.results[0],9329c649c59ba083638b157c979f7e859fad4f9c0ae1362d68644be25f7e95dd
known_false_positive,9241,M1V1T12C,2014-11-17,2014-11-17,parsed,"RMDB INTO FRONT 15 DEGREE STATIONARY VEHICLE, OVERLAP=35 PERCENT",SLED WITH VEHICLE BODY,SLB,SLED BUCK RESEARCH AND DEVELOPMENT OFFSET TEST,88.14,88.14,22,22,0,0,NHTSA_RESEARCH_FRONTAL_OBLIQUE_RMDB_LEGACY_OR_MATRIX,NHTSA_RESEARCH_FRONTAL_OBLIQUE_RMDB_LEGACY_OR_MATRIX,NHTSA_RESEARCH_FRONTAL_OBLIQUE_RMDB_LEGACY_OR_MATRIX,classified,research_specific,0.99,2445.0,"[{""canonical_rule_id"": ""NHTSA_RESEARCH_FRONTAL_OBLIQUE_RMDB_LEGACY_OR_MATRIX"", ""priority"": 82, ""program_domain"": ""NHTSA_RESEARCH"", ""rule_family_id"": ""NHTSA_RESEARCH_FRONTAL_OBLIQUE_RMDB_LEGACY_OR_MATRIX"", ""rule_id"": ""NHTSA_RESEARCH_FRONTAL_OBLIQUE_RMDB_LEGACY_OR_MATRIX"", ""score"": 8275, ""specificity_level"": ""research_specific""}, {""canonical_rule_id"": ""GENERIC_FRONT_OBLIQUE_MDB_15DEG_35PCT"", ""priority"": 58, ""program_domain"": ""GENERIC_PHYSICAL_MODE"", ""rule_family_id"": ""GENERIC_FRONT_OBLIQUE_MDB_15DEG_35PCT"", ""rule_id"": ""GENERIC_FRONT_OBLIQUE_MDB_15DEG_35PCT"", ""score"": 5830, ""specificity_level"": ""generic_physical_mode""}, {""canonical_rule_id"": ""GENERIC_SLED_TEST_UNKNOWN_SUBTYPE"", ""priority"": 45, ""program_domain"": ""GENERIC_PHYSICAL_MODE"", ""rule_family_id"": ""GENERIC_SLED_TEST_UNKNOWN_SUBTYPE"", ""rule_id"": ""GENERIC_SLED_TEST_UNKNOWN_SUBTYPE"", ""score"": 4525, ""specificity_level"": ""generic_physical_mode""}]","[{""canonical_rule_id"": ""NHTSA_RESEARCH_FRONTAL_OBLIQUE_RMDB_LEGACY_OR_MATRIX"", ""fallback_used"": false, ""matched_evidence"": {""angle_near"": 15.0, ""overlap_percent_range"": 35.0, ""required_barrier_type"": [""rmdb""], ""speed_range_kmh"": 88.14, ""text_any"": [""RMDB""]}, ""priority"": 82, ""program_domain"": ""NHTSA_RESEARCH"", ""rule_family_id"": ""NHTSA_RESEARCH_FRONTAL_OBLIQUE_RMDB_LEGACY_OR_MATRIX"", ""rule_id"": ""NHTSA_RESEARCH_FRONTAL_OBLIQUE_RMDB_LEGACY_OR_MATRIX"", ""score"": 8275, ""specificity_level"": ""research_specific""}, {""canonical_rule_id"": ""GENERIC_FRONT_OBLIQUE_MDB_15DEG_35PCT"", ""fallback_used"": true, ""matched_evidence"": {""angle_near"": 15.0, ""direction"": [""front"", ""frontal""], ""overlap_percent_near"": 35.0, ""text_any"": [""MDB"", ""RMDB"", ""15 DEGREE""]}, ""priority"": 58, ""program_domain"": ""GENERIC_PHYSICAL_MODE"", ""rule_family_id"": ""GENERIC_FRONT_OBLIQUE_MDB_15DEG_35PCT"", ""rule_id"": ""GENERIC_FRONT_OBLIQUE_MDB_15DEG_35PCT"", ""score"": 5830, ""specificity_level"": ""generic_physical_mode""}, {""canonical_rule_id"": ""GENERIC_SLED_TEST_UNKNOWN_SUBTYPE"", ""fallback_used"": true, ""matched_evidence"": {""speed_range_kmh"": 88.14, ""test_configuration_any"": [""SLED WITH VEHICLE BODY"", ""SLED""], ""text_any"": [""SLED""]}, ""priority"": 45, ""program_domain"": ""GENERIC_PHYSICAL_MODE"", ""rule_family_id"": ""GENERIC_SLED_TEST_UNKNOWN_SUBTYPE"", ""rule_id"": ""GENERIC_SLED_TEST_UNKNOWN_SUBTYPE"", ""score"": 4525, ""specificity_level"": ""generic_physical_mode""}]","[""GENERIC_FRONT_OBLIQUE_MDB_15DEG_35PCT"", ""GENERIC_SLED_TEST_UNKNOWN_SUBTYPE"", ""NHTSA_RESEARCH_FRONTAL_OBLIQUE_RMDB_LEGACY_OR_MATRIX""]","{""angle_near"": 15.0, ""overlap_percent_range"": 35.0, ""required_barrier_type"": [""rmdb""], ""speed_range_kmh"": 88.14, ""text_any"": [""RMDB""]}","{""angle_reference"": ""barrier_centerline_to_vehicle_longitudinal_centerline"", ""barrier_mass_kg"": 2500, ""barrier_type"": ""oblique_moving_deformable_barrier"", ""component_test"": false, ""device_type"": ""rmdb"", ""dummy_configuration"": ""THOR or Hybrid III depending on test matrix"", ""evaluation_purpose"": ""occupant_protection_research"", ""impact_angle_deg"": 15, ""impact_direction"": ""front"", ""overlap_percent"": null, ""research_or_rulemaking_status"": ""research"", ""speed_condition"": ""range"", ""speed_kmh"": null, ""speed_mph"": null, ""test_vehicle_state"": ""stationary""}","[""multiple_candidates"", ""multiple_rule_families""]","{""angles_deg"": [15.0, 22.0, 345.0], ""barrier_types"": [""mdb"", ""moving_deformable_barrier"", ""rmdb""], ""contractor_study_title"": ""SLED BUCK RESEARCH AND DEVELOPMENT OFFSET TEST"", ""device_types"": [""mdb"", ""moving_deformable_barrier"", ""rmdb"", ""sled""], ""directions"": [""front"", ""frontal""], ""overlaps_percent"": [35.0], ""speeds_kmh"": [88.14], ""test_configuration"": ""SLED WITH VEHICLE BODY"", ""test_type"": ""RMDB INTO FRONT 15 DEGREE STATIONARY VEHICLE, OVERLAP=35 PERCENT""}",sled test classified as full vehicle crash,NHTSA_RESEARCH_SLED_WITH_VEHICLE_BODY,GENERIC_SLED_TEST_UNKNOWN_SUBTYPE_OR_TARGETED_SLED_WITH_BODY_OBLIQUE_RULE,Add a SLED WITH VEHICLE BODY domain gate/priority so full-vehicle oblique RMDB/OMDB rules cannot outrank sled rules.,test_summary,test_summary,$.results[0],0d24d62738d61e2d5c39128b00ac5a6e6108c5781d4a0add2fa97c9fd8176a13
known_false_positive,9242,M1V1T13C,2014-11-19,2014-11-19,parsed,"RMDB INTO FRONT 15 DEGREE STATIONARY VEHICLE, OVERLAP=35 PERCENT",SLED WITH VEHICLE BODY,SLB,SLED BUCK RESEARCH AND DEVELOPMENT OFFSET TEST,87.84,87.84,22,22,0,0,NHTSA_RESEARCH_FRONTAL_OBLIQUE_RMDB_LEGACY_OR_MATRIX,NHTSA_RESEARCH_FRONTAL_OBLIQUE_RMDB_LEGACY_OR_MATRIX,NHTSA_RESEARCH_FRONTAL_OBLIQUE_RMDB_LEGACY_OR_MATRIX,classified,research_specific,0.99,2445.0,"[{""canonical_rule_id"": ""NHTSA_RESEARCH_FRONTAL_OBLIQUE_RMDB_LEGACY_OR_MATRIX"", ""priority"": 82, ""program_domain"": ""NHTSA_RESEARCH"", ""rule_family_id"": ""NHTSA_RESEARCH_FRONTAL_OBLIQUE_RMDB_LEGACY_OR_MATRIX"", ""rule_id"": ""NHTSA_RESEARCH_FRONTAL_OBLIQUE_RMDB_LEGACY_OR_MATRIX"", ""score"": 8275, ""specificity_level"": ""research_specific""}, {""canonical_rule_id"": ""GENERIC_FRONT_OBLIQUE_MDB_15DEG_35PCT"", ""priority"": 58, ""program_domain"": ""GENERIC_PHYSICAL_MODE"", ""rule_family_id"": ""GENERIC_FRONT_OBLIQUE_MDB_15DEG_35PCT"", ""rule_id"": ""GENERIC_FRONT_OBLIQUE_MDB_15DEG_35PCT"", ""score"": 5830, ""specificity_level"": ""generic_physical_mode""}, {""canonical_rule_id"": ""GENERIC_SLED_TEST_UNKNOWN_SUBTYPE"", ""priority"": 45, ""program_domain"": ""GENERIC_PHYSICAL_MODE"", ""rule_family_id"": ""GENERIC_SLED_TEST_UNKNOWN_SUBTYPE"", ""rule_id"": ""GENERIC_SLED_TEST_UNKNOWN_SUBTYPE"", ""score"": 4525, ""specificity_level"": ""generic_physical_mode""}]","[{""canonical_rule_id"": ""NHTSA_RESEARCH_FRONTAL_OBLIQUE_RMDB_LEGACY_OR_MATRIX"", ""fallback_used"": false, ""matched_evidence"": {""angle_near"": 15.0, ""overlap_percent_range"": 35.0, ""required_barrier_type"": [""rmdb""], ""speed_range_kmh"": 87.84, ""text_any"": [""RMDB""]}, ""priority"": 82, ""program_domain"": ""NHTSA_RESEARCH"", ""rule_family_id"": ""NHTSA_RESEARCH_FRONTAL_OBLIQUE_RMDB_LEGACY_OR_MATRIX"", ""rule_id"": ""NHTSA_RESEARCH_FRONTAL_OBLIQUE_RMDB_LEGACY_OR_MATRIX"", ""score"": 8275, ""specificity_level"": ""research_specific""}, {""canonical_rule_id"": ""GENERIC_FRONT_OBLIQUE_MDB_15DEG_35PCT"", ""fallback_used"": true, ""matched_evidence"": {""angle_near"": 15.0, ""direction"": [""front"", ""frontal""], ""overlap_percent_near"": 35.0, ""text_any"": [""MDB"", ""RMDB"", ""15 DEGREE""]}, ""priority"": 58, ""program_domain"": ""GENERIC_PHYSICAL_MODE"", ""rule_family_id"": ""GENERIC_FRONT_OBLIQUE_MDB_15DEG_35PCT"", ""rule_id"": ""GENERIC_FRONT_OBLIQUE_MDB_15DEG_35PCT"", ""score"": 5830, ""specificity_level"": ""generic_physical_mode""}, {""canonical_rule_id"": ""GENERIC_SLED_TEST_UNKNOWN_SUBTYPE"", ""fallback_used"": true, ""matched_evidence"": {""speed_range_kmh"": 87.84, ""test_configuration_any"": [""SLED WITH VEHICLE BODY"", ""SLED""], ""text_any"": [""SLED""]}, ""priority"": 45, ""program_domain"": ""GENERIC_PHYSICAL_MODE"", ""rule_family_id"": ""GENERIC_SLED_TEST_UNKNOWN_SUBTYPE"", ""rule_id"": ""GENERIC_SLED_TEST_UNKNOWN_SUBTYPE"", ""score"": 4525, ""specificity_level"": ""generic_physical_mode""}]","[""GENERIC_FRONT_OBLIQUE_MDB_15DEG_35PCT"", ""GENERIC_SLED_TEST_UNKNOWN_SUBTYPE"", ""NHTSA_RESEARCH_FRONTAL_OBLIQUE_RMDB_LEGACY_OR_MATRIX""]","{""angle_near"": 15.0, ""overlap_percent_range"": 35.0, ""required_barrier_type"": [""rmdb""], ""speed_range_kmh"": 87.84, ""text_any"": [""RMDB""]}","{""angle_reference"": ""barrier_centerline_to_vehicle_longitudinal_centerline"", ""barrier_mass_kg"": 2500, ""barrier_type"": ""oblique_moving_deformable_barrier"", ""component_test"": false, ""device_type"": ""rmdb"", ""dummy_configuration"": ""THOR or Hybrid III depending on test matrix"", ""evaluation_purpose"": ""occupant_protection_research"", ""impact_angle_deg"": 15, ""impact_direction"": ""front"", ""overlap_percent"": null, ""research_or_rulemaking_status"": ""research"", ""speed_condition"": ""range"", ""speed_kmh"": null, ""speed_mph"": null, ""test_vehicle_state"": ""stationary""}","[""multiple_candidates"", ""multiple_rule_families""]","{""angles_deg"": [15.0, 22.0, 345.0], ""barrier_types"": [""mdb"", ""moving_deformable_barrier"", ""rmdb""], ""contractor_study_title"": ""SLED BUCK RESEARCH AND DEVELOPMENT OFFSET TEST"", ""device_types"": [""mdb"", ""moving_deformable_barrier"", ""rmdb"", ""sled""], ""directions"": [""front"", ""frontal""], ""overlaps_percent"": [35.0], ""speeds_kmh"": [87.84], ""test_configuration"": ""SLED WITH VEHICLE BODY"", ""test_type"": ""RMDB INTO FRONT 15 DEGREE STATIONARY VEHICLE, OVERLAP=35 PERCENT""}",sled test classified as full vehicle crash,NHTSA_RESEARCH_SLED_WITH_VEHICLE_BODY,GENERIC_SLED_TEST_UNKNOWN_SUBTYPE_OR_TARGETED_SLED_WITH_BODY_OBLIQUE_RULE,Add a SLED WITH VEHICLE BODY domain gate/priority so full-vehicle oblique RMDB/OMDB rules cannot outrank sled rules.,test_summary,test_summary,$.results[0],440d7a385c1bc834948dd6b369b9e71a97d5765b27e7b76f070d026b883b5697
known_false_positive,9243,M1V1T14C,2014-11-10,2014-11-10,parsed,"RMDB INTO FRONT 15 DEGREE STATIONARY VEHICLE, OVERLAP=35 PERCENT",SLED WITH VEHICLE BODY,SLB,SLED BUCK RESEARCH AND DEVELOPMENT OFFSET TEST,88.05,88.05,22,22,0,0,NHTSA_RESEARCH_FRONTAL_OBLIQUE_RMDB_LEGACY_OR_MATRIX,NHTSA_RESEARCH_FRONTAL_OBLIQUE_RMDB_LEGACY_OR_MATRIX,NHTSA_RESEARCH_FRONTAL_OBLIQUE_RMDB_LEGACY_OR_MATRIX,classified,research_specific,0.99,2445.0,"[{""canonical_rule_id"": ""NHTSA_RESEARCH_FRONTAL_OBLIQUE_RMDB_LEGACY_OR_MATRIX"", ""priority"": 82, ""program_domain"": ""NHTSA_RESEARCH"", ""rule_family_id"": ""NHTSA_RESEARCH_FRONTAL_OBLIQUE_RMDB_LEGACY_OR_MATRIX"", ""rule_id"": ""NHTSA_RESEARCH_FRONTAL_OBLIQUE_RMDB_LEGACY_OR_MATRIX"", ""score"": 8275, ""specificity_level"": ""research_specific""}, {""canonical_rule_id"": ""GENERIC_FRONT_OBLIQUE_MDB_15DEG_35PCT"", ""priority"": 58, ""program_domain"": ""GENERIC_PHYSICAL_MODE"", ""rule_family_id"": ""GENERIC_FRONT_OBLIQUE_MDB_15DEG_35PCT"", ""rule_id"": ""GENERIC_FRONT_OBLIQUE_MDB_15DEG_35PCT"", ""score"": 5830, ""specificity_level"": ""generic_physical_mode""}, {""canonical_rule_id"": ""GENERIC_SLED_TEST_UNKNOWN_SUBTYPE"", ""priority"": 45, ""program_domain"": ""GENERIC_PHYSICAL_MODE"", ""rule_family_id"": ""GENERIC_SLED_TEST_UNKNOWN_SUBTYPE"", ""rule_id"": ""GENERIC_SLED_TEST_UNKNOWN_SUBTYPE"", ""score"": 4525, ""specificity_level"": ""generic_physical_mode""}]","[{""canonical_rule_id"": ""NHTSA_RESEARCH_FRONTAL_OBLIQUE_RMDB_LEGACY_OR_MATRIX"", ""fallback_used"": false, ""matched_evidence"": {""angle_near"": 15.0, ""overlap_percent_range"": 35.0, ""required_barrier_type"": [""rmdb""], ""speed_range_kmh"": 88.05, ""text_any"": [""RMDB""]}, ""priority"": 82, ""program_domain"": ""NHTSA_RESEARCH"", ""rule_family_id"": ""NHTSA_RESEARCH_FRONTAL_OBLIQUE_RMDB_LEGACY_OR_MATRIX"", ""rule_id"": ""NHTSA_RESEARCH_FRONTAL_OBLIQUE_RMDB_LEGACY_OR_MATRIX"", ""score"": 8275, ""specificity_level"": ""research_specific""}, {""canonical_rule_id"": ""GENERIC_FRONT_OBLIQUE_MDB_15DEG_35PCT"", ""fallback_used"": true, ""matched_evidence"": {""angle_near"": 15.0, ""direction"": [""front"", ""frontal""], ""overlap_percent_near"": 35.0, ""text_any"": [""MDB"", ""RMDB"", ""15 DEGREE""]}, ""priority"": 58, ""program_domain"": ""GENERIC_PHYSICAL_MODE"", ""rule_family_id"": ""GENERIC_FRONT_OBLIQUE_MDB_15DEG_35PCT"", ""rule_id"": ""GENERIC_FRONT_OBLIQUE_MDB_15DEG_35PCT"", ""score"": 5830, ""specificity_level"": ""generic_physical_mode""}, {""canonical_rule_id"": ""GENERIC_SLED_TEST_UNKNOWN_SUBTYPE"", ""fallback_used"": true, ""matched_evidence"": {""speed_range_kmh"": 88.05, ""test_configuration_any"": [""SLED WITH VEHICLE BODY"", ""SLED""], ""text_any"": [""SLED""]}, ""priority"": 45, ""program_domain"": ""GENERIC_PHYSICAL_MODE"", ""rule_family_id"": ""GENERIC_SLED_TEST_UNKNOWN_SUBTYPE"", ""rule_id"": ""GENERIC_SLED_TEST_UNKNOWN_SUBTYPE"", ""score"": 4525, ""specificity_level"": ""generic_physical_mode""}]","[""GENERIC_FRONT_OBLIQUE_MDB_15DEG_35PCT"", ""GENERIC_SLED_TEST_UNKNOWN_SUBTYPE"", ""NHTSA_RESEARCH_FRONTAL_OBLIQUE_RMDB_LEGACY_OR_MATRIX""]","{""angle_near"": 15.0, ""overlap_percent_range"": 35.0, ""required_barrier_type"": [""rmdb""], ""speed_range_kmh"": 88.05, ""text_any"": [""RMDB""]}","{""angle_reference"": ""barrier_centerline_to_vehicle_longitudinal_centerline"", ""barrier_mass_kg"": 2500, ""barrier_type"": ""oblique_moving_deformable_barrier"", ""component_test"": false, ""device_type"": ""rmdb"", ""dummy_configuration"": ""THOR or Hybrid III depending on test matrix"", ""evaluation_purpose"": ""occupant_protection_research"", ""impact_angle_deg"": 15, ""impact_direction"": ""front"", ""overlap_percent"": null, ""research_or_rulemaking_status"": ""research"", ""speed_condition"": ""range"", ""speed_kmh"": null, ""speed_mph"": null, ""test_vehicle_state"": ""stationary""}","[""multiple_candidates"", ""multiple_rule_families""]","{""angles_deg"": [15.0, 22.0, 345.0], ""barrier_types"": [""mdb"", ""moving_deformable_barrier"", ""rmdb""], ""contractor_study_title"": ""SLED BUCK RESEARCH AND DEVELOPMENT OFFSET TEST"", ""device_types"": [""mdb"", ""moving_deformable_barrier"", ""rmdb"", ""sled""], ""directions"": [""front"", ""frontal""], ""overlaps_percent"": [35.0], ""speeds_kmh"": [88.05], ""test_configuration"": ""SLED WITH VEHICLE BODY"", ""test_type"": ""RMDB INTO FRONT 15 DEGREE STATIONARY VEHICLE, OVERLAP=35 PERCENT""}",sled test classified as full vehicle crash,NHTSA_RESEARCH_SLED_WITH_VEHICLE_BODY,GENERIC_SLED_TEST_UNKNOWN_SUBTYPE_OR_TARGETED_SLED_WITH_BODY_OBLIQUE_RULE,Add a SLED WITH VEHICLE BODY domain gate/priority so full-vehicle oblique RMDB/OMDB rules cannot outrank sled rules.,test_summary,test_summary,$.results[0],f8fff1a66616c65361a7f0783a085d85ad42b5651b0112e36906b13c0418feef
known_false_positive,9244,M1V1T15C,2014-11-21,2014-11-21,parsed,"RMDB INTO FRONT 15 DEGREE STATIONARY VEHICLE, OVERLAP=35 PERCENT",SLED WITH VEHICLE BODY,SLB,SLED BUCK RESEARCH AND DEVELOPMENT OFFSET TEST,87.97,87.97,22,22,0,0,NHTSA_RESEARCH_FRONTAL_OBLIQUE_RMDB_LEGACY_OR_MATRIX,NHTSA_RESEARCH_FRONTAL_OBLIQUE_RMDB_LEGACY_OR_MATRIX,NHTSA_RESEARCH_FRONTAL_OBLIQUE_RMDB_LEGACY_OR_MATRIX,classified,research_specific,0.99,2445.0,"[{""canonical_rule_id"": ""NHTSA_RESEARCH_FRONTAL_OBLIQUE_RMDB_LEGACY_OR_MATRIX"", ""priority"": 82, ""program_domain"": ""NHTSA_RESEARCH"", ""rule_family_id"": ""NHTSA_RESEARCH_FRONTAL_OBLIQUE_RMDB_LEGACY_OR_MATRIX"", ""rule_id"": ""NHTSA_RESEARCH_FRONTAL_OBLIQUE_RMDB_LEGACY_OR_MATRIX"", ""score"": 8275, ""specificity_level"": ""research_specific""}, {""canonical_rule_id"": ""GENERIC_FRONT_OBLIQUE_MDB_15DEG_35PCT"", ""priority"": 58, ""program_domain"": ""GENERIC_PHYSICAL_MODE"", ""rule_family_id"": ""GENERIC_FRONT_OBLIQUE_MDB_15DEG_35PCT"", ""rule_id"": ""GENERIC_FRONT_OBLIQUE_MDB_15DEG_35PCT"", ""score"": 5830, ""specificity_level"": ""generic_physical_mode""}, {""canonical_rule_id"": ""GENERIC_SLED_TEST_UNKNOWN_SUBTYPE"", ""priority"": 45, ""program_domain"": ""GENERIC_PHYSICAL_MODE"", ""rule_family_id"": ""GENERIC_SLED_TEST_UNKNOWN_SUBTYPE"", ""rule_id"": ""GENERIC_SLED_TEST_UNKNOWN_SUBTYPE"", ""score"": 4525, ""specificity_level"": ""generic_physical_mode""}]","[{""canonical_rule_id"": ""NHTSA_RESEARCH_FRONTAL_OBLIQUE_RMDB_LEGACY_OR_MATRIX"", ""fallback_used"": false, ""matched_evidence"": {""angle_near"": 15.0, ""overlap_percent_range"": 35.0, ""required_barrier_type"": [""rmdb""], ""speed_range_kmh"": 87.97, ""text_any"": [""RMDB""]}, ""priority"": 82, ""program_domain"": ""NHTSA_RESEARCH"", ""rule_family_id"": ""NHTSA_RESEARCH_FRONTAL_OBLIQUE_RMDB_LEGACY_OR_MATRIX"", ""rule_id"": ""NHTSA_RESEARCH_FRONTAL_OBLIQUE_RMDB_LEGACY_OR_MATRIX"", ""score"": 8275, ""specificity_level"": ""research_specific""}, {""canonical_rule_id"": ""GENERIC_FRONT_OBLIQUE_MDB_15DEG_35PCT"", ""fallback_used"": true, ""matched_evidence"": {""angle_near"": 15.0, ""direction"": [""front"", ""frontal""], ""overlap_percent_near"": 35.0, ""text_any"": [""MDB"", ""RMDB"", ""15 DEGREE""]}, ""priority"": 58, ""program_domain"": ""GENERIC_PHYSICAL_MODE"", ""rule_family_id"": ""GENERIC_FRONT_OBLIQUE_MDB_15DEG_35PCT"", ""rule_id"": ""GENERIC_FRONT_OBLIQUE_MDB_15DEG_35PCT"", ""score"": 5830, ""specificity_level"": ""generic_physical_mode""}, {""canonical_rule_id"": ""GENERIC_SLED_TEST_UNKNOWN_SUBTYPE"", ""fallback_used"": true, ""matched_evidence"": {""speed_range_kmh"": 87.97, ""test_configuration_any"": [""SLED WITH VEHICLE BODY"", ""SLED""], ""text_any"": [""SLED""]}, ""priority"": 45, ""program_domain"": ""GENERIC_PHYSICAL_MODE"", ""rule_family_id"": ""GENERIC_SLED_TEST_UNKNOWN_SUBTYPE"", ""rule_id"": ""GENERIC_SLED_TEST_UNKNOWN_SUBTYPE"", ""score"": 4525, ""specificity_level"": ""generic_physical_mode""}]","[""GENERIC_FRONT_OBLIQUE_MDB_15DEG_35PCT"", ""GENERIC_SLED_TEST_UNKNOWN_SUBTYPE"", ""NHTSA_RESEARCH_FRONTAL_OBLIQUE_RMDB_LEGACY_OR_MATRIX""]","{""angle_near"": 15.0, ""overlap_percent_range"": 35.0, ""required_barrier_type"": [""rmdb""], ""speed_range_kmh"": 87.97, ""text_any"": [""RMDB""]}","{""angle_reference"": ""barrier_centerline_to_vehicle_longitudinal_centerline"", ""barrier_mass_kg"": 2500, ""barrier_type"": ""oblique_moving_deformable_barrier"", ""component_test"": false, ""device_type"": ""rmdb"", ""dummy_configuration"": ""THOR or Hybrid III depending on test matrix"", ""evaluation_purpose"": ""occupant_protection_research"", ""impact_angle_deg"": 15, ""impact_direction"": ""front"", ""overlap_percent"": null, ""research_or_rulemaking_status"": ""research"", ""speed_condition"": ""range"", ""speed_kmh"": null, ""speed_mph"": null, ""test_vehicle_state"": ""stationary""}","[""multiple_candidates"", ""multiple_rule_families""]","{""angles_deg"": [15.0, 22.0, 345.0], ""barrier_types"": [""mdb"", ""moving_deformable_barrier"", ""rmdb""], ""contractor_study_title"": ""SLED BUCK RESEARCH AND DEVELOPMENT OFFSET TEST"", ""device_types"": [""mdb"", ""moving_deformable_barrier"", ""rmdb"", ""sled""], ""directions"": [""front"", ""frontal""], ""overlaps_percent"": [35.0], ""speeds_kmh"": [87.97], ""test_configuration"": ""SLED WITH VEHICLE BODY"", ""test_type"": ""RMDB INTO FRONT 15 DEGREE STATIONARY VEHICLE, OVERLAP=35 PERCENT""}",sled test classified as full vehicle crash,NHTSA_RESEARCH_SLED_WITH_VEHICLE_BODY,GENERIC_SLED_TEST_UNKNOWN_SUBTYPE_OR_TARGETED_SLED_WITH_BODY_OBLIQUE_RULE,Add a SLED WITH VEHICLE BODY domain gate/priority so full-vehicle oblique RMDB/OMDB rules cannot outrank sled rules.,test_summary,test_summary,$.results[0],10e8400a5edb7f308c56fc23b3606224a83a369f9f852c1d76a5693af321695c
known_false_positive,9245,M1V1T16C,2014-12-13,2014-12-13,parsed,"RMDB INTO FRONT 15 DEGREE STATIONARY VEHICLE, OVERLAP=35 PERCENT",SLED WITH VEHICLE BODY,SLB,SLED BUCK RESEARCH AND DEVELOPMENT OFFSET TEST,88.59,88.59,22,22,0,0,NHTSA_RESEARCH_FRONTAL_OBLIQUE_RMDB_LEGACY_OR_MATRIX,NHTSA_RESEARCH_FRONTAL_OBLIQUE_RMDB_LEGACY_OR_MATRIX,NHTSA_RESEARCH_FRONTAL_OBLIQUE_RMDB_LEGACY_OR_MATRIX,classified,research_specific,0.99,2445.0,"[{""canonical_rule_id"": ""NHTSA_RESEARCH_FRONTAL_OBLIQUE_RMDB_LEGACY_OR_MATRIX"", ""priority"": 82, ""program_domain"": ""NHTSA_RESEARCH"", ""rule_family_id"": ""NHTSA_RESEARCH_FRONTAL_OBLIQUE_RMDB_LEGACY_OR_MATRIX"", ""rule_id"": ""NHTSA_RESEARCH_FRONTAL_OBLIQUE_RMDB_LEGACY_OR_MATRIX"", ""score"": 8275, ""specificity_level"": ""research_specific""}, {""canonical_rule_id"": ""GENERIC_FRONT_OBLIQUE_MDB_15DEG_35PCT"", ""priority"": 58, ""program_domain"": ""GENERIC_PHYSICAL_MODE"", ""rule_family_id"": ""GENERIC_FRONT_OBLIQUE_MDB_15DEG_35PCT"", ""rule_id"": ""GENERIC_FRONT_OBLIQUE_MDB_15DEG_35PCT"", ""score"": 5830, ""specificity_level"": ""generic_physical_mode""}, {""canonical_rule_id"": ""GENERIC_SLED_TEST_UNKNOWN_SUBTYPE"", ""priority"": 45, ""program_domain"": ""GENERIC_PHYSICAL_MODE"", ""rule_family_id"": ""GENERIC_SLED_TEST_UNKNOWN_SUBTYPE"", ""rule_id"": ""GENERIC_SLED_TEST_UNKNOWN_SUBTYPE"", ""score"": 4525, ""specificity_level"": ""generic_physical_mode""}]","[{""canonical_rule_id"": ""NHTSA_RESEARCH_FRONTAL_OBLIQUE_RMDB_LEGACY_OR_MATRIX"", ""fallback_used"": false, ""matched_evidence"": {""angle_near"": 15.0, ""overlap_percent_range"": 35.0, ""required_barrier_type"": [""rmdb""], ""speed_range_kmh"": 88.59, ""text_any"": [""RMDB""]}, ""priority"": 82, ""program_domain"": ""NHTSA_RESEARCH"", ""rule_family_id"": ""NHTSA_RESEARCH_FRONTAL_OBLIQUE_RMDB_LEGACY_OR_MATRIX"", ""rule_id"": ""NHTSA_RESEARCH_FRONTAL_OBLIQUE_RMDB_LEGACY_OR_MATRIX"", ""score"": 8275, ""specificity_level"": ""research_specific""}, {""canonical_rule_id"": ""GENERIC_FRONT_OBLIQUE_MDB_15DEG_35PCT"", ""fallback_used"": true, ""matched_evidence"": {""angle_near"": 15.0, ""direction"": [""front"", ""frontal""], ""overlap_percent_near"": 35.0, ""text_any"": [""MDB"", ""RMDB"", ""15 DEGREE""]}, ""priority"": 58, ""program_domain"": ""GENERIC_PHYSICAL_MODE"", ""rule_family_id"": ""GENERIC_FRONT_OBLIQUE_MDB_15DEG_35PCT"", ""rule_id"": ""GENERIC_FRONT_OBLIQUE_MDB_15DEG_35PCT"", ""score"": 5830, ""specificity_level"": ""generic_physical_mode""}, {""canonical_rule_id"": ""GENERIC_SLED_TEST_UNKNOWN_SUBTYPE"", ""fallback_used"": true, ""matched_evidence"": {""speed_range_kmh"": 88.59, ""test_configuration_any"": [""SLED WITH VEHICLE BODY"", ""SLED""], ""text_any"": [""SLED""]}, ""priority"": 45, ""program_domain"": ""GENERIC_PHYSICAL_MODE"", ""rule_family_id"": ""GENERIC_SLED_TEST_UNKNOWN_SUBTYPE"", ""rule_id"": ""GENERIC_SLED_TEST_UNKNOWN_SUBTYPE"", ""score"": 4525, ""specificity_level"": ""generic_physical_mode""}]","[""GENERIC_FRONT_OBLIQUE_MDB_15DEG_35PCT"", ""GENERIC_SLED_TEST_UNKNOWN_SUBTYPE"", ""NHTSA_RESEARCH_FRONTAL_OBLIQUE_RMDB_LEGACY_OR_MATRIX""]","{""angle_near"": 15.0, ""overlap_percent_range"": 35.0, ""required_barrier_type"": [""rmdb""], ""speed_range_kmh"": 88.59, ""text_any"": [""RMDB""]}","{""angle_reference"": ""barrier_centerline_to_vehicle_longitudinal_centerline"", ""barrier_mass_kg"": 2500, ""barrier_type"": ""oblique_moving_deformable_barrier"", ""component_test"": false, ""device_type"": ""rmdb"", ""dummy_configuration"": ""THOR or Hybrid III depending on test matrix"", ""evaluation_purpose"": ""occupant_protection_research"", ""impact_angle_deg"": 15, ""impact_direction"": ""front"", ""overlap_percent"": null, ""research_or_rulemaking_status"": ""research"", ""speed_condition"": ""range"", ""speed_kmh"": null, ""speed_mph"": null, ""test_vehicle_state"": ""stationary""}","[""multiple_candidates"", ""multiple_rule_families""]","{""angles_deg"": [15.0, 22.0, 345.0], ""barrier_types"": [""mdb"", ""moving_deformable_barrier"", ""rmdb""], ""contractor_study_title"": ""SLED BUCK RESEARCH AND DEVELOPMENT OFFSET TEST"", ""device_types"": [""mdb"", ""moving_deformable_barrier"", ""rmdb"", ""sled""], ""directions"": [""front"", ""frontal""], ""overlaps_percent"": [35.0], ""speeds_kmh"": [88.59], ""test_configuration"": ""SLED WITH VEHICLE BODY"", ""test_type"": ""RMDB INTO FRONT 15 DEGREE STATIONARY VEHICLE, OVERLAP=35 PERCENT""}",sled test classified as full vehicle crash,NHTSA_RESEARCH_SLED_WITH_VEHICLE_BODY,GENERIC_SLED_TEST_UNKNOWN_SUBTYPE_OR_TARGETED_SLED_WITH_BODY_OBLIQUE_RULE,Add a SLED WITH VEHICLE BODY domain gate/priority so full-vehicle oblique RMDB/OMDB rules cannot outrank sled rules.,test_summary,test_summary,$.results[0],d51addf84e43943a3ee5298ed1b77ef7ec6ed1df1a665c0be91f3077e7c1a88d
known_false_positive,9246,M1V1T17C,2014-12-13,2014-12-13,parsed,"RMDB INTO FRONT 15 DEGREE STATIONARY VEHICLE, OVERLAP=35 PERCENT",SLED WITH VEHICLE BODY,SLB,SLED BUCK RESEARCH AND DEVELOPMENT OFFSET TEST,88.67,88.67,22,22,0,0,NHTSA_RESEARCH_FRONTAL_OBLIQUE_RMDB_LEGACY_OR_MATRIX,NHTSA_RESEARCH_FRONTAL_OBLIQUE_RMDB_LEGACY_OR_MATRIX,NHTSA_RESEARCH_FRONTAL_OBLIQUE_RMDB_LEGACY_OR_MATRIX,classified,research_specific,0.99,2445.0,"[{""canonical_rule_id"": ""NHTSA_RESEARCH_FRONTAL_OBLIQUE_RMDB_LEGACY_OR_MATRIX"", ""priority"": 82, ""program_domain"": ""NHTSA_RESEARCH"", ""rule_family_id"": ""NHTSA_RESEARCH_FRONTAL_OBLIQUE_RMDB_LEGACY_OR_MATRIX"", ""rule_id"": ""NHTSA_RESEARCH_FRONTAL_OBLIQUE_RMDB_LEGACY_OR_MATRIX"", ""score"": 8275, ""specificity_level"": ""research_specific""}, {""canonical_rule_id"": ""GENERIC_FRONT_OBLIQUE_MDB_15DEG_35PCT"", ""priority"": 58, ""program_domain"": ""GENERIC_PHYSICAL_MODE"", ""rule_family_id"": ""GENERIC_FRONT_OBLIQUE_MDB_15DEG_35PCT"", ""rule_id"": ""GENERIC_FRONT_OBLIQUE_MDB_15DEG_35PCT"", ""score"": 5830, ""specificity_level"": ""generic_physical_mode""}, {""canonical_rule_id"": ""GENERIC_SLED_TEST_UNKNOWN_SUBTYPE"", ""priority"": 45, ""program_domain"": ""GENERIC_PHYSICAL_MODE"", ""rule_family_id"": ""GENERIC_SLED_TEST_UNKNOWN_SUBTYPE"", ""rule_id"": ""GENERIC_SLED_TEST_UNKNOWN_SUBTYPE"", ""score"": 4525, ""specificity_level"": ""generic_physical_mode""}]","[{""canonical_rule_id"": ""NHTSA_RESEARCH_FRONTAL_OBLIQUE_RMDB_LEGACY_OR_MATRIX"", ""fallback_used"": false, ""matched_evidence"": {""angle_near"": 15.0, ""overlap_percent_range"": 35.0, ""required_barrier_type"": [""rmdb""], ""speed_range_kmh"": 88.67, ""text_any"": [""RMDB""]}, ""priority"": 82, ""program_domain"": ""NHTSA_RESEARCH"", ""rule_family_id"": ""NHTSA_RESEARCH_FRONTAL_OBLIQUE_RMDB_LEGACY_OR_MATRIX"", ""rule_id"": ""NHTSA_RESEARCH_FRONTAL_OBLIQUE_RMDB_LEGACY_OR_MATRIX"", ""score"": 8275, ""specificity_level"": ""research_specific""}, {""canonical_rule_id"": ""GENERIC_FRONT_OBLIQUE_MDB_15DEG_35PCT"", ""fallback_used"": true, ""matched_evidence"": {""angle_near"": 15.0, ""direction"": [""front"", ""frontal""], ""overlap_percent_near"": 35.0, ""text_any"": [""MDB"", ""RMDB"", ""15 DEGREE""]}, ""priority"": 58, ""program_domain"": ""GENERIC_PHYSICAL_MODE"", ""rule_family_id"": ""GENERIC_FRONT_OBLIQUE_MDB_15DEG_35PCT"", ""rule_id"": ""GENERIC_FRONT_OBLIQUE_MDB_15DEG_35PCT"", ""score"": 5830, ""specificity_level"": ""generic_physical_mode""}, {""canonical_rule_id"": ""GENERIC_SLED_TEST_UNKNOWN_SUBTYPE"", ""fallback_used"": true, ""matched_evidence"": {""speed_range_kmh"": 88.67, ""test_configuration_any"": [""SLED WITH VEHICLE BODY"", ""SLED""], ""text_any"": [""SLED""]}, ""priority"": 45, ""program_domain"": ""GENERIC_PHYSICAL_MODE"", ""rule_family_id"": ""GENERIC_SLED_TEST_UNKNOWN_SUBTYPE"", ""rule_id"": ""GENERIC_SLED_TEST_UNKNOWN_SUBTYPE"", ""score"": 4525, ""specificity_level"": ""generic_physical_mode""}]","[""GENERIC_FRONT_OBLIQUE_MDB_15DEG_35PCT"", ""GENERIC_SLED_TEST_UNKNOWN_SUBTYPE"", ""NHTSA_RESEARCH_FRONTAL_OBLIQUE_RMDB_LEGACY_OR_MATRIX""]","{""angle_near"": 15.0, ""overlap_percent_range"": 35.0, ""required_barrier_type"": [""rmdb""], ""speed_range_kmh"": 88.67, ""text_any"": [""RMDB""]}","{""angle_reference"": ""barrier_centerline_to_vehicle_longitudinal_centerline"", ""barrier_mass_kg"": 2500, ""barrier_type"": ""oblique_moving_deformable_barrier"", ""component_test"": false, ""device_type"": ""rmdb"", ""dummy_configuration"": ""THOR or Hybrid III depending on test matrix"", ""evaluation_purpose"": ""occupant_protection_research"", ""impact_angle_deg"": 15, ""impact_direction"": ""front"", ""overlap_percent"": null, ""research_or_rulemaking_status"": ""research"", ""speed_condition"": ""range"", ""speed_kmh"": null, ""speed_mph"": null, ""test_vehicle_state"": ""stationary""}","[""multiple_candidates"", ""multiple_rule_families""]","{""angles_deg"": [15.0, 22.0, 345.0], ""barrier_types"": [""mdb"", ""moving_deformable_barrier"", ""rmdb""], ""contractor_study_title"": ""SLED BUCK RESEARCH AND DEVELOPMENT OFFSET TEST"", ""device_types"": [""mdb"", ""moving_deformable_barrier"", ""rmdb"", ""sled""], ""directions"": [""front"", ""frontal""], ""overlaps_percent"": [35.0], ""speeds_kmh"": [88.67], ""test_configuration"": ""SLED WITH VEHICLE BODY"", ""test_type"": ""RMDB INTO FRONT 15 DEGREE STATIONARY VEHICLE, OVERLAP=35 PERCENT""}",sled test classified as full vehicle crash,NHTSA_RESEARCH_SLED_WITH_VEHICLE_BODY,GENERIC_SLED_TEST_UNKNOWN_SUBTYPE_OR_TARGETED_SLED_WITH_BODY_OBLIQUE_RULE,Add a SLED WITH VEHICLE BODY domain gate/priority so full-vehicle oblique RMDB/OMDB rules cannot outrank sled rules.,test_summary,test_summary,$.results[0],9f65b3f53e84c221a67bb3fe5ad8a39424ec9d55ac6bc15e3c0e6814583bd2dd
known_false_positive,9247,M1V1T18C,2014-12-13,2014-12-13,parsed,"RMDB INTO FRONT 15 DEGREE STATIONARY VEHICLE, OVERLAP=35 PERCENT",SLED WITH VEHICLE BODY,SLB,SLED BUCK RESEARCH AND DEVELOPMENT OFFSET TEST,88.81,88.81,22,22,0,0,NHTSA_RESEARCH_FRONTAL_OBLIQUE_RMDB_LEGACY_OR_MATRIX,NHTSA_RESEARCH_FRONTAL_OBLIQUE_RMDB_LEGACY_OR_MATRIX,NHTSA_RESEARCH_FRONTAL_OBLIQUE_RMDB_LEGACY_OR_MATRIX,classified,research_specific,0.99,2445.0,"[{""canonical_rule_id"": ""NHTSA_RESEARCH_FRONTAL_OBLIQUE_RMDB_LEGACY_OR_MATRIX"", ""priority"": 82, ""program_domain"": ""NHTSA_RESEARCH"", ""rule_family_id"": ""NHTSA_RESEARCH_FRONTAL_OBLIQUE_RMDB_LEGACY_OR_MATRIX"", ""rule_id"": ""NHTSA_RESEARCH_FRONTAL_OBLIQUE_RMDB_LEGACY_OR_MATRIX"", ""score"": 8275, ""specificity_level"": ""research_specific""}, {""canonical_rule_id"": ""GENERIC_FRONT_OBLIQUE_MDB_15DEG_35PCT"", ""priority"": 58, ""program_domain"": ""GENERIC_PHYSICAL_MODE"", ""rule_family_id"": ""GENERIC_FRONT_OBLIQUE_MDB_15DEG_35PCT"", ""rule_id"": ""GENERIC_FRONT_OBLIQUE_MDB_15DEG_35PCT"", ""score"": 5830, ""specificity_level"": ""generic_physical_mode""}, {""canonical_rule_id"": ""GENERIC_SLED_TEST_UNKNOWN_SUBTYPE"", ""priority"": 45, ""program_domain"": ""GENERIC_PHYSICAL_MODE"", ""rule_family_id"": ""GENERIC_SLED_TEST_UNKNOWN_SUBTYPE"", ""rule_id"": ""GENERIC_SLED_TEST_UNKNOWN_SUBTYPE"", ""score"": 4525, ""specificity_level"": ""generic_physical_mode""}]","[{""canonical_rule_id"": ""NHTSA_RESEARCH_FRONTAL_OBLIQUE_RMDB_LEGACY_OR_MATRIX"", ""fallback_used"": false, ""matched_evidence"": {""angle_near"": 15.0, ""overlap_percent_range"": 35.0, ""required_barrier_type"": [""rmdb""], ""speed_range_kmh"": 88.81, ""text_any"": [""RMDB""]}, ""priority"": 82, ""program_domain"": ""NHTSA_RESEARCH"", ""rule_family_id"": ""NHTSA_RESEARCH_FRONTAL_OBLIQUE_RMDB_LEGACY_OR_MATRIX"", ""rule_id"": ""NHTSA_RESEARCH_FRONTAL_OBLIQUE_RMDB_LEGACY_OR_MATRIX"", ""score"": 8275, ""specificity_level"": ""research_specific""}, {""canonical_rule_id"": ""GENERIC_FRONT_OBLIQUE_MDB_15DEG_35PCT"", ""fallback_used"": true, ""matched_evidence"": {""angle_near"": 15.0, ""direction"": [""front"", ""frontal""], ""overlap_percent_near"": 35.0, ""text_any"": [""MDB"", ""RMDB"", ""15 DEGREE""]}, ""priority"": 58, ""program_domain"": ""GENERIC_PHYSICAL_MODE"", ""rule_family_id"": ""GENERIC_FRONT_OBLIQUE_MDB_15DEG_35PCT"", ""rule_id"": ""GENERIC_FRONT_OBLIQUE_MDB_15DEG_35PCT"", ""score"": 5830, ""specificity_level"": ""generic_physical_mode""}, {""canonical_rule_id"": ""GENERIC_SLED_TEST_UNKNOWN_SUBTYPE"", ""fallback_used"": true, ""matched_evidence"": {""speed_range_kmh"": 88.81, ""test_configuration_any"": [""SLED WITH VEHICLE BODY"", ""SLED""], ""text_any"": [""SLED""]}, ""priority"": 45, ""program_domain"": ""GENERIC_PHYSICAL_MODE"", ""rule_family_id"": ""GENERIC_SLED_TEST_UNKNOWN_SUBTYPE"", ""rule_id"": ""GENERIC_SLED_TEST_UNKNOWN_SUBTYPE"", ""score"": 4525, ""specificity_level"": ""generic_physical_mode""}]","[""GENERIC_FRONT_OBLIQUE_MDB_15DEG_35PCT"", ""GENERIC_SLED_TEST_UNKNOWN_SUBTYPE"", ""NHTSA_RESEARCH_FRONTAL_OBLIQUE_RMDB_LEGACY_OR_MATRIX""]","{""angle_near"": 15.0, ""overlap_percent_range"": 35.0, ""required_barrier_type"": [""rmdb""], ""speed_range_kmh"": 88.81, ""text_any"": [""RMDB""]}","{""angle_reference"": ""barrier_centerline_to_vehicle_longitudinal_centerline"", ""barrier_mass_kg"": 2500, ""barrier_type"": ""oblique_moving_deformable_barrier"", ""component_test"": false, ""device_type"": ""rmdb"", ""dummy_configuration"": ""THOR or Hybrid III depending on test matrix"", ""evaluation_purpose"": ""occupant_protection_research"", ""impact_angle_deg"": 15, ""impact_direction"": ""front"", ""overlap_percent"": null, ""research_or_rulemaking_status"": ""research"", ""speed_condition"": ""range"", ""speed_kmh"": null, ""speed_mph"": null, ""test_vehicle_state"": ""stationary""}","[""multiple_candidates"", ""multiple_rule_families""]","{""angles_deg"": [15.0, 22.0, 345.0], ""barrier_types"": [""mdb"", ""moving_deformable_barrier"", ""rmdb""], ""contractor_study_title"": ""SLED BUCK RESEARCH AND DEVELOPMENT OFFSET TEST"", ""device_types"": [""mdb"", ""moving_deformable_barrier"", ""rmdb"", ""sled""], ""directions"": [""front"", ""frontal""], ""overlaps_percent"": [35.0], ""speeds_kmh"": [88.81], ""test_configuration"": ""SLED WITH VEHICLE BODY"", ""test_type"": ""RMDB INTO FRONT 15 DEGREE STATIONARY VEHICLE, OVERLAP=35 PERCENT""}",sled test classified as full vehicle crash,NHTSA_RESEARCH_SLED_WITH_VEHICLE_BODY,GENERIC_SLED_TEST_UNKNOWN_SUBTYPE_OR_TARGETED_SLED_WITH_BODY_OBLIQUE_RULE,Add a SLED WITH VEHICLE BODY domain gate/priority so full-vehicle oblique RMDB/OMDB rules cannot outrank sled rules.,test_summary,test_summary,$.results[0],bc36338262d3621ede11f3a591b87839d6385add08f8f03a3984eb9f44bab8e8
unclassified,9571,CV1602.0012,2016-01-29,2016-01-29,parsed,RESEARCH,VEHICLE INTO BARRIER,VTB,RESEARCH FRONTAL RIGID BARRIER,56.51,56.51,0,0,0,0,,,,unclassified,unclassified,0.0,0.0,[],[],[],{},{},"[""unclassified""]","{""angles_deg"": [0.0], ""barrier_types"": [""fixed_collision_barrier"", ""fixed_rigid_barrier""], ""contractor_study_title"": ""RESEARCH FRONTAL RIGID BARRIER"", ""device_types"": [""fixed_collision_barrier"", ""fixed_rigid_barrier""], ""directions"": [""front"", ""frontal""], ""overlaps_percent"": [], ""speeds_kmh"": [56.51], ""test_configuration"": ""VEHICLE INTO BARRIER"", ""test_type"": ""RESEARCH""}",,UNCLASSIFIED_MANUAL_RULE_REVIEW,,Group by physical mode and add targeted rules only after confirming evidence fields; do not broaden existing rules automatically.,test_summary,test_summary,$.results[0],01f57def495b903e37661ec47079d4c93370c6dd94c9252426a8e694081a9804
unclassified,9686,BT160222111,2016-02-22,2016-02-22,parsed,FMVSS 208 OCCUPANT CRASH PROTECTION,VEHICLE INTO BARRIER,VTB,FMVSS 208 FRONTAL IMPACT - 2015 BMW MINI,39.5,39.5,0,0,0,0,,,,unclassified,unclassified,0.0,0.0,[],[],[],{},{},"[""unclassified""]","{""angles_deg"": [0.0], ""barrier_types"": [""fixed_collision_barrier"", ""fixed_rigid_barrier""], ""contractor_study_title"": ""FMVSS 208 FRONTAL IMPACT - 2015 BMW MINI"", ""device_types"": [""fixed_collision_barrier"", ""fixed_rigid_barrier"", ""static_airbag""], ""directions"": [""front"", ""frontal""], ""overlaps_percent"": [], ""speeds_kmh"": [39.5], ""test_configuration"": ""VEHICLE INTO BARRIER"", ""test_type"": ""FMVSS 208 OCCUPANT CRASH PROTECTION""}",,UNCLASSIFIED_MANUAL_RULE_REVIEW,,Group by physical mode and add targeted rules only after confirming evidence fields; do not broaden existing rules automatically.,test_summary,test_summary,$.results[0],d457b5b207755f0de358a124207fec99145be311599663cec5d4937884fbc9f5
unclassified,10666,CV2140.1002.4204,2018-12-14,2018-12-14,parsed,FMVSS 214 SIDE IMPACT PROTECTION,IMPACTOR INTO VEHICLE,ITV,FMVSS214 SIDE MDB BARRIER IMPACT TEST,52.68,52.68,270,270,0,0,,,,unclassified,unclassified,0.0,0.0,[],[],[],{},{},"[""unclassified""]","{""angles_deg"": [90.0, 270.0], ""barrier_types"": [""mdb"", ""moving_deformable_barrier""], ""contractor_study_title"": ""FMVSS214 SIDE MDB BARRIER IMPACT TEST"", ""device_types"": [""mdb"", ""moving_deformable_barrier""], ""directions"": [""front"", ""frontal"", ""side""], ""overlaps_percent"": [], ""speeds_kmh"": [0.0, 52.68], ""test_configuration"": ""IMPACTOR INTO VEHICLE"", ""test_type"": ""FMVSS 214 SIDE IMPACT PROTECTION""}",,UNCLASSIFIED_MANUAL_RULE_REVIEW,,Group by physical mode and add targeted rules only after confirming evidence fields; do not broaden existing rules automatically.,test_summary,test_summary,$.results[0],0216a0a62bc232b36b5de5f8652893a8a2943317c32893663a83c201bef7745e
known_false_positive,10841,R20185381,2019-09-11,2019-09-11,parsed,RESEARCH,VEHICLE INTO POLE,VTP,2018 HONDA ACCORD LEFT SIDE FMVSS POLE IMPACT AT 32 KPH,32.01,32.01,285,285,0,0,US_NCAP_SIDE_POLE_20MPH_75DEG_25CM,US_NCAP_SIDE_POLE_20MPH_75DEG_25CM,US_NCAP_SIDE_POLE_20MPH_75DEG_25CM,classified,protocol_exact,0.99,2865.0,"[{""canonical_rule_id"": ""US_NCAP_SIDE_POLE_20MPH_75DEG_25CM"", ""priority"": 100, ""program_domain"": ""US_NCAP_CONSUMER"", ""rule_family_id"": ""US_NCAP_SIDE_POLE_20MPH_75DEG_25CM"", ""rule_id"": ""US_NCAP_SIDE_POLE_20MPH_75DEG_25CM"", ""score"": 10095, ""specificity_level"": ""protocol_exact""}, {""canonical_rule_id"": ""RESEARCH_VEHICLE_INTO_POLE_GENERIC_SIDE_POLE"", ""priority"": 72, ""program_domain"": ""NHTSA_RESEARCH"", ""rule_family_id"": ""RESEARCH_VEHICLE_INTO_POLE_GENERIC_SIDE_POLE"", ""rule_id"": ""RESEARCH_VEHICLE_INTO_POLE_GENERIC_SIDE_POLE"", ""score"": 7230, ""specificity_level"": ""generic_physical_mode""}]","[{""canonical_rule_id"": ""US_NCAP_SIDE_POLE_20MPH_75DEG_25CM"", ""fallback_used"": false, ""matched_evidence"": {""angle_near"": 75.0, ""direction"": [""side""], ""required_barrier_type"": [""rigid_pole""], ""speed_near"": 32.01, ""text_any"": [""RIGID POLE""]}, ""priority"": 100, ""program_domain"": ""US_NCAP_CONSUMER"", ""rule_family_id"": ""US_NCAP_SIDE_POLE_20MPH_75DEG_25CM"", ""rule_id"": ""US_NCAP_SIDE_POLE_20MPH_75DEG_25CM"", ""score"": 10095, ""specificity_level"": ""protocol_exact""}, {""canonical_rule_id"": ""RESEARCH_VEHICLE_INTO_POLE_GENERIC_SIDE_POLE"", ""fallback_used"": true, ""matched_evidence"": {""angle_near_any"": 75.0, ""speed_range_kmh"": 32.01, ""test_configuration_any"": [""VEHICLE INTO POLE""], ""text_any"": [""VEHICLE INTO POLE"", ""POLE IMPACT"", ""RIGID POLE""]}, ""priority"": 72, ""program_domain"": ""NHTSA_RESEARCH"", ""rule_family_id"": ""RESEARCH_VEHICLE_INTO_POLE_GENERIC_SIDE_POLE"", ""rule_id"": ""RESEARCH_VEHICLE_INTO_POLE_GENERIC_SIDE_POLE"", ""score"": 7230, ""specificity_level"": ""generic_physical_mode""}]","[""RESEARCH_VEHICLE_INTO_POLE_GENERIC_SIDE_POLE"", ""US_NCAP_SIDE_POLE_20MPH_75DEG_25CM""]","{""angle_near"": 75.0, ""direction"": [""side""], ""required_barrier_type"": [""rigid_pole""], ""speed_near"": 32.01, ""text_any"": [""RIGID POLE""]}","{""angle_reference"": ""vehicle_yaw_to_pole"", ""barrier_mass_kg"": null, ""barrier_type"": ""rigid_pole"", ""dummy_configuration"": ""driver small-size adult female; belted"", ""evaluation_purpose"": ""occupant_protection"", ""impact_angle_deg"": 75, ""impact_direction"": ""side"", ""overlap_percent"": null, ""pole_diameter_mm"": 250, ""speed_condition"": ""exact"", ""speed_kmh"": 32.187, ""speed_mph"": 20.0, ""test_vehicle_state"": ""pulled_sideways""}","[""multiple_candidates"", ""multiple_rule_families""]","{""angles_deg"": [0.0, 75.0, 285.0], ""barrier_types"": [""fixed_rigid_barrier"", ""pole"", ""rigid_pole"", ""side_rigid_pole""], ""contractor_study_title"": ""2018 HONDA ACCORD LEFT SIDE FMVSS POLE IMPACT AT 32 KPH"", ""device_types"": [""fixed_rigid_barrier"", ""pole"", ""rigid_pole"", ""side_rigid_pole""], ""directions"": [""front"", ""frontal"", ""side""], ""overlaps_percent"": [], ""speeds_kmh"": [32.01], ""test_configuration"": ""VEHICLE INTO POLE"", ""test_type"": ""RESEARCH""}",side pole over-confirmed without program keyword,NHTSA_RESEARCH_OR_SIDE_POLE_MANUAL_REVIEW,RESEARCH_VEHICLE_INTO_POLE_GENERIC_SIDE_POLE,"Require explicit NCAP/FMVSS 214 evidence for protocol side-pole rules, or let the research/generic pole rule win for RESEARCH rows.",test_summary,test_summary,$.results[0],cd11e9a8c1bc8117a91fd83abf595a7c0d0e3c9ea85f928ee04874509f9b48c9
known_false_positive,10842,190729,2019-07-29,2019-07-29,parsed,RESEARCH,VEHICLE INTO POLE,VTP,2018 HONDA ACCORD LEFT SIDE FMVSS POLE IMPACT AT 32 KPH,31.98,31.98,285,285,0,0,US_NCAP_SIDE_POLE_20MPH_75DEG_25CM,US_NCAP_SIDE_POLE_20MPH_75DEG_25CM,US_NCAP_SIDE_POLE_20MPH_75DEG_25CM,classified,protocol_exact,0.99,2865.0,"[{""canonical_rule_id"": ""US_NCAP_SIDE_POLE_20MPH_75DEG_25CM"", ""priority"": 100, ""program_domain"": ""US_NCAP_CONSUMER"", ""rule_family_id"": ""US_NCAP_SIDE_POLE_20MPH_75DEG_25CM"", ""rule_id"": ""US_NCAP_SIDE_POLE_20MPH_75DEG_25CM"", ""score"": 10095, ""specificity_level"": ""protocol_exact""}, {""canonical_rule_id"": ""RESEARCH_VEHICLE_INTO_POLE_GENERIC_SIDE_POLE"", ""priority"": 72, ""program_domain"": ""NHTSA_RESEARCH"", ""rule_family_id"": ""RESEARCH_VEHICLE_INTO_POLE_GENERIC_SIDE_POLE"", ""rule_id"": ""RESEARCH_VEHICLE_INTO_POLE_GENERIC_SIDE_POLE"", ""score"": 7230, ""specificity_level"": ""generic_physical_mode""}]","[{""canonical_rule_id"": ""US_NCAP_SIDE_POLE_20MPH_75DEG_25CM"", ""fallback_used"": false, ""matched_evidence"": {""angle_near"": 75.0, ""direction"": [""side""], ""required_barrier_type"": [""rigid_pole""], ""speed_near"": 31.98, ""text_any"": [""RIGID POLE""]}, ""priority"": 100, ""program_domain"": ""US_NCAP_CONSUMER"", ""rule_family_id"": ""US_NCAP_SIDE_POLE_20MPH_75DEG_25CM"", ""rule_id"": ""US_NCAP_SIDE_POLE_20MPH_75DEG_25CM"", ""score"": 10095, ""specificity_level"": ""protocol_exact""}, {""canonical_rule_id"": ""RESEARCH_VEHICLE_INTO_POLE_GENERIC_SIDE_POLE"", ""fallback_used"": true, ""matched_evidence"": {""angle_near_any"": 75.0, ""speed_range_kmh"": 31.98, ""test_configuration_any"": [""VEHICLE INTO POLE""], ""text_any"": [""VEHICLE INTO POLE"", ""POLE IMPACT"", ""RIGID POLE""]}, ""priority"": 72, ""program_domain"": ""NHTSA_RESEARCH"", ""rule_family_id"": ""RESEARCH_VEHICLE_INTO_POLE_GENERIC_SIDE_POLE"", ""rule_id"": ""RESEARCH_VEHICLE_INTO_POLE_GENERIC_SIDE_POLE"", ""score"": 7230, ""specificity_level"": ""generic_physical_mode""}]","[""RESEARCH_VEHICLE_INTO_POLE_GENERIC_SIDE_POLE"", ""US_NCAP_SIDE_POLE_20MPH_75DEG_25CM""]","{""angle_near"": 75.0, ""direction"": [""side""], ""required_barrier_type"": [""rigid_pole""], ""speed_near"": 31.98, ""text_any"": [""RIGID POLE""]}","{""angle_reference"": ""vehicle_yaw_to_pole"", ""barrier_mass_kg"": null, ""barrier_type"": ""rigid_pole"", ""dummy_configuration"": ""driver small-size adult female; belted"", ""evaluation_purpose"": ""occupant_protection"", ""impact_angle_deg"": 75, ""impact_direction"": ""side"", ""overlap_percent"": null, ""pole_diameter_mm"": 250, ""speed_condition"": ""exact"", ""speed_kmh"": 32.187, ""speed_mph"": 20.0, ""test_vehicle_state"": ""pulled_sideways""}","[""multiple_candidates"", ""multiple_rule_families""]","{""angles_deg"": [0.0, 75.0, 285.0], ""barrier_types"": [""fixed_rigid_barrier"", ""pole"", ""rigid_pole"", ""side_rigid_pole""], ""contractor_study_title"": ""2018 HONDA ACCORD LEFT SIDE FMVSS POLE IMPACT AT 32 KPH"", ""device_types"": [""fixed_rigid_barrier"", ""pole"", ""rigid_pole"", ""side_rigid_pole""], ""directions"": [""front"", ""frontal"", ""side""], ""overlaps_percent"": [], ""speeds_kmh"": [31.98], ""test_configuration"": ""VEHICLE INTO POLE"", ""test_type"": ""RESEARCH""}",side pole over-confirmed without program keyword,NHTSA_RESEARCH_OR_SIDE_POLE_MANUAL_REVIEW,RESEARCH_VEHICLE_INTO_POLE_GENERIC_SIDE_POLE,"Require explicit NCAP/FMVSS 214 evidence for protocol side-pole rules, or let the research/generic pole rule win for RESEARCH rows.",test_summary,test_summary,$.results[0],0faaa74a50bc8793c0b54f56cd791ea028f12ee80800f5c1b67ca7ef6764eb43
known_false_positive,10845,R20185385,2019-10-31,2019-10-31,parsed,RESEARCH,VEHICLE INTO POLE,VTP,2018 HONDA ACCORD LEFT SIDE FMVSS POLE IMPACT AT 32 KPH,31.9,31.9,285,285,0,0,US_NCAP_SIDE_POLE_20MPH_75DEG_25CM,US_NCAP_SIDE_POLE_20MPH_75DEG_25CM,US_NCAP_SIDE_POLE_20MPH_75DEG_25CM,classified,protocol_exact,0.99,2865.0,"[{""canonical_rule_id"": ""US_NCAP_SIDE_POLE_20MPH_75DEG_25CM"", ""priority"": 100, ""program_domain"": ""US_NCAP_CONSUMER"", ""rule_family_id"": ""US_NCAP_SIDE_POLE_20MPH_75DEG_25CM"", ""rule_id"": ""US_NCAP_SIDE_POLE_20MPH_75DEG_25CM"", ""score"": 10095, ""specificity_level"": ""protocol_exact""}, {""canonical_rule_id"": ""RESEARCH_VEHICLE_INTO_POLE_GENERIC_SIDE_POLE"", ""priority"": 72, ""program_domain"": ""NHTSA_RESEARCH"", ""rule_family_id"": ""RESEARCH_VEHICLE_INTO_POLE_GENERIC_SIDE_POLE"", ""rule_id"": ""RESEARCH_VEHICLE_INTO_POLE_GENERIC_SIDE_POLE"", ""score"": 7230, ""specificity_level"": ""generic_physical_mode""}]","[{""canonical_rule_id"": ""US_NCAP_SIDE_POLE_20MPH_75DEG_25CM"", ""fallback_used"": false, ""matched_evidence"": {""angle_near"": 75.0, ""direction"": [""side""], ""required_barrier_type"": [""rigid_pole""], ""speed_near"": 31.9, ""text_any"": [""RIGID POLE""]}, ""priority"": 100, ""program_domain"": ""US_NCAP_CONSUMER"", ""rule_family_id"": ""US_NCAP_SIDE_POLE_20MPH_75DEG_25CM"", ""rule_id"": ""US_NCAP_SIDE_POLE_20MPH_75DEG_25CM"", ""score"": 10095, ""specificity_level"": ""protocol_exact""}, {""canonical_rule_id"": ""RESEARCH_VEHICLE_INTO_POLE_GENERIC_SIDE_POLE"", ""fallback_used"": true, ""matched_evidence"": {""angle_near_any"": 75.0, ""speed_range_kmh"": 31.9, ""test_configuration_any"": [""VEHICLE INTO POLE""], ""text_any"": [""VEHICLE INTO POLE"", ""POLE IMPACT"", ""RIGID POLE""]}, ""priority"": 72, ""program_domain"": ""NHTSA_RESEARCH"", ""rule_family_id"": ""RESEARCH_VEHICLE_INTO_POLE_GENERIC_SIDE_POLE"", ""rule_id"": ""RESEARCH_VEHICLE_INTO_POLE_GENERIC_SIDE_POLE"", ""score"": 7230, ""specificity_level"": ""generic_physical_mode""}]","[""RESEARCH_VEHICLE_INTO_POLE_GENERIC_SIDE_POLE"", ""US_NCAP_SIDE_POLE_20MPH_75DEG_25CM""]","{""angle_near"": 75.0, ""direction"": [""side""], ""required_barrier_type"": [""rigid_pole""], ""speed_near"": 31.9, ""text_any"": [""RIGID POLE""]}","{""angle_reference"": ""vehicle_yaw_to_pole"", ""barrier_mass_kg"": null, ""barrier_type"": ""rigid_pole"", ""dummy_configuration"": ""driver small-size adult female; belted"", ""evaluation_purpose"": ""occupant_protection"", ""impact_angle_deg"": 75, ""impact_direction"": ""side"", ""overlap_percent"": null, ""pole_diameter_mm"": 250, ""speed_condition"": ""exact"", ""speed_kmh"": 32.187, ""speed_mph"": 20.0, ""test_vehicle_state"": ""pulled_sideways""}","[""multiple_candidates"", ""multiple_rule_families""]","{""angles_deg"": [0.0, 75.0, 285.0], ""barrier_types"": [""fixed_rigid_barrier"", ""pole"", ""rigid_pole"", ""side_rigid_pole""], ""contractor_study_title"": ""2018 HONDA ACCORD LEFT SIDE FMVSS POLE IMPACT AT 32 KPH"", ""device_types"": [""fixed_rigid_barrier"", ""pole"", ""rigid_pole"", ""side_rigid_pole""], ""directions"": [""front"", ""frontal"", ""side""], ""overlaps_percent"": [], ""speeds_kmh"": [31.9], ""test_configuration"": ""VEHICLE INTO POLE"", ""test_type"": ""RESEARCH""}",side pole over-confirmed without program keyword,NHTSA_RESEARCH_OR_SIDE_POLE_MANUAL_REVIEW,RESEARCH_VEHICLE_INTO_POLE_GENERIC_SIDE_POLE,"Require explicit NCAP/FMVSS 214 evidence for protocol side-pole rules, or let the research/generic pole rule win for RESEARCH rows.",test_summary,test_summary,$.results[0],8de2c8a06fc3af671324ee7fcf320c0110e587e1fc09b9dc0d86de97d0d6ceb4
unclassified,11135,09-SD-0520-01,2020-05-18,2020-05-18,parsed,FMVSS 214 SIDE IMPACT PROTECTION,IMPACTOR INTO VEHICLE,ITV,FMVSS214 SIDE MDB BARRIER IMPACT TEST,52.73,52.73,270,270,0,0,,,,unclassified,unclassified,0.0,0.0,[],[],[],{},{},"[""unclassified""]","{""angles_deg"": [90.0, 270.0], ""barrier_types"": [""mdb"", ""moving_deformable_barrier""], ""contractor_study_title"": ""FMVSS214 SIDE MDB BARRIER IMPACT TEST"", ""device_types"": [""mdb"", ""moving_deformable_barrier""], ""directions"": [""front"", ""frontal"", ""side""], ""overlaps_percent"": [], ""speeds_kmh"": [0.0, 52.73], ""test_configuration"": ""IMPACTOR INTO VEHICLE"", ""test_type"": ""FMVSS 214 SIDE IMPACT PROTECTION""}",,UNCLASSIFIED_MANUAL_RULE_REVIEW,,Group by physical mode and add targeted rules only after confirming evidence fields; do not broaden existing rules automatically.,test_summary,test_summary,$.results[0],3eb8824739cdb27128b4b8e97523302ecfd55b70b4438f571703b8dc02205e16
unclassified,11346,R20205412,2020-12-07,2020-12-07,parsed,RESEARCH,VEHICLE INTO BARRIER,VTB,RESEARCH AND DEVELOPMENT RIGHT SIDE 30° FRONTAL RIGID BARRIER IMPACT,40.63,40.63,30,30,0,0,,,,unclassified,unclassified,0.0,0.0,[],[],[],{},{},"[""unclassified""]","{""angles_deg"": [30.0], ""barrier_types"": [""fixed_collision_barrier"", ""fixed_rigid_barrier""], ""contractor_study_title"": ""RESEARCH AND DEVELOPMENT RIGHT SIDE 30° FRONTAL RIGID BARRIER IMPACT"", ""device_types"": [""fixed_collision_barrier"", ""fixed_rigid_barrier""], ""directions"": [""front"", ""frontal"", ""side""], ""overlaps_percent"": [], ""speeds_kmh"": [40.63], ""test_configuration"": ""VEHICLE INTO BARRIER"", ""test_type"": ""RESEARCH""}",,UNCLASSIFIED_MANUAL_RULE_REVIEW,,Group by physical mode and add targeted rules only after confirming evidence fields; do not broaden existing rules automatically.,test_summary,test_summary,$.results[0],aad29380f5a63d3ee15b599a5912dcbf86fbc102f53fbbef055138b1ec0c352e
unclassified,11363,R20205414,2020-12-18,2020-12-18,parsed,RESEARCH,VEHICLE INTO BARRIER,VTB,RESEARCH AND DEVELOPMENT RIGHT SIDE 30° FRONTAL RIGID BARRIER IMPACT,40.11,40.11,30,30,0,0,,,,unclassified,unclassified,0.0,0.0,[],[],[],{},{},"[""unclassified""]","{""angles_deg"": [30.0], ""barrier_types"": [""fixed_collision_barrier"", ""fixed_rigid_barrier""], ""contractor_study_title"": ""RESEARCH AND DEVELOPMENT RIGHT SIDE 30° FRONTAL RIGID BARRIER IMPACT"", ""device_types"": [""fixed_collision_barrier"", ""fixed_rigid_barrier""], ""directions"": [""front"", ""frontal"", ""side""], ""overlaps_percent"": [], ""speeds_kmh"": [40.11], ""test_configuration"": ""VEHICLE INTO BARRIER"", ""test_type"": ""RESEARCH""}",,UNCLASSIFIED_MANUAL_RULE_REVIEW,,Group by physical mode and add targeted rules only after confirming evidence fields; do not broaden existing rules automatically.,test_summary,test_summary,$.results[0],073ddf3eb4a23295d68c09fb6b2f0444fb6f85e6b3e7980631db7204e595056b
known_false_positive,11600,200925,2020-09-25,2020-09-25,parsed,RESEARCH,VEHICLE INTO POLE,VTP,2019 CHEVROLET MALIBU LEFT SIDE FMVSS POLE IMPACT AT 32 KPH,32.81,32.81,285,285,0,0,US_NCAP_SIDE_POLE_20MPH_75DEG_25CM,US_NCAP_SIDE_POLE_20MPH_75DEG_25CM,US_NCAP_SIDE_POLE_20MPH_75DEG_25CM,classified,protocol_exact,0.99,2865.0,"[{""canonical_rule_id"": ""US_NCAP_SIDE_POLE_20MPH_75DEG_25CM"", ""priority"": 100, ""program_domain"": ""US_NCAP_CONSUMER"", ""rule_family_id"": ""US_NCAP_SIDE_POLE_20MPH_75DEG_25CM"", ""rule_id"": ""US_NCAP_SIDE_POLE_20MPH_75DEG_25CM"", ""score"": 10095, ""specificity_level"": ""protocol_exact""}, {""canonical_rule_id"": ""RESEARCH_VEHICLE_INTO_POLE_GENERIC_SIDE_POLE"", ""priority"": 72, ""program_domain"": ""NHTSA_RESEARCH"", ""rule_family_id"": ""RESEARCH_VEHICLE_INTO_POLE_GENERIC_SIDE_POLE"", ""rule_id"": ""RESEARCH_VEHICLE_INTO_POLE_GENERIC_SIDE_POLE"", ""score"": 7230, ""specificity_level"": ""generic_physical_mode""}]","[{""canonical_rule_id"": ""US_NCAP_SIDE_POLE_20MPH_75DEG_25CM"", ""fallback_used"": false, ""matched_evidence"": {""angle_near"": 75.0, ""direction"": [""side""], ""required_barrier_type"": [""rigid_pole""], ""speed_near"": 32.81, ""text_any"": [""RIGID POLE""]}, ""priority"": 100, ""program_domain"": ""US_NCAP_CONSUMER"", ""rule_family_id"": ""US_NCAP_SIDE_POLE_20MPH_75DEG_25CM"", ""rule_id"": ""US_NCAP_SIDE_POLE_20MPH_75DEG_25CM"", ""score"": 10095, ""specificity_level"": ""protocol_exact""}, {""canonical_rule_id"": ""RESEARCH_VEHICLE_INTO_POLE_GENERIC_SIDE_POLE"", ""fallback_used"": true, ""matched_evidence"": {""angle_near_any"": 75.0, ""speed_range_kmh"": 32.81, ""test_configuration_any"": [""VEHICLE INTO POLE""], ""text_any"": [""VEHICLE INTO POLE"", ""POLE IMPACT"", ""RIGID POLE""]}, ""priority"": 72, ""program_domain"": ""NHTSA_RESEARCH"", ""rule_family_id"": ""RESEARCH_VEHICLE_INTO_POLE_GENERIC_SIDE_POLE"", ""rule_id"": ""RESEARCH_VEHICLE_INTO_POLE_GENERIC_SIDE_POLE"", ""score"": 7230, ""specificity_level"": ""generic_physical_mode""}]","[""RESEARCH_VEHICLE_INTO_POLE_GENERIC_SIDE_POLE"", ""US_NCAP_SIDE_POLE_20MPH_75DEG_25CM""]","{""angle_near"": 75.0, ""direction"": [""side""], ""required_barrier_type"": [""rigid_pole""], ""speed_near"": 32.81, ""text_any"": [""RIGID POLE""]}","{""angle_reference"": ""vehicle_yaw_to_pole"", ""barrier_mass_kg"": null, ""barrier_type"": ""rigid_pole"", ""dummy_configuration"": ""driver small-size adult female; belted"", ""evaluation_purpose"": ""occupant_protection"", ""impact_angle_deg"": 75, ""impact_direction"": ""side"", ""overlap_percent"": null, ""pole_diameter_mm"": 250, ""speed_condition"": ""exact"", ""speed_kmh"": 32.187, ""speed_mph"": 20.0, ""test_vehicle_state"": ""pulled_sideways""}","[""multiple_candidates"", ""multiple_rule_families""]","{""angles_deg"": [0.0, 75.0, 285.0], ""barrier_types"": [""fixed_rigid_barrier"", ""pole"", ""rigid_pole"", ""side_rigid_pole""], ""contractor_study_title"": ""2019 CHEVROLET MALIBU LEFT SIDE FMVSS POLE IMPACT AT 32 KPH"", ""device_types"": [""fixed_rigid_barrier"", ""pole"", ""rigid_pole"", ""side_rigid_pole""], ""directions"": [""front"", ""frontal"", ""side""], ""overlaps_percent"": [], ""speeds_kmh"": [32.81], ""test_configuration"": ""VEHICLE INTO POLE"", ""test_type"": ""RESEARCH""}",side pole over-confirmed without program keyword,NHTSA_RESEARCH_OR_SIDE_POLE_MANUAL_REVIEW,RESEARCH_VEHICLE_INTO_POLE_GENERIC_SIDE_POLE,"Require explicit NCAP/FMVSS 214 evidence for protocol side-pole rules, or let the research/generic pole rule win for RESEARCH rows.",test_summary,test_summary,$.results[0],1c7cc052ef35d7a5158d4135f23d240ac61115e5bedf4736d0e6667a5ffba133
unclassified,11602,201119,2020-11-19,2020-11-19,parsed,RESEARCH,VEHICLE INTO POLE,VTP,2020 GMC TERRAIN LEFT SIDE FMVSS POLE IMPACT,0,0.0,,,0,0,,,,unclassified,unclassified,0.0,0.0,[],[],[],{},{},"[""unclassified""]","{""angles_deg"": [75.0, 285.0], ""barrier_types"": [""fixed_rigid_barrier"", ""pole"", ""rigid_pole"", ""side_rigid_pole""], ""contractor_study_title"": ""2020 GMC TERRAIN LEFT SIDE FMVSS POLE IMPACT"", ""device_types"": [""fixed_rigid_barrier"", ""pole"", ""rigid_pole"", ""side_rigid_pole""], ""directions"": [""front"", ""frontal"", ""side""], ""overlaps_percent"": [], ""speeds_kmh"": [0.0], ""test_configuration"": ""VEHICLE INTO POLE"", ""test_type"": ""RESEARCH""}",,UNCLASSIFIED_MANUAL_RULE_REVIEW,,Group by physical mode and add targeted rules only after confirming evidence fields; do not broaden existing rules automatically.,test_summary,test_summary,$.results[0],858ed5274f87baf5a2ab36622b649d51e28ad4c403a29a988a0bbd2310c22da6
known_false_positive,11604,210114,2021-01-14,2021-01-14,parsed,RESEARCH,VEHICLE INTO POLE,VTP,2020 HYUNDAI HYUNDAI VELOSTER LEFT SIDE FMVSS POLE IMPACT AT 32 KPH,31.26,31.26,285,285,0,0,US_NCAP_SIDE_POLE_20MPH_75DEG_25CM,US_NCAP_SIDE_POLE_20MPH_75DEG_25CM,US_NCAP_SIDE_POLE_20MPH_75DEG_25CM,classified,protocol_exact,0.99,2865.0,"[{""canonical_rule_id"": ""US_NCAP_SIDE_POLE_20MPH_75DEG_25CM"", ""priority"": 100, ""program_domain"": ""US_NCAP_CONSUMER"", ""rule_family_id"": ""US_NCAP_SIDE_POLE_20MPH_75DEG_25CM"", ""rule_id"": ""US_NCAP_SIDE_POLE_20MPH_75DEG_25CM"", ""score"": 10095, ""specificity_level"": ""protocol_exact""}, {""canonical_rule_id"": ""RESEARCH_VEHICLE_INTO_POLE_GENERIC_SIDE_POLE"", ""priority"": 72, ""program_domain"": ""NHTSA_RESEARCH"", ""rule_family_id"": ""RESEARCH_VEHICLE_INTO_POLE_GENERIC_SIDE_POLE"", ""rule_id"": ""RESEARCH_VEHICLE_INTO_POLE_GENERIC_SIDE_POLE"", ""score"": 7230, ""specificity_level"": ""generic_physical_mode""}]","[{""canonical_rule_id"": ""US_NCAP_SIDE_POLE_20MPH_75DEG_25CM"", ""fallback_used"": false, ""matched_evidence"": {""angle_near"": 75.0, ""direction"": [""side""], ""required_barrier_type"": [""rigid_pole""], ""speed_near"": 31.26, ""text_any"": [""RIGID POLE""]}, ""priority"": 100, ""program_domain"": ""US_NCAP_CONSUMER"", ""rule_family_id"": ""US_NCAP_SIDE_POLE_20MPH_75DEG_25CM"", ""rule_id"": ""US_NCAP_SIDE_POLE_20MPH_75DEG_25CM"", ""score"": 10095, ""specificity_level"": ""protocol_exact""}, {""canonical_rule_id"": ""RESEARCH_VEHICLE_INTO_POLE_GENERIC_SIDE_POLE"", ""fallback_used"": true, ""matched_evidence"": {""angle_near_any"": 75.0, ""speed_range_kmh"": 31.26, ""test_configuration_any"": [""VEHICLE INTO POLE""], ""text_any"": [""VEHICLE INTO POLE"", ""POLE IMPACT"", ""RIGID POLE""]}, ""priority"": 72, ""program_domain"": ""NHTSA_RESEARCH"", ""rule_family_id"": ""RESEARCH_VEHICLE_INTO_POLE_GENERIC_SIDE_POLE"", ""rule_id"": ""RESEARCH_VEHICLE_INTO_POLE_GENERIC_SIDE_POLE"", ""score"": 7230, ""specificity_level"": ""generic_physical_mode""}]","[""RESEARCH_VEHICLE_INTO_POLE_GENERIC_SIDE_POLE"", ""US_NCAP_SIDE_POLE_20MPH_75DEG_25CM""]","{""angle_near"": 75.0, ""direction"": [""side""], ""required_barrier_type"": [""rigid_pole""], ""speed_near"": 31.26, ""text_any"": [""RIGID POLE""]}","{""angle_reference"": ""vehicle_yaw_to_pole"", ""barrier_mass_kg"": null, ""barrier_type"": ""rigid_pole"", ""dummy_configuration"": ""driver small-size adult female; belted"", ""evaluation_purpose"": ""occupant_protection"", ""impact_angle_deg"": 75, ""impact_direction"": ""side"", ""overlap_percent"": null, ""pole_diameter_mm"": 250, ""speed_condition"": ""exact"", ""speed_kmh"": 32.187, ""speed_mph"": 20.0, ""test_vehicle_state"": ""pulled_sideways""}","[""multiple_candidates"", ""multiple_rule_families""]","{""angles_deg"": [0.0, 75.0, 285.0], ""barrier_types"": [""fixed_rigid_barrier"", ""pole"", ""rigid_pole"", ""side_rigid_pole""], ""contractor_study_title"": ""2020 HYUNDAI HYUNDAI VELOSTER LEFT SIDE FMVSS POLE IMPACT AT 32 KPH"", ""device_types"": [""fixed_rigid_barrier"", ""pole"", ""rigid_pole"", ""side_rigid_pole""], ""directions"": [""front"", ""frontal"", ""side""], ""overlaps_percent"": [], ""speeds_kmh"": [31.26], ""test_configuration"": ""VEHICLE INTO POLE"", ""test_type"": ""RESEARCH""}",side pole over-confirmed without program keyword,NHTSA_RESEARCH_OR_SIDE_POLE_MANUAL_REVIEW,RESEARCH_VEHICLE_INTO_POLE_GENERIC_SIDE_POLE,"Require explicit NCAP/FMVSS 214 evidence for protocol side-pole rules, or let the research/generic pole rule win for RESEARCH rows.",test_summary,test_summary,$.results[0],3d423b2d84a931bc9db9ec110db08a0ff94acf8bdb07593ff750d4a32a556550
unclassified,11628,R20205384,2021-07-02,2021-07-02,parsed,RESEARCH,VEHICLE INTO BARRIER,VTB,RESEARCH AND DEVELOPMENT RIGHT SIDE 30° FRONTAL RIGID BARRIER IMPACT,40.05,40.05,30,30,0,0,,,,unclassified,unclassified,0.0,0.0,[],[],[],{},{},"[""unclassified""]","{""angles_deg"": [30.0], ""barrier_types"": [""fixed_collision_barrier"", ""fixed_rigid_barrier""], ""contractor_study_title"": ""RESEARCH AND DEVELOPMENT RIGHT SIDE 30° FRONTAL RIGID BARRIER IMPACT"", ""device_types"": [""fixed_collision_barrier"", ""fixed_rigid_barrier""], ""directions"": [""front"", ""frontal"", ""side""], ""overlaps_percent"": [], ""speeds_kmh"": [40.05], ""test_configuration"": ""VEHICLE INTO BARRIER"", ""test_type"": ""RESEARCH""}",,UNCLASSIFIED_MANUAL_RULE_REVIEW,,Group by physical mode and add targeted rules only after confirming evidence fields; do not broaden existing rules automatically.,test_summary,test_summary,$.results[0],7cf223a4339e9c6bc66e549ab9e9580a6c66e9c445b44c42055d38138f103ecd
unclassified,11629,R20205385,2021-06-24,2021-06-24,parsed,RESEARCH,VEHICLE INTO BARRIER,VTB,RESEARCH AND DEVELOPMENT LEFT SIDE 30° FRONTAL RIGID BARRIER IMPACT,39.97,39.97,330,330,0,0,,,,unclassified,unclassified,0.0,0.0,[],[],[],{},{},"[""unclassified""]","{""angles_deg"": [330.0], ""barrier_types"": [""fixed_collision_barrier"", ""fixed_rigid_barrier""], ""contractor_study_title"": ""RESEARCH AND DEVELOPMENT LEFT SIDE 30° FRONTAL RIGID BARRIER IMPACT"", ""device_types"": [""fixed_collision_barrier"", ""fixed_rigid_barrier""], ""directions"": [""front"", ""frontal"", ""side""], ""overlaps_percent"": [], ""speeds_kmh"": [39.97], ""test_configuration"": ""VEHICLE INTO BARRIER"", ""test_type"": ""RESEARCH""}",,UNCLASSIFIED_MANUAL_RULE_REVIEW,,Group by physical mode and add targeted rules only after confirming evidence fields; do not broaden existing rules automatically.,test_summary,test_summary,$.results[0],8fbb5a0b1ead1617110632f558e7470ecfebb58099b2dca8b4f1b5ee7b8bb20e
unclassified,11630,R20205416,2021-05-21,2021-05-21,parsed,RESEARCH,VEHICLE INTO BARRIER,VTB,RESEARCH AND DEVELOPMENT LEFT SIDE 30° FRONTAL RIGID BARRIER IMPACT,39.68,39.68,330,330,0,0,,,,unclassified,unclassified,0.0,0.0,[],[],[],{},{},"[""unclassified""]","{""angles_deg"": [330.0], ""barrier_types"": [""fixed_collision_barrier"", ""fixed_rigid_barrier""], ""contractor_study_title"": ""RESEARCH AND DEVELOPMENT LEFT SIDE 30° FRONTAL RIGID BARRIER IMPACT"", ""device_types"": [""fixed_collision_barrier"", ""fixed_rigid_barrier""], ""directions"": [""front"", ""frontal"", ""side""], ""overlaps_percent"": [], ""speeds_kmh"": [39.68], ""test_configuration"": ""VEHICLE INTO BARRIER"", ""test_type"": ""RESEARCH""}",,UNCLASSIFIED_MANUAL_RULE_REVIEW,,Group by physical mode and add targeted rules only after confirming evidence fields; do not broaden existing rules automatically.,test_summary,test_summary,$.results[0],9aa479c62261bcb5910d70431601f02057c2d6d449179be79e1d5bacda77d6a8
unclassified,11635,R20205383,2021-07-30,2021-07-30,parsed,RESEARCH,VEHICLE INTO BARRIER,VTB,RESEARCH AND DEVELOPMENT LEFT SIDE 30° FRONTAL RIGID BARRIER IMPACT,39.74,39.74,330,330,0,0,,,,unclassified,unclassified,0.0,0.0,[],[],[],{},{},"[""unclassified""]","{""angles_deg"": [330.0], ""barrier_types"": [""fixed_collision_barrier"", ""fixed_rigid_barrier""], ""contractor_study_title"": ""RESEARCH AND DEVELOPMENT LEFT SIDE 30° FRONTAL RIGID BARRIER IMPACT"", ""device_types"": [""fixed_collision_barrier"", ""fixed_rigid_barrier""], ""directions"": [""front"", ""frontal"", ""side""], ""overlaps_percent"": [], ""speeds_kmh"": [39.74], ""test_configuration"": ""VEHICLE INTO BARRIER"", ""test_type"": ""RESEARCH""}",,UNCLASSIFIED_MANUAL_RULE_REVIEW,,Group by physical mode and add targeted rules only after confirming evidence fields; do not broaden existing rules automatically.,test_summary,test_summary,$.results[0],043dded2998363480a770586711bad5f32748313f343ac942a8e5402ea7f26ea
unclassified,11636,R20205386,2021-07-13,2021-07-13,parsed,RESEARCH,VEHICLE INTO BARRIER,VTB,RESEARCH AND DEVELOPMENT RIGHT SIDE 30° FRONTAL RIGID BARRIER IMPACT,39.8,39.8,30,30,0,0,,,,unclassified,unclassified,0.0,0.0,[],[],[],{},{},"[""unclassified""]","{""angles_deg"": [30.0], ""barrier_types"": [""fixed_collision_barrier"", ""fixed_rigid_barrier""], ""contractor_study_title"": ""RESEARCH AND DEVELOPMENT RIGHT SIDE 30° FRONTAL RIGID BARRIER IMPACT"", ""device_types"": [""fixed_collision_barrier"", ""fixed_rigid_barrier""], ""directions"": [""front"", ""frontal"", ""side""], ""overlaps_percent"": [], ""speeds_kmh"": [39.8], ""test_configuration"": ""VEHICLE INTO BARRIER"", ""test_type"": ""RESEARCH""}",,UNCLASSIFIED_MANUAL_RULE_REVIEW,,Group by physical mode and add targeted rules only after confirming evidence fields; do not broaden existing rules automatically.,test_summary,test_summary,$.results[0],d9b1ce3aec5d663067977bfedd5b4a1b9c4655400f85adb127cde3fedc824933
unclassified,11637,R20205417,2021-06-07,2021-06-07,parsed,RESEARCH,VEHICLE INTO BARRIER,VTB,RESEARCH AND DEVELOPMENT LEFT SIDE 30° FRONTAL RIGID BARRIER IMPACT,39.95,39.95,330,330,0,0,,,,unclassified,unclassified,0.0,0.0,[],[],[],{},{},"[""unclassified""]","{""angles_deg"": [330.0], ""barrier_types"": [""fixed_collision_barrier"", ""fixed_rigid_barrier""], ""contractor_study_title"": ""RESEARCH AND DEVELOPMENT LEFT SIDE 30° FRONTAL RIGID BARRIER IMPACT"", ""device_types"": [""fixed_collision_barrier"", ""fixed_rigid_barrier""], ""directions"": [""front"", ""frontal"", ""side""], ""overlaps_percent"": [], ""speeds_kmh"": [39.95], ""test_configuration"": ""VEHICLE INTO BARRIER"", ""test_type"": ""RESEARCH""}",,UNCLASSIFIED_MANUAL_RULE_REVIEW,,Group by physical mode and add targeted rules only after confirming evidence fields; do not broaden existing rules automatically.,test_summary,test_summary,$.results[0],2f02b899daeddaa0533553213f2fa6a6909404b21076d911300df3691d42b432
unclassified,12871,NONE,2018-01-01,2018-01-01,parsed,VEHICLE OPERATIONAL SAFETY-CRITICAL SCENARIOS,TRAFFIC JAM ASSIST,TJA,COLLISION AVOIDANCE - TJA_2017_CAR_4_0039_02_01_N,,,,,,,,,,unclassified,unclassified,0.0,0.0,[],[],[],{},{},"[""unclassified"", ""missing_speed_evidence""]","{""angles_deg"": [], ""barrier_types"": [], ""contractor_study_title"": ""COLLISION AVOIDANCE - TJA_2017_CAR_4_0039_02_01_N"", ""device_types"": [], ""directions"": [""unknown""], ""overlaps_percent"": [], ""speeds_kmh"": [], ""test_configuration"": ""TRAFFIC JAM ASSIST"", ""test_type"": ""VEHICLE OPERATIONAL SAFETY-CRITICAL SCENARIOS""}",,UNCLASSIFIED_MANUAL_RULE_REVIEW,,Group by physical mode and add targeted rules only after confirming evidence fields; do not broaden existing rules automatically.,test_summary,test_summary,$.results[0],355a4713c2e1cb8153c1c7d5049f950301136c89ca0864e011b799016762c561
known_false_positive,14354,220608,2022-06-08,2022-06-08,parsed,RESEARCH,VEHICLE INTO POLE,VTP,2020 TOYOTA TACOMA LEFT SIDE FMVSS POLE IMPACT AT 32 KPH,31.7,31.7,285,285,0,0,US_NCAP_SIDE_POLE_20MPH_75DEG_25CM,US_NCAP_SIDE_POLE_20MPH_75DEG_25CM,US_NCAP_SIDE_POLE_20MPH_75DEG_25CM,classified,protocol_exact,0.99,2865.0,"[{""canonical_rule_id"": ""US_NCAP_SIDE_POLE_20MPH_75DEG_25CM"", ""priority"": 100, ""program_domain"": ""US_NCAP_CONSUMER"", ""rule_family_id"": ""US_NCAP_SIDE_POLE_20MPH_75DEG_25CM"", ""rule_id"": ""US_NCAP_SIDE_POLE_20MPH_75DEG_25CM"", ""score"": 10095, ""specificity_level"": ""protocol_exact""}, {""canonical_rule_id"": ""RESEARCH_VEHICLE_INTO_POLE_GENERIC_SIDE_POLE"", ""priority"": 72, ""program_domain"": ""NHTSA_RESEARCH"", ""rule_family_id"": ""RESEARCH_VEHICLE_INTO_POLE_GENERIC_SIDE_POLE"", ""rule_id"": ""RESEARCH_VEHICLE_INTO_POLE_GENERIC_SIDE_POLE"", ""score"": 7230, ""specificity_level"": ""generic_physical_mode""}]","[{""canonical_rule_id"": ""US_NCAP_SIDE_POLE_20MPH_75DEG_25CM"", ""fallback_used"": false, ""matched_evidence"": {""angle_near"": 75.0, ""direction"": [""side""], ""required_barrier_type"": [""rigid_pole""], ""speed_near"": 31.7, ""text_any"": [""RIGID POLE""]}, ""priority"": 100, ""program_domain"": ""US_NCAP_CONSUMER"", ""rule_family_id"": ""US_NCAP_SIDE_POLE_20MPH_75DEG_25CM"", ""rule_id"": ""US_NCAP_SIDE_POLE_20MPH_75DEG_25CM"", ""score"": 10095, ""specificity_level"": ""protocol_exact""}, {""canonical_rule_id"": ""RESEARCH_VEHICLE_INTO_POLE_GENERIC_SIDE_POLE"", ""fallback_used"": true, ""matched_evidence"": {""angle_near_any"": 75.0, ""speed_range_kmh"": 31.7, ""test_configuration_any"": [""VEHICLE INTO POLE""], ""text_any"": [""VEHICLE INTO POLE"", ""POLE IMPACT"", ""RIGID POLE""]}, ""priority"": 72, ""program_domain"": ""NHTSA_RESEARCH"", ""rule_family_id"": ""RESEARCH_VEHICLE_INTO_POLE_GENERIC_SIDE_POLE"", ""rule_id"": ""RESEARCH_VEHICLE_INTO_POLE_GENERIC_SIDE_POLE"", ""score"": 7230, ""specificity_level"": ""generic_physical_mode""}]","[""RESEARCH_VEHICLE_INTO_POLE_GENERIC_SIDE_POLE"", ""US_NCAP_SIDE_POLE_20MPH_75DEG_25CM""]","{""angle_near"": 75.0, ""direction"": [""side""], ""required_barrier_type"": [""rigid_pole""], ""speed_near"": 31.7, ""text_any"": [""RIGID POLE""]}","{""angle_reference"": ""vehicle_yaw_to_pole"", ""barrier_mass_kg"": null, ""barrier_type"": ""rigid_pole"", ""dummy_configuration"": ""driver small-size adult female; belted"", ""evaluation_purpose"": ""occupant_protection"", ""impact_angle_deg"": 75, ""impact_direction"": ""side"", ""overlap_percent"": null, ""pole_diameter_mm"": 250, ""speed_condition"": ""exact"", ""speed_kmh"": 32.187, ""speed_mph"": 20.0, ""test_vehicle_state"": ""pulled_sideways""}","[""multiple_candidates"", ""multiple_rule_families""]","{""angles_deg"": [0.0, 75.0, 285.0], ""barrier_types"": [""fixed_rigid_barrier"", ""pole"", ""rigid_pole"", ""side_rigid_pole""], ""contractor_study_title"": ""2020 TOYOTA TACOMA LEFT SIDE FMVSS POLE IMPACT AT 32 KPH"", ""device_types"": [""fixed_rigid_barrier"", ""pole"", ""rigid_pole"", ""side_rigid_pole""], ""directions"": [""front"", ""frontal"", ""side""], ""overlaps_percent"": [], ""speeds_kmh"": [31.7], ""test_configuration"": ""VEHICLE INTO POLE"", ""test_type"": ""RESEARCH""}",side pole over-confirmed without program keyword,NHTSA_RESEARCH_OR_SIDE_POLE_MANUAL_REVIEW,RESEARCH_VEHICLE_INTO_POLE_GENERIC_SIDE_POLE,"Require explicit NCAP/FMVSS 214 evidence for protocol side-pole rules, or let the research/generic pole rule win for RESEARCH rows.",test_summary,test_summary,$.results[0],e7aa05b3c1953c237e69c93d2c42177096de2dcd38f0b7d8944e79cf3831b726
known_false_positive,14355,220615,2022-06-15,2022-06-15,parsed,RESEARCH,VEHICLE INTO POLE,VTP,2020 KIA SOUL LEFT SIDE FMVSS POLE IMPACT AT 32 KPH,32.09,32.09,285,285,0,0,US_NCAP_SIDE_POLE_20MPH_75DEG_25CM,US_NCAP_SIDE_POLE_20MPH_75DEG_25CM,US_NCAP_SIDE_POLE_20MPH_75DEG_25CM,classified,protocol_exact,0.99,2865.0,"[{""canonical_rule_id"": ""US_NCAP_SIDE_POLE_20MPH_75DEG_25CM"", ""priority"": 100, ""program_domain"": ""US_NCAP_CONSUMER"", ""rule_family_id"": ""US_NCAP_SIDE_POLE_20MPH_75DEG_25CM"", ""rule_id"": ""US_NCAP_SIDE_POLE_20MPH_75DEG_25CM"", ""score"": 10095, ""specificity_level"": ""protocol_exact""}, {""canonical_rule_id"": ""RESEARCH_VEHICLE_INTO_POLE_GENERIC_SIDE_POLE"", ""priority"": 72, ""program_domain"": ""NHTSA_RESEARCH"", ""rule_family_id"": ""RESEARCH_VEHICLE_INTO_POLE_GENERIC_SIDE_POLE"", ""rule_id"": ""RESEARCH_VEHICLE_INTO_POLE_GENERIC_SIDE_POLE"", ""score"": 7230, ""specificity_level"": ""generic_physical_mode""}]","[{""canonical_rule_id"": ""US_NCAP_SIDE_POLE_20MPH_75DEG_25CM"", ""fallback_used"": false, ""matched_evidence"": {""angle_near"": 75.0, ""direction"": [""side""], ""required_barrier_type"": [""rigid_pole""], ""speed_near"": 32.09, ""text_any"": [""RIGID POLE""]}, ""priority"": 100, ""program_domain"": ""US_NCAP_CONSUMER"", ""rule_family_id"": ""US_NCAP_SIDE_POLE_20MPH_75DEG_25CM"", ""rule_id"": ""US_NCAP_SIDE_POLE_20MPH_75DEG_25CM"", ""score"": 10095, ""specificity_level"": ""protocol_exact""}, {""canonical_rule_id"": ""RESEARCH_VEHICLE_INTO_POLE_GENERIC_SIDE_POLE"", ""fallback_used"": true, ""matched_evidence"": {""angle_near_any"": 75.0, ""speed_range_kmh"": 32.09, ""test_configuration_any"": [""VEHICLE INTO POLE""], ""text_any"": [""VEHICLE INTO POLE"", ""POLE IMPACT"", ""RIGID POLE""]}, ""priority"": 72, ""program_domain"": ""NHTSA_RESEARCH"", ""rule_family_id"": ""RESEARCH_VEHICLE_INTO_POLE_GENERIC_SIDE_POLE"", ""rule_id"": ""RESEARCH_VEHICLE_INTO_POLE_GENERIC_SIDE_POLE"", ""score"": 7230, ""specificity_level"": ""generic_physical_mode""}]","[""RESEARCH_VEHICLE_INTO_POLE_GENERIC_SIDE_POLE"", ""US_NCAP_SIDE_POLE_20MPH_75DEG_25CM""]","{""angle_near"": 75.0, ""direction"": [""side""], ""required_barrier_type"": [""rigid_pole""], ""speed_near"": 32.09, ""text_any"": [""RIGID POLE""]}","{""angle_reference"": ""vehicle_yaw_to_pole"", ""barrier_mass_kg"": null, ""barrier_type"": ""rigid_pole"", ""dummy_configuration"": ""driver small-size adult female; belted"", ""evaluation_purpose"": ""occupant_protection"", ""impact_angle_deg"": 75, ""impact_direction"": ""side"", ""overlap_percent"": null, ""pole_diameter_mm"": 250, ""speed_condition"": ""exact"", ""speed_kmh"": 32.187, ""speed_mph"": 20.0, ""test_vehicle_state"": ""pulled_sideways""}","[""multiple_candidates"", ""multiple_rule_families""]","{""angles_deg"": [0.0, 75.0, 285.0], ""barrier_types"": [""fixed_rigid_barrier"", ""pole"", ""rigid_pole"", ""side_rigid_pole""], ""contractor_study_title"": ""2020 KIA SOUL LEFT SIDE FMVSS POLE IMPACT AT 32 KPH"", ""device_types"": [""fixed_rigid_barrier"", ""pole"", ""rigid_pole"", ""side_rigid_pole""], ""directions"": [""front"", ""frontal"", ""side""], ""overlaps_percent"": [], ""speeds_kmh"": [32.09], ""test_configuration"": ""VEHICLE INTO POLE"", ""test_type"": ""RESEARCH""}",side pole over-confirmed without program keyword,NHTSA_RESEARCH_OR_SIDE_POLE_MANUAL_REVIEW,RESEARCH_VEHICLE_INTO_POLE_GENERIC_SIDE_POLE,"Require explicit NCAP/FMVSS 214 evidence for protocol side-pole rules, or let the research/generic pole rule win for RESEARCH rows.",test_summary,test_summary,$.results[0],c92cad2243cf46cbe78ba54a1d81d2a35f91a07f03ab8332df803f1b9c58522d
unclassified,14359,221012,2022-10-12,2022-10-12,parsed,RESEARCH SAFETY VEHICLE TEST,VEHICLE INTO BARRIER,VTB,THOR 5TH DURABILITY EVALUATION,40.29,40.29,0,0,0,0,,,,unclassified,unclassified,0.0,0.0,[],[],[],{},{},"[""unclassified""]","{""angles_deg"": [0.0], ""barrier_types"": [""fixed_collision_barrier"", ""fixed_rigid_barrier""], ""contractor_study_title"": ""THOR 5TH DURABILITY EVALUATION"", ""device_types"": [""fixed_collision_barrier"", ""fixed_rigid_barrier""], ""directions"": [""front"", ""frontal""], ""overlaps_percent"": [], ""speeds_kmh"": [40.29], ""test_configuration"": ""VEHICLE INTO BARRIER"", ""test_type"": ""RESEARCH SAFETY VEHICLE TEST""}",,UNCLASSIFIED_MANUAL_RULE_REVIEW,,Group by physical mode and add targeted rules only after confirming evidence fields; do not broaden existing rules automatically.,test_summary,test_summary,$.results[0],d63a7a35923ba9c11d61fa2da975e27b0c871cf029db28c42c7df1db60ae8758
unclassified,14360,221027,2022-10-27,2022-10-27,parsed,RESEARCH SAFETY VEHICLE TEST,VEHICLE INTO BARRIER,VTB,THOR 5TH DURABILITY EVALUATION,40.38,40.38,0,0,0,0,,,,unclassified,unclassified,0.0,0.0,[],[],[],{},{},"[""unclassified""]","{""angles_deg"": [0.0], ""barrier_types"": [""fixed_collision_barrier"", ""fixed_rigid_barrier""], ""contractor_study_title"": ""THOR 5TH DURABILITY EVALUATION"", ""device_types"": [""fixed_collision_barrier"", ""fixed_rigid_barrier""], ""directions"": [""front"", ""frontal""], ""overlaps_percent"": [], ""speeds_kmh"": [40.38], ""test_configuration"": ""VEHICLE INTO BARRIER"", ""test_type"": ""RESEARCH SAFETY VEHICLE TEST""}",,UNCLASSIFIED_MANUAL_RULE_REVIEW,,Group by physical mode and add targeted rules only after confirming evidence fields; do not broaden existing rules automatically.,test_summary,test_summary,$.results[0],24d442424c2340b8ff29a7bac470643dd1afd0ed6fba62eb155586b6b1f84996
unclassified,14361,221115,2022-11-15,2022-11-15,parsed,RESEARCH SAFETY VEHICLE TEST,VEHICLE INTO BARRIER,VTB,THOR 5TH DURABILITY EVALUATION,40.16,40.16,0,0,0,0,,,,unclassified,unclassified,0.0,0.0,[],[],[],{},{},"[""unclassified""]","{""angles_deg"": [0.0], ""barrier_types"": [""fixed_collision_barrier"", ""fixed_rigid_barrier""], ""contractor_study_title"": ""THOR 5TH DURABILITY EVALUATION"", ""device_types"": [""fixed_collision_barrier"", ""fixed_rigid_barrier""], ""directions"": [""front"", ""frontal""], ""overlaps_percent"": [], ""speeds_kmh"": [40.16], ""test_configuration"": ""VEHICLE INTO BARRIER"", ""test_type"": ""RESEARCH SAFETY VEHICLE TEST""}",,UNCLASSIFIED_MANUAL_RULE_REVIEW,,Group by physical mode and add targeted rules only after confirming evidence fields; do not broaden existing rules automatically.,test_summary,test_summary,$.results[0],d3c174ebadb5bfbbb9dfe22d984e25410365e97644850a971744be14c07824db
known_false_positive,14604,230809,2023-08-09,2023-08-09,parsed,RESEARCH,VEHICLE INTO POLE,VTP,2021 VOLKSWAGEN ID.4 LEFT SIDE FMVSS POLE IMPACT AT 32 KPH,31.94,31.94,285,285,0,0,US_NCAP_SIDE_POLE_20MPH_75DEG_25CM,US_NCAP_SIDE_POLE_20MPH_75DEG_25CM,US_NCAP_SIDE_POLE_20MPH_75DEG_25CM,classified,protocol_exact,0.99,2865.0,"[{""canonical_rule_id"": ""US_NCAP_SIDE_POLE_20MPH_75DEG_25CM"", ""priority"": 100, ""program_domain"": ""US_NCAP_CONSUMER"", ""rule_family_id"": ""US_NCAP_SIDE_POLE_20MPH_75DEG_25CM"", ""rule_id"": ""US_NCAP_SIDE_POLE_20MPH_75DEG_25CM"", ""score"": 10095, ""specificity_level"": ""protocol_exact""}, {""canonical_rule_id"": ""RESEARCH_VEHICLE_INTO_POLE_GENERIC_SIDE_POLE"", ""priority"": 72, ""program_domain"": ""NHTSA_RESEARCH"", ""rule_family_id"": ""RESEARCH_VEHICLE_INTO_POLE_GENERIC_SIDE_POLE"", ""rule_id"": ""RESEARCH_VEHICLE_INTO_POLE_GENERIC_SIDE_POLE"", ""score"": 7230, ""specificity_level"": ""generic_physical_mode""}]","[{""canonical_rule_id"": ""US_NCAP_SIDE_POLE_20MPH_75DEG_25CM"", ""fallback_used"": false, ""matched_evidence"": {""angle_near"": 75.0, ""direction"": [""side""], ""required_barrier_type"": [""rigid_pole""], ""speed_near"": 31.94, ""text_any"": [""RIGID POLE""]}, ""priority"": 100, ""program_domain"": ""US_NCAP_CONSUMER"", ""rule_family_id"": ""US_NCAP_SIDE_POLE_20MPH_75DEG_25CM"", ""rule_id"": ""US_NCAP_SIDE_POLE_20MPH_75DEG_25CM"", ""score"": 10095, ""specificity_level"": ""protocol_exact""}, {""canonical_rule_id"": ""RESEARCH_VEHICLE_INTO_POLE_GENERIC_SIDE_POLE"", ""fallback_used"": true, ""matched_evidence"": {""angle_near_any"": 75.0, ""speed_range_kmh"": 31.94, ""test_configuration_any"": [""VEHICLE INTO POLE""], ""text_any"": [""VEHICLE INTO POLE"", ""POLE IMPACT"", ""RIGID POLE""]}, ""priority"": 72, ""program_domain"": ""NHTSA_RESEARCH"", ""rule_family_id"": ""RESEARCH_VEHICLE_INTO_POLE_GENERIC_SIDE_POLE"", ""rule_id"": ""RESEARCH_VEHICLE_INTO_POLE_GENERIC_SIDE_POLE"", ""score"": 7230, ""specificity_level"": ""generic_physical_mode""}]","[""RESEARCH_VEHICLE_INTO_POLE_GENERIC_SIDE_POLE"", ""US_NCAP_SIDE_POLE_20MPH_75DEG_25CM""]","{""angle_near"": 75.0, ""direction"": [""side""], ""required_barrier_type"": [""rigid_pole""], ""speed_near"": 31.94, ""text_any"": [""RIGID POLE""]}","{""angle_reference"": ""vehicle_yaw_to_pole"", ""barrier_mass_kg"": null, ""barrier_type"": ""rigid_pole"", ""dummy_configuration"": ""driver small-size adult female; belted"", ""evaluation_purpose"": ""occupant_protection"", ""impact_angle_deg"": 75, ""impact_direction"": ""side"", ""overlap_percent"": null, ""pole_diameter_mm"": 250, ""speed_condition"": ""exact"", ""speed_kmh"": 32.187, ""speed_mph"": 20.0, ""test_vehicle_state"": ""pulled_sideways""}","[""multiple_candidates"", ""multiple_rule_families""]","{""angles_deg"": [0.0, 75.0, 285.0], ""barrier_types"": [""fixed_rigid_barrier"", ""pole"", ""rigid_pole"", ""side_rigid_pole""], ""contractor_study_title"": ""2021 VOLKSWAGEN ID.4 LEFT SIDE FMVSS POLE IMPACT AT 32 KPH"", ""device_types"": [""fixed_rigid_barrier"", ""pole"", ""rigid_pole"", ""side_rigid_pole""], ""directions"": [""front"", ""frontal"", ""side""], ""overlaps_percent"": [], ""speeds_kmh"": [31.94], ""test_configuration"": ""VEHICLE INTO POLE"", ""test_type"": ""RESEARCH""}",side pole over-confirmed without program keyword,NHTSA_RESEARCH_OR_SIDE_POLE_MANUAL_REVIEW,RESEARCH_VEHICLE_INTO_POLE_GENERIC_SIDE_POLE,"Require explicit NCAP/FMVSS 214 evidence for protocol side-pole rules, or let the research/generic pole rule win for RESEARCH rows.",test_summary,test_summary,$.results[0],d0ee98fe5ae95e2f8f8226348af165ce95f3dbc32e0a02d6f9a3b2d6be2deb4f
unclassified,14605,10-4368-SD-01,2020-10-12,2020-10-12,parsed,RESEARCH,IMPACTOR INTO VEHICLE,ITV,RESEARCH AND DEVELOPMENT FMVSS 214 SIDE MDB,52.95,52.95,270,270,0,0,,,,unclassified,unclassified,0.0,0.0,[],[],[],{},{},"[""unclassified""]","{""angles_deg"": [90.0, 270.0], ""barrier_types"": [""mdb"", ""moving_deformable_barrier""], ""contractor_study_title"": ""RESEARCH AND DEVELOPMENT FMVSS 214 SIDE MDB"", ""device_types"": [""mdb"", ""moving_deformable_barrier""], ""directions"": [""front"", ""frontal"", ""side""], ""overlaps_percent"": [], ""speeds_kmh"": [0.0, 52.95], ""test_configuration"": ""IMPACTOR INTO VEHICLE"", ""test_type"": ""RESEARCH""}",,UNCLASSIFIED_MANUAL_RULE_REVIEW,,Group by physical mode and add targeted rules only after confirming evidence fields; do not broaden existing rules automatically.,test_summary,test_summary,$.results[0],e4ea47622b40e76647e432dd8b92f42fbf7d5e12ae177a3be87870e8976d34a4
unclassified,14606,10-4383-SD-01,2020-10-19,2020-10-19,parsed,RESEARCH,IMPACTOR INTO VEHICLE,ITV,RESEARCH AND DEVELOPMENT FMVSS 214 SIDE MDB,52.94,52.94,270,270,0,0,,,,unclassified,unclassified,0.0,0.0,[],[],[],{},{},"[""unclassified""]","{""angles_deg"": [90.0, 270.0], ""barrier_types"": [""mdb"", ""moving_deformable_barrier""], ""contractor_study_title"": ""RESEARCH AND DEVELOPMENT FMVSS 214 SIDE MDB"", ""device_types"": [""mdb"", ""moving_deformable_barrier""], ""directions"": [""front"", ""frontal"", ""side""], ""overlaps_percent"": [], ""speeds_kmh"": [0.0, 52.94], ""test_configuration"": ""IMPACTOR INTO VEHICLE"", ""test_type"": ""RESEARCH""}",,UNCLASSIFIED_MANUAL_RULE_REVIEW,,Group by physical mode and add targeted rules only after confirming evidence fields; do not broaden existing rules automatically.,test_summary,test_summary,$.results[0],1dce08ca004810ad360f0985f2befc3638a12e44494a465e3f17f7b8ab971560
unclassified,14607,10-4389-SD-01,2020-10-26,2020-10-26,parsed,RESEARCH,IMPACTOR INTO VEHICLE,ITV,RESEARCH AND DEVELOPMENT FMVSS 214 SIDE MDB,52.89,52.89,270,270,0,0,,,,unclassified,unclassified,0.0,0.0,[],[],[],{},{},"[""unclassified""]","{""angles_deg"": [90.0, 270.0], ""barrier_types"": [""mdb"", ""moving_deformable_barrier""], ""contractor_study_title"": ""RESEARCH AND DEVELOPMENT FMVSS 214 SIDE MDB"", ""device_types"": [""mdb"", ""moving_deformable_barrier""], ""directions"": [""front"", ""frontal"", ""side""], ""overlaps_percent"": [], ""speeds_kmh"": [0.0, 52.89], ""test_configuration"": ""IMPACTOR INTO VEHICLE"", ""test_type"": ""RESEARCH""}",,UNCLASSIFIED_MANUAL_RULE_REVIEW,,Group by physical mode and add targeted rules only after confirming evidence fields; do not broaden existing rules automatically.,test_summary,test_summary,$.results[0],dea7ee30724e14cb16bd4552229aaf9a50c299942ca3bc00bd512290be331169
unclassified,14608,10-4406-SD-01,2020-11-02,2020-11-02,parsed,RESEARCH,IMPACTOR INTO VEHICLE,ITV,RESEARCH AND DEVELOPMENT FMVSS 214 SIDE MDB,52.96,52.96,270,270,0,0,,,,unclassified,unclassified,0.0,0.0,[],[],[],{},{},"[""unclassified""]","{""angles_deg"": [90.0, 270.0], ""barrier_types"": [""mdb"", ""moving_deformable_barrier""], ""contractor_study_title"": ""RESEARCH AND DEVELOPMENT FMVSS 214 SIDE MDB"", ""device_types"": [""mdb"", ""moving_deformable_barrier""], ""directions"": [""front"", ""frontal"", ""side""], ""overlaps_percent"": [], ""speeds_kmh"": [0.0, 52.96], ""test_configuration"": ""IMPACTOR INTO VEHICLE"", ""test_type"": ""RESEARCH""}",,UNCLASSIFIED_MANUAL_RULE_REVIEW,,Group by physical mode and add targeted rules only after confirming evidence fields; do not broaden existing rules automatically.,test_summary,test_summary,$.results[0],c304047c267d886bacb0133e7933c925a0a0bccc556b90474d82ad139b120062
unclassified,14610,10-4411-SD-01,2020-11-12,2020-11-12,parsed,RESEARCH,IMPACTOR INTO VEHICLE,ITV,RESEARCH AND DEVELOPMENT FMVSS 214 SIDE MDB,52.96,52.96,270,270,0,0,,,,unclassified,unclassified,0.0,0.0,[],[],[],{},{},"[""unclassified""]","{""angles_deg"": [90.0, 270.0], ""barrier_types"": [""mdb"", ""moving_deformable_barrier""], ""contractor_study_title"": ""RESEARCH AND DEVELOPMENT FMVSS 214 SIDE MDB"", ""device_types"": [""mdb"", ""moving_deformable_barrier""], ""directions"": [""front"", ""frontal"", ""side""], ""overlaps_percent"": [], ""speeds_kmh"": [0.0, 52.96], ""test_configuration"": ""IMPACTOR INTO VEHICLE"", ""test_type"": ""RESEARCH""}",,UNCLASSIFIED_MANUAL_RULE_REVIEW,,Group by physical mode and add targeted rules only after confirming evidence fields; do not broaden existing rules automatically.,test_summary,test_summary,$.results[0],08ed5446a437f0e70f5042bd68ec66645959d56cbdb27d846100d84281ffd536
unclassified,14613,10-4435-SD-01,2020-12-02,2020-12-02,parsed,RESEARCH,IMPACTOR INTO VEHICLE,ITV,RESEARCH AND DEVELOPMENT FMVSS 214 SIDE MDB,52.85,52.85,270,270,0,0,,,,unclassified,unclassified,0.0,0.0,[],[],[],{},{},"[""unclassified""]","{""angles_deg"": [90.0, 270.0], ""barrier_types"": [""mdb"", ""moving_deformable_barrier""], ""contractor_study_title"": ""RESEARCH AND DEVELOPMENT FMVSS 214 SIDE MDB"", ""device_types"": [""mdb"", ""moving_deformable_barrier"", ""static_airbag""], ""directions"": [""front"", ""frontal"", ""side""], ""overlaps_percent"": [], ""speeds_kmh"": [0.0, 52.85], ""test_configuration"": ""IMPACTOR INTO VEHICLE"", ""test_type"": ""RESEARCH""}",,UNCLASSIFIED_MANUAL_RULE_REVIEW,,Group by physical mode and add targeted rules only after confirming evidence fields; do not broaden existing rules automatically.,test_summary,test_summary,$.results[0],9023afb10ab437c7a7f7b5a3410c5299a7e20fe824c9caeb69724614437dbe46
unclassified,15364,25-5405,2022-12-14,2022-12-14,parsed,FMVSS 214 SIDE IMPACT PROTECTION,IMPACTOR INTO VEHICLE,ITV,FMVSS214 SIDE MDB BARRIER IMPACT TEST,52.87,52.87,270,270,0,0,,,,unclassified,unclassified,0.0,0.0,[],[],[],{},{},"[""unclassified""]","{""angles_deg"": [90.0, 270.0], ""barrier_types"": [""mdb"", ""moving_deformable_barrier""], ""contractor_study_title"": ""FMVSS214 SIDE MDB BARRIER IMPACT TEST"", ""device_types"": [""mdb"", ""moving_deformable_barrier""], ""directions"": [""side""], ""overlaps_percent"": [], ""speeds_kmh"": [0.0, 52.87], ""test_configuration"": ""IMPACTOR INTO VEHICLE"", ""test_type"": ""FMVSS 214 SIDE IMPACT PROTECTION""}",,UNCLASSIFIED_MANUAL_RULE_REVIEW,,Group by physical mode and add targeted rules only after confirming evidence fields; do not broaden existing rules automatically.,test_summary,test_summary,$.results[0],a52fdabb734ee9085faabb699d6358d56cd0aff40a95dfa02695ab6a0da28ae6
unclassified,15366,32-5687,2023-06-27,2023-06-27,parsed,FMVSS 214 SIDE IMPACT PROTECTION,IMPACTOR INTO VEHICLE,ITV,FMVSS214 SIDE MDB BARRIER IMPACT TEST,52.87,52.87,270,270,0,0,,,,unclassified,unclassified,0.0,0.0,[],[],[],{},{},"[""unclassified""]","{""angles_deg"": [90.0, 270.0], ""barrier_types"": [""mdb"", ""moving_deformable_barrier""], ""contractor_study_title"": ""FMVSS214 SIDE MDB BARRIER IMPACT TEST"", ""device_types"": [""mdb"", ""moving_deformable_barrier""], ""directions"": [""front"", ""frontal"", ""side""], ""overlaps_percent"": [], ""speeds_kmh"": [0.0, 52.87], ""test_configuration"": ""IMPACTOR INTO VEHICLE"", ""test_type"": ""FMVSS 214 SIDE IMPACT PROTECTION""}",,UNCLASSIFIED_MANUAL_RULE_REVIEW,,Group by physical mode and add targeted rules only after confirming evidence fields; do not broaden existing rules automatically.,test_summary,test_summary,$.results[0],3473ccc98bd5c9405be48e5526535ee367868d3e7d1b9c1e1bf32bc94524137d
unclassified,15373,25-5526,2023-03-06,2023-03-06,parsed,FMVSS 214 SIDE IMPACT PROTECTION,IMPACTOR INTO VEHICLE,ITV,FMVSS214 SIDE MDB BARRIER IMPACT TEST,52.83,52.83,270,270,0,0,,,,unclassified,unclassified,0.0,0.0,[],[],[],{},{},"[""unclassified""]","{""angles_deg"": [90.0, 270.0], ""barrier_types"": [""mdb"", ""moving_deformable_barrier""], ""contractor_study_title"": ""FMVSS214 SIDE MDB BARRIER IMPACT TEST"", ""device_types"": [""mdb"", ""moving_deformable_barrier""], ""directions"": [""front"", ""frontal"", ""side""], ""overlaps_percent"": [], ""speeds_kmh"": [0.0, 52.83], ""test_configuration"": ""IMPACTOR INTO VEHICLE"", ""test_type"": ""FMVSS 214 SIDE IMPACT PROTECTION""}",,UNCLASSIFIED_MANUAL_RULE_REVIEW,,Group by physical mode and add targeted rules only after confirming evidence fields; do not broaden existing rules automatically.,test_summary,test_summary,$.results[0],7372c9f1d8b7b64988712545a55e257924bb2082572bec8fa72ad20406a3aa31
unclassified,15376,25-5392,2022-11-22,2022-11-22,parsed,FMVSS 214 SIDE IMPACT PROTECTION,IMPACTOR INTO VEHICLE,ITV,FMVSS214 SIDE MDB BARRIER IMPACT TEST,52.8,52.8,270,270,0,0,,,,unclassified,unclassified,0.0,0.0,[],[],[],{},{},"[""unclassified""]","{""angles_deg"": [90.0, 270.0], ""barrier_types"": [""mdb"", ""moving_deformable_barrier""], ""contractor_study_title"": ""FMVSS214 SIDE MDB BARRIER IMPACT TEST"", ""device_types"": [""mdb"", ""moving_deformable_barrier""], ""directions"": [""front"", ""frontal"", ""side""], ""overlaps_percent"": [], ""speeds_kmh"": [0.0, 52.8], ""test_configuration"": ""IMPACTOR INTO VEHICLE"", ""test_type"": ""FMVSS 214 SIDE IMPACT PROTECTION""}",,UNCLASSIFIED_MANUAL_RULE_REVIEW,,Group by physical mode and add targeted rules only after confirming evidence fields; do not broaden existing rules automatically.,test_summary,test_summary,$.results[0],4987db6c7c407de03fe5b14c668d8d22835db2b00778d93665541e93e450808e
unclassified,15377,25-5431,2022-12-10,2022-12-10,parsed,FMVSS 214 SIDE IMPACT PROTECTION,IMPACTOR INTO VEHICLE,ITV,FMVSS214 SIDE MDB BARRIER IMPACT TEST,52.77,52.77,270,270,0,0,,,,unclassified,unclassified,0.0,0.0,[],[],[],{},{},"[""unclassified""]","{""angles_deg"": [90.0, 270.0], ""barrier_types"": [""mdb"", ""moving_deformable_barrier""], ""contractor_study_title"": ""FMVSS214 SIDE MDB BARRIER IMPACT TEST"", ""device_types"": [""mdb"", ""moving_deformable_barrier""], ""directions"": [""side""], ""overlaps_percent"": [], ""speeds_kmh"": [0.0, 52.77], ""test_configuration"": ""IMPACTOR INTO VEHICLE"", ""test_type"": ""FMVSS 214 SIDE IMPACT PROTECTION""}",,UNCLASSIFIED_MANUAL_RULE_REVIEW,,Group by physical mode and add targeted rules only after confirming evidence fields; do not broaden existing rules automatically.,test_summary,test_summary,$.results[0],cb2c67415f8bfd2c715eaea08639429e5bebb93ca4473fc5a63cdb69513bd0e5
unclassified,15379,42-6183,2024-05-21,2024-05-21,parsed,FMVSS 214 SIDE IMPACT PROTECTION,IMPACTOR INTO VEHICLE,ITV,FMVSS214 SIDE MDB BARRIER IMPACT TEST,53.04,53.04,270,270,0,0,,,,unclassified,unclassified,0.0,0.0,[],[],[],{},{},"[""unclassified""]","{""angles_deg"": [90.0, 270.0], ""barrier_types"": [""mdb"", ""moving_deformable_barrier""], ""contractor_study_title"": ""FMVSS214 SIDE MDB BARRIER IMPACT TEST"", ""device_types"": [""mdb"", ""moving_deformable_barrier""], ""directions"": [""side""], ""overlaps_percent"": [], ""speeds_kmh"": [0.0, 53.04], ""test_configuration"": ""IMPACTOR INTO VEHICLE"", ""test_type"": ""FMVSS 214 SIDE IMPACT PROTECTION""}",,UNCLASSIFIED_MANUAL_RULE_REVIEW,,Group by physical mode and add targeted rules only after confirming evidence fields; do not broaden existing rules automatically.,test_summary,test_summary,$.results[0],09b4ba749d65c13521b324295aa8a185119df2614fb967170d73c187ff69cff6
unclassified,15380,42-6278,2024-08-05,2024-08-05,parsed,FMVSS 214 SIDE IMPACT PROTECTION,IMPACTOR INTO VEHICLE,ITV,FMVSS214 SIDE MDB BARRIER IMPACT TEST,52.95,52.95,270,270,0,0,,,,unclassified,unclassified,0.0,0.0,[],[],[],{},{},"[""unclassified""]","{""angles_deg"": [90.0, 270.0], ""barrier_types"": [""mdb"", ""moving_deformable_barrier""], ""contractor_study_title"": ""FMVSS214 SIDE MDB BARRIER IMPACT TEST"", ""device_types"": [""mdb"", ""moving_deformable_barrier""], ""directions"": [""side""], ""overlaps_percent"": [], ""speeds_kmh"": [0.0, 52.95], ""test_configuration"": ""IMPACTOR INTO VEHICLE"", ""test_type"": ""FMVSS 214 SIDE IMPACT PROTECTION""}",,UNCLASSIFIED_MANUAL_RULE_REVIEW,,Group by physical mode and add targeted rules only after confirming evidence fields; do not broaden existing rules automatically.,test_summary,test_summary,$.results[0],7d977516c7e2ddd908e2c72537320850525d6cb77098581e51dcbe3fdc1b01ad
unclassified,15384,45-6279,2024-08-09,2024-08-09,parsed,FMVSS 214 SIDE IMPACT PROTECTION,IMPACTOR INTO VEHICLE,ITV,FMVSS214 SIDE MDB BARRIER IMPACT TEST,53.23,53.23,270,270,0,0,,,,unclassified,unclassified,0.0,0.0,[],[],[],{},{},"[""unclassified""]","{""angles_deg"": [90.0, 270.0], ""barrier_types"": [""mdb"", ""moving_deformable_barrier""], ""contractor_study_title"": ""FMVSS214 SIDE MDB BARRIER IMPACT TEST"", ""device_types"": [""mdb"", ""moving_deformable_barrier""], ""directions"": [""side""], ""overlaps_percent"": [], ""speeds_kmh"": [0.0, 53.23], ""test_configuration"": ""IMPACTOR INTO VEHICLE"", ""test_type"": ""FMVSS 214 SIDE IMPACT PROTECTION""}",,UNCLASSIFIED_MANUAL_RULE_REVIEW,,Group by physical mode and add targeted rules only after confirming evidence fields; do not broaden existing rules automatically.,test_summary,test_summary,$.results[0],11ea363d945416078d94f09df48a9ea2e6ff70fba76fea037427975a1f7bb2f2
unclassified,15388,45-6294,2024-08-26,2024-08-26,parsed,FMVSS 214 SIDE IMPACT PROTECTION,IMPACTOR INTO VEHICLE,ITV,FMVSS214 SIDE MDB BARRIER IMPACT TEST,53.15,53.15,270,270,0,0,,,,unclassified,unclassified,0.0,0.0,[],[],[],{},{},"[""unclassified""]","{""angles_deg"": [90.0, 270.0], ""barrier_types"": [""mdb"", ""moving_deformable_barrier""], ""contractor_study_title"": ""FMVSS214 SIDE MDB BARRIER IMPACT TEST"", ""device_types"": [""mdb"", ""moving_deformable_barrier""], ""directions"": [""side""], ""overlaps_percent"": [], ""speeds_kmh"": [0.0, 53.15], ""test_configuration"": ""IMPACTOR INTO VEHICLE"", ""test_type"": ""FMVSS 214 SIDE IMPACT PROTECTION""}",,UNCLASSIFIED_MANUAL_RULE_REVIEW,,Group by physical mode and add targeted rules only after confirming evidence fields; do not broaden existing rules automatically.,test_summary,test_summary,$.results[0],34c2724ccb3e71e8a5d38f42ab940df8b072eb5eb8062173450efc8c114ba72f
unclassified,15389,34-5799,2023-09-14,2023-09-14,parsed,FMVSS 214 SIDE IMPACT PROTECTION,IMPACTOR INTO VEHICLE,ITV,FMVSS214 SIDE MDB BARRIER IMPACT TEST,53.12,53.12,270,270,0,0,,,,unclassified,unclassified,0.0,0.0,[],[],[],{},{},"[""unclassified""]","{""angles_deg"": [90.0, 270.0], ""barrier_types"": [""mdb"", ""moving_deformable_barrier""], ""contractor_study_title"": ""FMVSS214 SIDE MDB BARRIER IMPACT TEST"", ""device_types"": [""mdb"", ""moving_deformable_barrier""], ""directions"": [""front"", ""frontal"", ""side""], ""overlaps_percent"": [], ""speeds_kmh"": [0.0, 53.12], ""test_configuration"": ""IMPACTOR INTO VEHICLE"", ""test_type"": ""FMVSS 214 SIDE IMPACT PROTECTION""}",,UNCLASSIFIED_MANUAL_RULE_REVIEW,,Group by physical mode and add targeted rules only after confirming evidence fields; do not broaden existing rules automatically.,test_summary,test_summary,$.results[0],8526064a9826cb083c55be346d70511409982a1bc45f1af295be38571fbb4acc
unclassified,15393,45-6196,2024-06-05,2024-06-05,parsed,FMVSS 214 SIDE IMPACT PROTECTION,IMPACTOR INTO VEHICLE,ITV,FMVSS214 SIDE MDB BARRIER IMPACT TEST,53.14,53.14,270,270,,,,,,unclassified,unclassified,0.0,0.0,[],[],[],{},{},"[""unclassified""]","{""angles_deg"": [90.0, 270.0], ""barrier_types"": [""mdb"", ""moving_deformable_barrier""], ""contractor_study_title"": ""FMVSS214 SIDE MDB BARRIER IMPACT TEST"", ""device_types"": [""mdb"", ""moving_deformable_barrier""], ""directions"": [""side""], ""overlaps_percent"": [], ""speeds_kmh"": [0.0, 53.14], ""test_configuration"": ""IMPACTOR INTO VEHICLE"", ""test_type"": ""FMVSS 214 SIDE IMPACT PROTECTION""}",,UNCLASSIFIED_MANUAL_RULE_REVIEW,,Group by physical mode and add targeted rules only after confirming evidence fields; do not broaden existing rules automatically.,test_summary,test_summary,$.results[0],60dbe352ac401a53ba4d54c23b3c3848da46a4cdb0824ac67aed53cb2c2848a7
unclassified,15397,45-6353,2024-10-15,2024-10-15,parsed,FMVSS 214 SIDE IMPACT PROTECTION,IMPACTOR INTO VEHICLE,ITV,FMVSS214 SIDE MDB BARRIER IMPACT TEST,53.06,53.06,270,270,,,,,,unclassified,unclassified,0.0,0.0,[],[],[],{},{},"[""unclassified""]","{""angles_deg"": [90.0, 270.0], ""barrier_types"": [""mdb"", ""moving_deformable_barrier""], ""contractor_study_title"": ""FMVSS214 SIDE MDB BARRIER IMPACT TEST"", ""device_types"": [""mdb"", ""moving_deformable_barrier""], ""directions"": [""front"", ""frontal"", ""side""], ""overlaps_percent"": [], ""speeds_kmh"": [0.0, 53.06], ""test_configuration"": ""IMPACTOR INTO VEHICLE"", ""test_type"": ""FMVSS 214 SIDE IMPACT PROTECTION""}",,UNCLASSIFIED_MANUAL_RULE_REVIEW,,Group by physical mode and add targeted rules only after confirming evidence fields; do not broaden existing rules automatically.,test_summary,test_summary,$.results[0],7b42c3460d3db52bf5c97eaa2e96ef64559c70987af2fa1a7e32f2fd65be0c54
unclassified,15398,45-6335,2024-10-14,2024-10-14,parsed,FMVSS 214 SIDE IMPACT PROTECTION,IMPACTOR INTO VEHICLE,ITV,FMVSS214 SIDE MDB BARRIER IMPACT TEST,53.04,53.04,270,270,,,,,,unclassified,unclassified,0.0,0.0,[],[],[],{},{},"[""unclassified""]","{""angles_deg"": [90.0, 270.0], ""barrier_types"": [""mdb"", ""moving_deformable_barrier""], ""contractor_study_title"": ""FMVSS214 SIDE MDB BARRIER IMPACT TEST"", ""device_types"": [""mdb"", ""moving_deformable_barrier""], ""directions"": [""front"", ""frontal"", ""side""], ""overlaps_percent"": [], ""speeds_kmh"": [0.0, 53.04], ""test_configuration"": ""IMPACTOR INTO VEHICLE"", ""test_type"": ""FMVSS 214 SIDE IMPACT PROTECTION""}",,UNCLASSIFIED_MANUAL_RULE_REVIEW,,Group by physical mode and add targeted rules only after confirming evidence fields; do not broaden existing rules automatically.,test_summary,test_summary,$.results[0],93023b05e83c6b920b6c2a97f717aa20412f38b1edc8d0875987e08f5b5a70ec
unclassified,15400,45-6459,2025-01-30,2025-01-30,parsed,FMVSS 214 SIDE IMPACT PROTECTION,IMPACTOR INTO VEHICLE,ITV,FMVSS214 SIDE MDB BARRIER IMPACT TEST,53.11,53.11,270,270,0,0,,,,unclassified,unclassified,0.0,0.0,[],[],[],{},{},"[""unclassified""]","{""angles_deg"": [90.0, 270.0], ""barrier_types"": [""mdb"", ""moving_deformable_barrier""], ""contractor_study_title"": ""FMVSS214 SIDE MDB BARRIER IMPACT TEST"", ""device_types"": [""mdb"", ""moving_deformable_barrier""], ""directions"": [""side""], ""overlaps_percent"": [], ""speeds_kmh"": [0.0, 53.11], ""test_configuration"": ""IMPACTOR INTO VEHICLE"", ""test_type"": ""FMVSS 214 SIDE IMPACT PROTECTION""}",,UNCLASSIFIED_MANUAL_RULE_REVIEW,,Group by physical mode and add targeted rules only after confirming evidence fields; do not broaden existing rules automatically.,test_summary,test_summary,$.results[0],d21bbcaaa1cb1628c47d913be41fa486f17cfeaa4271afc48261672af7810a70
unclassified,15403,45-6398,2024-11-27,2024-11-27,parsed,FMVSS 214 SIDE IMPACT PROTECTION,IMPACTOR INTO VEHICLE,ITV,FMVSS214 SIDE MDB BARRIER IMPACT TEST,53.1,53.1,270,270,0,0,,,,unclassified,unclassified,0.0,0.0,[],[],[],{},{},"[""unclassified""]","{""angles_deg"": [90.0, 270.0], ""barrier_types"": [""mdb"", ""moving_deformable_barrier""], ""contractor_study_title"": ""FMVSS214 SIDE MDB BARRIER IMPACT TEST"", ""device_types"": [""mdb"", ""moving_deformable_barrier""], ""directions"": [""front"", ""frontal"", ""side""], ""overlaps_percent"": [], ""speeds_kmh"": [0.0, 53.1], ""test_configuration"": ""IMPACTOR INTO VEHICLE"", ""test_type"": ""FMVSS 214 SIDE IMPACT PROTECTION""}",,UNCLASSIFIED_MANUAL_RULE_REVIEW,,Group by physical mode and add targeted rules only after confirming evidence fields; do not broaden existing rules automatically.,test_summary,test_summary,$.results[0],150b8b7a0f9c34083756a094457d3e826de73abfd6765725c5c393790c785c04
